/* Generated by scripts/bdf2c.py from Spleen (BSD 2-Clause, see fonts.h). Do not edit. */
#include "fonts.h"

static const uint8_t font_6x12_data[1140] = {
    0x00, 0x00, 0x00, 0x00, 0x00, 0x00, 0x00, 0x00, 0x00, 0x00, 0x00, 0x00, 0x00, 0x20, 0x20, 0x20,
    0x20, 0x20, 0x20, 0x00, 0x20, 0x00, 0x00, 0x00, 0x00, 0x50, 0x50, 0x50, 0x00, 0x00, 0x00, 0x00,
    0x00, 0x00, 0x00, 0x00, 0x00, 0x00, 0x50, 0xf8, 0x50, 0x50, 0x50, 0xf8, 0x50, 0x00, 0x00, 0x00,
    0x20, 0x78, 0xa0, 0xa0, 0x70, 0x28, 0x28, 0x28, 0xf0, 0x20, 0x00, 0x00, 0x00, 0x08, 0x48, 0x50,
    0x10, 0x20, 0x28, 0x48, 0x40, 0x00, 0x00, 0x00, 0x00, 0x30, 0x48, 0x48, 0x30, 0x60, 0x94, 0x88,
    0x74, 0x00, 0x00, 0x00, 0x00, 0x20, 0x20, 0x20, 0x00, 0x00, 0x00, 0x00, 0x00, 0x00, 0x00, 0x00,
    0x18, 0x20, 0x40, 0x40, 0x40, 0x40, 0x40, 0x40, 0x20, 0x18, 0x00, 0x00, 0x60, 0x10, 0x08, 0x08,
    0x08, 0x08, 0x08, 0x08, 0x10, 0x60, 0x00, 0x00, 0x00, 0x00, 0x00, 0x48, 0x30, 0xfc, 0x30, 0x48,
    0x00, 0x00, 0x00, 0x00, 0x00, 0x00, 0x00, 0x20, 0x20, 0xf8, 0x20, 0x20, 0x00, 0x00, 0x00, 0x00,
    0x00, 0x00, 0x00, 0x00, 0x00, 0x00, 0x00, 0x20, 0x20, 0x40, 0x00, 0x00, 0x00, 0x00, 0x00, 0x00,
    0x00, 0xf8, 0x00, 0x00, 0x00, 0x00, 0x00, 0x00, 0x00, 0x00, 0x00, 0x00, 0x00, 0x00, 0x00, 0x00,
    0x20, 0x00, 0x00, 0x00, 0x08, 0x08, 0x10, 0x10, 0x20, 0x20, 0x40, 0x40, 0x80, 0x80, 0x00, 0x00,
    0x00, 0x70, 0x88, 0x98, 0xa8, 0xc8, 0x88, 0x88, 0x70, 0x00, 0x00, 0x00, 0x00, 0x20, 0x60, 0x20,
    0x20, 0x20, 0x20, 0x20, 0x70, 0x00, 0x00, 0x00, 0x00, 0x70, 0x88, 0x08, 0x08, 0x70, 0x80, 0x80,
    0xf8, 0x00, 0x00, 0x00, 0x00, 0x70, 0x88, 0x08, 0x30, 0x08, 0x08, 0x88, 0x70, 0x00, 0x00, 0x00,
    0x00, 0x80, 0x80, 0x90, 0x90, 0x90, 0xf8, 0x10, 0x10, 0x00, 0x00, 0x00, 0x00, 0xf8, 0x80, 0x80,
    0xf0, 0x08, 0x08, 0x08, 0xf0, 0x00, 0x00, 0x00, 0x00, 0x70, 0x80, 0x80, 0xf0, 0x88, 0x88, 0x88,
    0x70, 0x00, 0x00, 0x00, 0x00, 0xf8, 0x88, 0x08, 0x10, 0x20, 0x20, 0x20, 0x20, 0x00, 0x00, 0x00,
    0x00, 0x70, 0x88, 0x88, 0x70, 0x88, 0x88, 0x88, 0x70, 0x00, 0x00, 0x00, 0x00, 0x70, 0x88, 0x88,
    0x88, 0x78, 0x08, 0x08, 0x70, 0x00, 0x00, 0x00, 0x00, 0x00, 0x00, 0x00, 0x20, 0x00, 0x00, 0x00,
    0x20, 0x00, 0x00, 0x00, 0x00, 0x00, 0x00, 0x00, 0x20, 0x00, 0x00, 0x20, 0x20, 0x40, 0x00, 0x00,
    0x00, 0x08, 0x10, 0x20, 0x40, 0x40, 0x20, 0x10, 0x08, 0x00, 0x00, 0x00, 0x00, 0x00, 0x00, 0x00,
    0xf8, 0x00, 0xf8, 0x00, 0x00, 0x00, 0x00, 0x00, 0x00, 0x40, 0x20, 0x10, 0x08, 0x08, 0x10, 0x20,
    0x40, 0x00, 0x00, 0x00, 0x00, 0x70, 0x88, 0x08, 0x10, 0x20, 0x20, 0x00, 0x20, 0x00, 0x00, 0x00,
    0x00, 0x70, 0x88, 0x88, 0xb8, 0xb8, 0xb8, 0x80, 0x78, 0x00, 0x00, 0x00, 0x00, 0x70, 0x88, 0x88,
    0x88, 0xf8, 0x88, 0x88, 0x88, 0x00, 0x00, 0x00, 0x00, 0xf0, 0x88, 0x88, 0xf0, 0x88, 0x88, 0x88,
    0xf0, 0x00, 0x00, 0x00, 0x00, 0x78, 0x80, 0x80, 0x80, 0x80, 0x80, 0x80, 0x78, 0x00, 0x00, 0x00,
    0x00, 0xf0, 0x88, 0x88, 0x88, 0x88, 0x88, 0x88, 0xf0, 0x00, 0x00, 0x00, 0x00, 0x78, 0x80, 0x80,
    0xf0, 0x80, 0x80, 0x80, 0x78, 0x00, 0x00, 0x00, 0x00, 0x78, 0x80, 0x80, 0xf0, 0x80, 0x80, 0x80,
    0x80, 0x00, 0x00, 0x00, 0x00, 0x78, 0x80, 0x80, 0xb8, 0x88, 0x88, 0x88, 0x78, 0x00, 0x00, 0x00,
    0x00, 0x88, 0x88, 0x88, 0xf8, 0x88, 0x88, 0x88, 0x88, 0x00, 0x00, 0x00, 0x00, 0x70, 0x20, 0x20,
    0x20, 0x20, 0x20, 0x20, 0x70, 0x00, 0x00, 0x00, 0x00, 0x70, 0x20, 0x20, 0x20, 0x20, 0x20, 0x20,
    0xc0, 0x00, 0x00, 0x00, 0x00, 0x88, 0x88, 0x90, 0xe0, 0x90, 0x88, 0x88, 0x88, 0x00, 0x00, 0x00,
    0x00, 0x80, 0x80, 0x80, 0x80, 0x80, 0x80, 0x80, 0x78, 0x00, 0x00, 0x00, 0x00, 0x88, 0xd8, 0xf8,
    0xa8, 0x88, 0x88, 0x88, 0x88, 0x00, 0x00, 0x00, 0x00, 0x88, 0xc8, 0xc8, 0xa8, 0xa8, 0x98, 0x98,
    0x88, 0x00, 0x00, 0x00, 0x00, 0x70, 0x88, 0x88, 0x88, 0x88, 0x88, 0x88, 0x70, 0x00, 0x00, 0x00,
    0x00, 0xf0, 0x88, 0x88, 0x88, 0xf0, 0x80, 0x80, 0x80, 0x00, 0x00, 0x00, 0x00, 0x70, 0x88, 0x88,
    0x88, 0x88, 0x88, 0x88, 0x70, 0x18, 0x00, 0x00, 0x00, 0xf0, 0x88, 0x88, 0x88, 0xf0, 0x88, 0x88,
    0x88, 0x00, 0x00, 0x00, 0x00, 0x78, 0x80, 0x80, 0x70, 0x08, 0x08, 0x08, 0xf0, 0x00, 0x00, 0x00,
    0x00, 0xf8, 0x20, 0x20, 0x20, 0x20, 0x20, 0x20, 0x20, 0x00, 0x00, 0x00, 0x00, 0x88, 0x88, 0x88,
    0x88, 0x88, 0x88, 0x88, 0x78, 0x00, 0x00, 0x00, 0x00, 0x88, 0x88, 0x88, 0x88, 0x88, 0x88, 0x70,
    0x70, 0x00, 0x00, 0x00, 0x00, 0x88, 0x88, 0x88, 0x88, 0xa8, 0xf8, 0xd8, 0x88, 0x00, 0x00, 0x00,
    0x00, 0x88, 0x88, 0x50, 0x20, 0x50, 0x88, 0x88, 0x88, 0x00, 0x00, 0x00, 0x00, 0x88, 0x88, 0x88,
    0x88, 0x78, 0x08, 0x08, 0xf0, 0x00, 0x00, 0x00, 0x00, 0xf8, 0x08, 0x10, 0x20, 0x40, 0x80, 0x80,
    0xf8, 0x00, 0x00, 0x00, 0x78, 0x40, 0x40, 0x40, 0x40, 0x40, 0x40, 0x40, 0x40, 0x78, 0x00, 0x00,
    0x80, 0x80, 0x40, 0x40, 0x20, 0x20, 0x10, 0x10, 0x08, 0x08, 0x00, 0x00, 0x78, 0x08, 0x08, 0x08,
    0x08, 0x08, 0x08, 0x08, 0x08, 0x78, 0x00, 0x00, 0x00, 0x20, 0x50, 0x88, 0x00, 0x00, 0x00, 0x00,
    0x00, 0x00, 0x00, 0x00, 0x00, 0x00, 0x00, 0x00, 0x00, 0x00, 0x00, 0x00, 0x00, 0xf8, 0x00, 0x00,
    0x00, 0x40, 0x20, 0x10, 0x00, 0x00, 0x00, 0x00, 0x00, 0x00, 0x00, 0x00, 0x00, 0x00, 0x00, 0x70,
    0x08, 0x78, 0x88, 0x88, 0x78, 0x00, 0x00, 0x00, 0x00, 0x80, 0x80, 0xf0, 0x88, 0x88, 0x88, 0x88,
    0xf0, 0x00, 0x00, 0x00, 0x00, 0x00, 0x00, 0x78, 0x80, 0x80, 0x80, 0x80, 0x78, 0x00, 0x00, 0x00,
    0x00, 0x08, 0x08, 0x78, 0x88, 0x88, 0x88, 0x88, 0x78, 0x00, 0x00, 0x00, 0x00, 0x00, 0x00, 0x78,
    0x88, 0x88, 0xf8, 0x80, 0x78, 0x00, 0x00, 0x00, 0x00, 0x38, 0x40, 0x40, 0xf0, 0x40, 0x40, 0x40,
    0x40, 0x00, 0x00, 0x00, 0x00, 0x00, 0x00, 0x78, 0x88, 0x88, 0x88, 0x88, 0x70, 0x08, 0xf0, 0x00,
    0x00, 0x80, 0x80, 0xf0, 0x88, 0x88, 0x88, 0x88, 0x88, 0x00, 0x00, 0x00, 0x00, 0x20, 0x00, 0x60,
    0x20, 0x20, 0x20, 0x20, 0x30, 0x00, 0x00, 0x00, 0x00, 0x10, 0x00, 0x10, 0x10, 0x10, 0x10, 0x10,
    0x10, 0x60, 0x00, 0x00, 0x00, 0x80, 0x80, 0x90, 0xa0, 0xc0, 0xa0, 0x90, 0x88, 0x00, 0x00, 0x00,
    0x00, 0x40, 0x40, 0x40, 0x40, 0x40, 0x40, 0x40, 0x30, 0x00, 0x00, 0x00, 0x00, 0x00, 0x00, 0xf0,
    0xa8, 0xa8, 0xa8, 0x88, 0x88, 0x00, 0x00, 0x00, 0x00, 0x00, 0x00, 0xf0, 0x88, 0x88, 0x88, 0x88,
    0x88, 0x00, 0x00, 0x00, 0x00, 0x00, 0x00, 0x70, 0x88, 0x88, 0x88, 0x88, 0x70, 0x00, 0x00, 0x00,
    0x00, 0x00, 0x00, 0xf0, 0x88, 0x88, 0x88, 0x88, 0xf0, 0x80, 0x80, 0x80, 0x00, 0x00, 0x00, 0x78,
    0x88, 0x88, 0x88, 0x88, 0x78, 0x08, 0x08, 0x08, 0x00, 0x00, 0x00, 0x78, 0x88, 0x80, 0x80, 0x80,
    0x80, 0x00, 0x00, 0x00, 0x00, 0x00, 0x00, 0x78, 0x80, 0x70, 0x08, 0x08, 0xf0, 0x00, 0x00, 0x00,
    0x00, 0x40, 0x40, 0xe0, 0x40, 0x40, 0x40, 0x40, 0x30, 0x00, 0x00, 0x00, 0x00, 0x00, 0x00, 0x88,
    0x88, 0x88, 0x88, 0x88, 0x78, 0x00, 0x00, 0x00, 0x00, 0x00, 0x00, 0x88, 0x88, 0x88, 0x88, 0x50,
    0x20, 0x00, 0x00, 0x00, 0x00, 0x00, 0x00, 0x88, 0x88, 0xa8, 0xf8, 0xd8, 0x88, 0x00, 0x00, 0x00,
    0x00, 0x00, 0x00, 0x88, 0x88, 0x70, 0x70, 0x88, 0x88, 0x00, 0x00, 0x00, 0x00, 0x00, 0x00, 0x88,
    0x88, 0x88, 0x88, 0x88, 0x78, 0x08, 0x08, 0xf0, 0x00, 0x00, 0x00, 0xf8, 0x08, 0x10, 0x20, 0x40,
    0xf8, 0x00, 0x00, 0x00, 0x18, 0x20, 0x20, 0x20, 0xc0, 0xc0, 0x20, 0x20, 0x20, 0x18, 0x00, 0x00,
    0x20, 0x20, 0x20, 0x20, 0x20, 0x20, 0x20, 0x20, 0x20, 0x20, 0x00, 0x00, 0x60, 0x10, 0x10, 0x10,
    0x0c, 0x0c, 0x10, 0x10, 0x10, 0x60, 0x00, 0x00, 0x00, 0x00, 0x00, 0x00, 0x00, 0x48, 0xb0, 0x00,
    0x00, 0x00, 0x00, 0x00,
};

static const uint8_t font_8x16_data[1520] = {
    0x00, 0x00, 0x00, 0x00, 0x00, 0x00, 0x00, 0x00, 0x00, 0x00, 0x00, 0x00, 0x00, 0x00, 0x00, 0x00,
    0x00, 0x00, 0x18, 0x18, 0x18, 0x18, 0x18, 0x18, 0x18, 0x00, 0x18, 0x18, 0x00, 0x00, 0x00, 0x00,
    0x00, 0x66, 0x66, 0x66, 0x66, 0x00, 0x00, 0x00, 0x00, 0x00, 0x00, 0x00, 0x00, 0x00, 0x00, 0x00,
    0x00, 0x00, 0x6c, 0x6c, 0xfe, 0x6c, 0x6c, 0x6c, 0x6c, 0xfe, 0x6c, 0x6c, 0x00, 0x00, 0x00, 0x00,
    0x00, 0x10, 0x7e, 0xd0, 0xd0, 0xd0, 0x7c, 0x16, 0x16, 0x16, 0x16, 0xfc, 0x10, 0x00, 0x00, 0x00,
    0x00, 0x00, 0x06, 0x66, 0x6c, 0x0c, 0x18, 0x18, 0x30, 0x36, 0x66, 0x60, 0x00, 0x00, 0x00, 0x00,
    0x00, 0x00, 0x38, 0x6c, 0x6c, 0x6c, 0x38, 0x70, 0xda, 0xcc, 0xcc, 0x7a, 0x00, 0x00, 0x00, 0x00,
    0x00, 0x18, 0x18, 0x18, 0x18, 0x00, 0x00, 0x00, 0x00, 0x00, 0x00, 0x00, 0x00, 0x00, 0x00, 0x00,
    0x00, 0x0e, 0x18, 0x30, 0x30, 0x60, 0x60, 0x60, 0x60, 0x30, 0x30, 0x18, 0x0e, 0x00, 0x00, 0x00,
    0x00, 0x70, 0x18, 0x0c, 0x0c, 0x06, 0x06, 0x06, 0x06, 0x0c, 0x0c, 0x18, 0x70, 0x00, 0x00, 0x00,
    0x00, 0x00, 0x00, 0x00, 0x66, 0x3c, 0x18, 0xff, 0x18, 0x3c, 0x66, 0x00, 0x00, 0x00, 0x00, 0x00,
    0x00, 0x00, 0x00, 0x00, 0x00, 0x18, 0x18, 0x7e, 0x18, 0x18, 0x00, 0x00, 0x00, 0x00, 0x00, 0x00,
    0x00, 0x00, 0x00, 0x00, 0x00, 0x00, 0x00, 0x00, 0x00, 0x00, 0x18, 0x18, 0x30, 0x00, 0x00, 0x00,
    0x00, 0x00, 0x00, 0x00, 0x00, 0x00, 0x00, 0x7e, 0x00, 0x00, 0x00, 0x00, 0x00, 0x00, 0x00, 0x00,
    0x00, 0x00, 0x00, 0x00, 0x00, 0x00, 0x00, 0x00, 0x00, 0x00, 0x18, 0x18, 0x00, 0x00, 0x00, 0x00,
    0x00, 0x06, 0x06, 0x0c, 0x0c, 0x18, 0x18, 0x30, 0x30, 0x60, 0x60, 0xc0, 0xc0, 0x00, 0x00, 0x00,
    0x00, 0x00, 0x7c, 0xc6, 0xc6, 0xce, 0xde, 0xf6, 0xe6, 0xc6, 0xc6, 0x7c, 0x00, 0x00, 0x00, 0x00,
    0x00, 0x00, 0x18, 0x38, 0x78, 0x58, 0x18, 0x18, 0x18, 0x18, 0x18, 0x7e, 0x00, 0x00, 0x00, 0x00,
    0x00, 0x00, 0x7c, 0xc6, 0x06, 0x06, 0x0c, 0x18, 0x30, 0x60, 0xc6, 0xfe, 0x00, 0x00, 0x00, 0x00,
    0x00, 0x00, 0x7c, 0xc6, 0x06, 0x06, 0x3c, 0x06, 0x06, 0x06, 0xc6, 0x7c, 0x00, 0x00, 0x00, 0x00,
    0x00, 0x00, 0xc0, 0xc0, 0xcc, 0xcc, 0xcc, 0xcc, 0xfe, 0x0c, 0x0c, 0x0c, 0x00, 0x00, 0x00, 0x00,
    0x00, 0x00, 0xfe, 0xc6, 0xc0, 0xc0, 0xfc, 0x06, 0x06, 0x06, 0xc6, 0x7c, 0x00, 0x00, 0x00, 0x00,
    0x00, 0x00, 0x7c, 0xc6, 0xc0, 0xc0, 0xfc, 0xc6, 0xc6, 0xc6, 0xc6, 0x7c, 0x00, 0x00, 0x00, 0x00,
    0x00, 0x00, 0xfe, 0xc6, 0x06, 0x06, 0x0c, 0x18, 0x30, 0x30, 0x30, 0x30, 0x00, 0x00, 0x00, 0x00,
    0x00, 0x00, 0x7c, 0xc6, 0xc6, 0xc6, 0x7c, 0xc6, 0xc6, 0xc6, 0xc6, 0x7c, 0x00, 0x00, 0x00, 0x00,
    0x00, 0x00, 0x7c, 0xc6, 0xc6, 0xc6, 0xc6, 0x7e, 0x06, 0x06, 0xc6, 0x7c, 0x00, 0x00, 0x00, 0x00,
    0x00, 0x00, 0x00, 0x00, 0x00, 0x18, 0x18, 0x00, 0x00, 0x00, 0x18, 0x18, 0x00, 0x00, 0x00, 0x00,
    0x00, 0x00, 0x00, 0x00, 0x00, 0x18, 0x18, 0x00, 0x00, 0x00, 0x18, 0x18, 0x30, 0x00, 0x00, 0x00,
    0x00, 0x00, 0x06, 0x0c, 0x18, 0x30, 0x60, 0x60, 0x30, 0x18, 0x0c, 0x06, 0x00, 0x00, 0x00, 0x00,
    0x00, 0x00, 0x00, 0x00, 0x00, 0x7e, 0x00, 0x00, 0x7e, 0x00, 0x00, 0x00, 0x00, 0x00, 0x00, 0x00,
    0x00, 0x00, 0x60, 0x30, 0x18, 0x0c, 0x06, 0x06, 0x0c, 0x18, 0x30, 0x60, 0x00, 0x00, 0x00, 0x00,
    0x00, 0x00, 0x7c, 0xc6, 0x06, 0x0c, 0x18, 0x30, 0x30, 0x00, 0x30, 0x30, 0x00, 0x00, 0x00, 0x00,
    0x00, 0x00, 0x00, 0x7c, 0xc2, 0xda, 0xda, 0xda, 0xda, 0xde, 0xc0, 0x7c, 0x00, 0x00, 0x00, 0x00,
    0x00, 0x00, 0x7c, 0xc6, 0xc6, 0xc6, 0xfe, 0xc6, 0xc6, 0xc6, 0xc6, 0xc6, 0x00, 0x00, 0x00, 0x00,
    0x00, 0x00, 0xfc, 0xc6, 0xc6, 0xc6, 0xfc, 0xc6, 0xc6, 0xc6, 0xc6, 0xfc, 0x00, 0x00, 0x00, 0x00,
    0x00, 0x00, 0x7e, 0xc0, 0xc0, 0xc0, 0xc0, 0xc0, 0xc0, 0xc0, 0xc0, 0x7e, 0x00, 0x00, 0x00, 0x00,
    0x00, 0x00, 0xfc, 0xc6, 0xc6, 0xc6, 0xc6, 0xc6, 0xc6, 0xc6, 0xc6, 0xfc, 0x00, 0x00, 0x00, 0x00,
    0x00, 0x00, 0x7e, 0xc0, 0xc0, 0xc0, 0xf8, 0xc0, 0xc0, 0xc0, 0xc0, 0x7e, 0x00, 0x00, 0x00, 0x00,
    0x00, 0x00, 0x7e, 0xc0, 0xc0, 0xc0, 0xf8, 0xc0, 0xc0, 0xc0, 0xc0, 0xc0, 0x00, 0x00, 0x00, 0x00,
    0x00, 0x00, 0x7e, 0xc0, 0xc0, 0xc0, 0xde, 0xc6, 0xc6, 0xc6, 0xc6, 0x7e, 0x00, 0x00, 0x00, 0x00,
    0x00, 0x00, 0xc6, 0xc6, 0xc6, 0xc6, 0xfe, 0xc6, 0xc6, 0xc6, 0xc6, 0xc6, 0x00, 0x00, 0x00, 0x00,
    0x00, 0x00, 0x7e, 0x18, 0x18, 0x18, 0x18, 0x18, 0x18, 0x18, 0x18, 0x7e, 0x00, 0x00, 0x00, 0x00,
    0x00, 0x00, 0x7e, 0x18, 0x18, 0x18, 0x18, 0x18, 0x18, 0x18, 0x18, 0xf0, 0x00, 0x00, 0x00, 0x00,
    0x00, 0x00, 0xc6, 0xc6, 0xc6, 0xcc, 0xf8, 0xcc, 0xc6, 0xc6, 0xc6, 0xc6, 0x00, 0x00, 0x00, 0x00,
    0x00, 0x00, 0xc0, 0xc0, 0xc0, 0xc0, 0xc0, 0xc0, 0xc0, 0xc0, 0xc0, 0x7e, 0x00, 0x00, 0x00, 0x00,
    0x00, 0x00, 0xc6, 0xee, 0xfe, 0xd6, 0xc6, 0xc6, 0xc6, 0xc6, 0xc6, 0xc6, 0x00, 0x00, 0x00, 0x00,
    0x00, 0x00, 0xc6, 0xc6, 0xe6, 0xe6, 0xd6, 0xd6, 0xce, 0xce, 0xc6, 0xc6, 0x00, 0x00, 0x00, 0x00,
    0x00, 0x00, 0x7c, 0xc6, 0xc6, 0xc6, 0xc6, 0xc6, 0xc6, 0xc6, 0xc6, 0x7c, 0x00, 0x00, 0x00, 0x00,
    0x00, 0x00, 0xfc, 0xc6, 0xc6, 0xc6, 0xfc, 0xc0, 0xc0, 0xc0, 0xc0, 0xc0, 0x00, 0x00, 0x00, 0x00,
    0x00, 0x00, 0x7c, 0xc6, 0xc6, 0xc6, 0xc6, 0xc6, 0xc6, 0xd6, 0xd6, 0x7c, 0x18, 0x0c, 0x00, 0x00,
    0x00, 0x00, 0xfc, 0xc6, 0xc6, 0xc6, 0xfc, 0xc6, 0xc6, 0xc6, 0xc6, 0xc6, 0x00, 0x00, 0x00, 0x00,
    0x00, 0x00, 0x7e, 0xc0, 0xc0, 0xc0, 0x7c, 0x06, 0x06, 0x06, 0x06, 0xfc, 0x00, 0x00, 0x00, 0x00,
    0x00, 0x00, 0xff, 0x18, 0x18, 0x18, 0x18, 0x18, 0x18, 0x18, 0x18, 0x18, 0x00, 0x00, 0x00, 0x00,
    0x00, 0x00, 0xc6, 0xc6, 0xc6, 0xc6, 0xc6, 0xc6, 0xc6, 0xc6, 0xc6, 0x7e, 0x00, 0x00, 0x00, 0x00,
    0x00, 0x00, 0xc6, 0xc6, 0xc6, 0xc6, 0xc6, 0xc6, 0xc6, 0x6c, 0x38, 0x10, 0x00, 0x00, 0x00, 0x00,
    0x00, 0x00, 0xc6, 0xc6, 0xc6, 0xc6, 0xc6, 0xc6, 0xd6, 0xfe, 0xee, 0xc6, 0x00, 0x00, 0x00, 0x00,
    0x00, 0x00, 0xc6, 0xc6, 0xc6, 0x6c, 0x38, 0x6c, 0xc6, 0xc6, 0xc6, 0xc6, 0x00, 0x00, 0x00, 0x00,
    0x00, 0x00, 0xc6, 0xc6, 0xc6, 0xc6, 0x7e, 0x06, 0x06, 0x06, 0x06, 0xfc, 0x00, 0x00, 0x00, 0x00,
    0x00, 0x00, 0xfe, 0x06, 0x06, 0x0c, 0x18, 0x30, 0x60, 0xc0, 0xc0, 0xfe, 0x00, 0x00, 0x00, 0x00,
    0x00, 0x3e, 0x30, 0x30, 0x30, 0x30, 0x30, 0x30, 0x30, 0x30, 0x30, 0x30, 0x3e, 0x00, 0x00, 0x00,
    0x00, 0xc0, 0xc0, 0x60, 0x60, 0x30, 0x30, 0x18, 0x18, 0x0c, 0x0c, 0x06, 0x06, 0x00, 0x00, 0x00,
    0x00, 0x7c, 0x0c, 0x0c, 0x0c, 0x0c, 0x0c, 0x0c, 0x0c, 0x0c, 0x0c, 0x0c, 0x7c, 0x00, 0x00, 0x00,
    0x00, 0x10, 0x38, 0x6c, 0xc6, 0x00, 0x00, 0x00, 0x00, 0x00, 0x00, 0x00, 0x00, 0x00, 0x00, 0x00,
    0x00, 0x00, 0x00, 0x00, 0x00, 0x00, 0x00, 0x00, 0x00, 0x00, 0x00, 0x00, 0x00, 0x00, 0xfe, 0x00,
    0x00, 0x30, 0x18, 0x0c, 0x00, 0x00, 0x00, 0x00, 0x00, 0x00, 0x00, 0x00, 0x00, 0x00, 0x00, 0x00,
    0x00, 0x00, 0x00, 0x00, 0x00, 0x7c, 0x06, 0x7e, 0xc6, 0xc6, 0xc6, 0x7e, 0x00, 0x00, 0x00, 0x00,
    0x00, 0x00, 0xc0, 0xc0, 0xc0, 0xfc, 0xc6, 0xc6, 0xc6, 0xc6, 0xc6, 0xfc, 0x00, 0x00, 0x00, 0x00,
    0x00, 0x00, 0x00, 0x00, 0x00, 0x7e, 0xc0, 0xc0, 0xc0, 0xc0, 0xc0, 0x7e, 0x00, 0x00, 0x00, 0x00,
    0x00, 0x00, 0x06, 0x06, 0x06, 0x7e, 0xc6, 0xc6, 0xc6, 0xc6, 0xc6, 0x7e, 0x00, 0x00, 0x00, 0x00,
    0x00, 0x00, 0x00, 0x00, 0x00, 0x7e, 0xc6, 0xc6, 0xfe, 0xc0, 0xc0, 0x7e, 0x00, 0x00, 0x00, 0x00,
    0x00, 0x00, 0x1e, 0x30, 0x30, 0x30, 0x7c, 0x30, 0x30, 0x30, 0x30, 0x30, 0x00, 0x00, 0x00, 0x00,
    0x00, 0x00, 0x00, 0x00, 0x00, 0x7e, 0xc6, 0xc6, 0xc6, 0xc6, 0xc6, 0x7c, 0x06, 0x06, 0xfc, 0x00,
    0x00, 0x00, 0xc0, 0xc0, 0xc0, 0xfc, 0xc6, 0xc6, 0xc6, 0xc6, 0xc6, 0xc6, 0x00, 0x00, 0x00, 0x00,
    0x00, 0x00, 0x18, 0x18, 0x00, 0x38, 0x18, 0x18, 0x18, 0x18, 0x18, 0x1c, 0x00, 0x00, 0x00, 0x00,
    0x00, 0x00, 0x18, 0x18, 0x00, 0x18, 0x18, 0x18, 0x18, 0x18, 0x18, 0x18, 0x18, 0x18, 0x70, 0x00,
    0x00, 0x00, 0xc0, 0xc0, 0xc0, 0xcc, 0xd8, 0xf0, 0xf0, 0xd8, 0xcc, 0xc6, 0x00, 0x00, 0x00, 0x00,
    0x00, 0x00, 0x30, 0x30, 0x30, 0x30, 0x30, 0x30, 0x30, 0x30, 0x30, 0x1c, 0x00, 0x00, 0x00, 0x00,
    0x00, 0x00, 0x00, 0x00, 0x00, 0xec, 0xd6, 0xd6, 0xd6, 0xd6, 0xc6, 0xc6, 0x00, 0x00, 0x00, 0x00,
    0x00, 0x00, 0x00, 0x00, 0x00, 0xfc, 0xc6, 0xc6, 0xc6, 0xc6, 0xc6, 0xc6, 0x00, 0x00, 0x00, 0x00,
    0x00, 0x00, 0x00, 0x00, 0x00, 0x7c, 0xc6, 0xc6, 0xc6, 0xc6, 0xc6, 0x7c, 0x00, 0x00, 0x00, 0x00,
    0x00, 0x00, 0x00, 0x00, 0x00, 0xfc, 0xc6, 0xc6, 0xc6, 0xc6, 0xc6, 0xfc, 0xc0, 0xc0, 0xc0, 0x00,
    0x00, 0x00, 0x00, 0x00, 0x00, 0x7e, 0xc6, 0xc6, 0xc6, 0xc6, 0xc6, 0x7e, 0x06, 0x06, 0x06, 0x00,
    0x00, 0x00, 0x00, 0x00, 0x00, 0x7e, 0xc6, 0xc0, 0xc0, 0xc0, 0xc0, 0xc0, 0x00, 0x00, 0x00, 0x00,
    0x00, 0x00, 0x00, 0x00, 0x00, 0x7e, 0xc0, 0xc0, 0x7c, 0x06, 0x06, 0xfc, 0x00, 0x00, 0x00, 0x00,
    0x00, 0x00, 0x30, 0x30, 0x30, 0x7c, 0x30, 0x30, 0x30, 0x30, 0x30, 0x1e, 0x00, 0x00, 0x00, 0x00,
    0x00, 0x00, 0x00, 0x00, 0x00, 0xc6, 0xc6, 0xc6, 0xc6, 0xc6, 0xc6, 0x7e, 0x00, 0x00, 0x00, 0x00,
    0x00, 0x00, 0x00, 0x00, 0x00, 0xc6, 0xc6, 0xc6, 0xc6, 0x6c, 0x38, 0x10, 0x00, 0x00, 0x00, 0x00,
    0x00, 0x00, 0x00, 0x00, 0x00, 0xc6, 0xc6, 0xd6, 0xd6, 0xd6, 0xd6, 0x6e, 0x00, 0x00, 0x00, 0x00,
    0x00, 0x00, 0x00, 0x00, 0x00, 0xc6, 0x6c, 0x38, 0x38, 0x6c, 0xc6, 0xc6, 0x00, 0x00, 0x00, 0x00,
    0x00, 0x00, 0x00, 0x00, 0x00, 0xc6, 0xc6, 0xc6, 0xc6, 0xc6, 0xc6, 0x7e, 0x06, 0x06, 0xfc, 0x00,
    0x00, 0x00, 0x00, 0x00, 0x00, 0xfe, 0x06, 0x0c, 0x18, 0x30, 0x60, 0xfe, 0x00, 0x00, 0x00, 0x00,
    0x00, 0x0e, 0x18, 0x18, 0x18, 0x18, 0x70, 0x70, 0x18, 0x18, 0x18, 0x18, 0x0e, 0x00, 0x00, 0x00,
    0x00, 0x18, 0x18, 0x18, 0x18, 0x18, 0x18, 0x18, 0x18, 0x18, 0x18, 0x18, 0x18, 0x00, 0x00, 0x00,
    0x00, 0x70, 0x18, 0x18, 0x18, 0x18, 0x0e, 0x0e, 0x18, 0x18, 0x18, 0x18, 0x70, 0x00, 0x00, 0x00,
    0x00, 0x00, 0x00, 0x00, 0x00, 0x00, 0x32, 0x7e, 0x4c, 0x00, 0x00, 0x00, 0x00, 0x00, 0x00, 0x00,
};

static const uint8_t font_12x24_data[4560] = {
    0x00, 0x00, 0x00, 0x00, 0x00, 0x00, 0x00, 0x00, 0x00, 0x00, 0x00, 0x00, 0x00, 0x00, 0x00, 0x00,
    0x00, 0x00, 0x00, 0x00, 0x00, 0x00, 0x00, 0x00, 0x00, 0x00, 0x00, 0x00, 0x00, 0x00, 0x00, 0x00,
    0x00, 0x00, 0x00, 0x00, 0x00, 0x00, 0x00, 0x00, 0x00, 0x00, 0x00, 0x00, 0x00, 0x00, 0x00, 0x00,
    0x00, 0x00, 0x00, 0x00, 0x00, 0x00, 0x00, 0x00, 0x06, 0x00, 0x06, 0x00, 0x06, 0x00, 0x06, 0x00,
    0x06, 0x00, 0x06, 0x00, 0x06, 0x00, 0x06, 0x00, 0x06, 0x00, 0x06, 0x00, 0x06, 0x00, 0x00, 0x00,
    0x00, 0x00, 0x06, 0x00, 0x06, 0x00, 0x00, 0x00, 0x00, 0x00, 0x00, 0x00, 0x00, 0x00, 0x00, 0x00,
    0x00, 0x00, 0x00, 0x00, 0x30, 0xc0, 0x30, 0xc0, 0x30, 0xc0, 0x30, 0xc0, 0x30, 0xc0, 0x30, 0xc0,
    0x30, 0xc0, 0x00, 0x00, 0x00, 0x00, 0x00, 0x00, 0x00, 0x00, 0x00, 0x00, 0x00, 0x00, 0x00, 0x00,
    0x00, 0x00, 0x00, 0x00, 0x00, 0x00, 0x00, 0x00, 0x00, 0x00, 0x00, 0x00, 0x00, 0x00, 0x00, 0x00,
    0x00, 0x00, 0x00, 0x00, 0x00, 0x00, 0x00, 0x00, 0x30, 0xc0, 0x30, 0xc0, 0x30, 0xc0, 0x7f, 0xe0,
    0x30, 0xc0, 0x30, 0xc0, 0x30, 0xc0, 0x30, 0xc0, 0x30, 0xc0, 0x30, 0xc0, 0x30, 0xc0, 0x7f, 0xe0,
    0x30, 0xc0, 0x30, 0xc0, 0x30, 0xc0, 0x00, 0x00, 0x00, 0x00, 0x00, 0x00, 0x00, 0x00, 0x00, 0x00,
    0x00, 0x00, 0x00, 0x00, 0x06, 0x00, 0x06, 0x00, 0x1f, 0xe0, 0x36, 0x00, 0x66, 0x00, 0x66, 0x00,
    0x66, 0x00, 0x66, 0x00, 0x36, 0x00, 0x1f, 0x80, 0x06, 0xc0, 0x06, 0x60, 0x06, 0x60, 0x06, 0x60,
    0x06, 0x60, 0x06, 0xc0, 0x7f, 0x80, 0x06, 0x00, 0x06, 0x00, 0x00, 0x00, 0x00, 0x00, 0x00, 0x00,
    0x00, 0x00, 0x00, 0x00, 0x00, 0x00, 0x00, 0x00, 0x00, 0x00, 0x00, 0xc0, 0x38, 0xc0, 0x6d, 0x80,
    0x6d, 0x80, 0x3b, 0x00, 0x03, 0x00, 0x06, 0x00, 0x06, 0x00, 0x0c, 0x00, 0x0d, 0xc0, 0x1b, 0x60,
    0x1b, 0x60, 0x31, 0xc0, 0x30, 0x00, 0x00, 0x00, 0x00, 0x00, 0x00, 0x00, 0x00, 0x00, 0x00, 0x00,
    0x00, 0x00, 0x00, 0x00, 0x00, 0x00, 0x00, 0x00, 0x0f, 0x00, 0x19, 0x80, 0x30, 0xc0, 0x30, 0xc0,
    0x30, 0xc0, 0x30, 0xc0, 0x19, 0x80, 0x0f, 0x00, 0x33, 0x00, 0x61, 0xa0, 0x60, 0xe0, 0x60, 0xc0,
    0x60, 0xc0, 0x31, 0xe0, 0x1f, 0x30, 0x00, 0x00, 0x00, 0x00, 0x00, 0x00, 0x00, 0x00, 0x00, 0x00,
    0x00, 0x00, 0x00, 0x00, 0x06, 0x00, 0x06, 0x00, 0x06, 0x00, 0x06, 0x00, 0x06, 0x00, 0x06, 0x00,
    0x06, 0x00, 0x00, 0x00, 0x00, 0x00, 0x00, 0x00, 0x00, 0x00, 0x00, 0x00, 0x00, 0x00, 0x00, 0x00,
    0x00, 0x00, 0x00, 0x00, 0x00, 0x00, 0x00, 0x00, 0x00, 0x00, 0x00, 0x00, 0x00, 0x00, 0x00, 0x00,
    0x00, 0x00, 0x00, 0x00, 0x00, 0xe0, 0x01, 0x80, 0x03, 0x00, 0x06, 0x00, 0x0c, 0x00, 0x0c, 0x00,
    0x18, 0x00, 0x18, 0x00, 0x18, 0x00, 0x18, 0x00, 0x18, 0x00, 0x18, 0x00, 0x18, 0x00, 0x18, 0x00,
    0x0c, 0x00, 0x0c, 0x00, 0x06, 0x00, 0x03, 0x00, 0x01, 0x80, 0x00, 0xe0, 0x00, 0x00, 0x00, 0x00,
    0x00, 0x00, 0x00, 0x00, 0x70, 0x00, 0x18, 0x00, 0x0c, 0x00, 0x06, 0x00, 0x03, 0x00, 0x03, 0x00,
    0x01, 0x80, 0x01, 0x80, 0x01, 0x80, 0x01, 0x80, 0x01, 0x80, 0x01, 0x80, 0x01, 0x80, 0x01, 0x80,
    0x03, 0x00, 0x03, 0x00, 0x06, 0x00, 0x0c, 0x00, 0x18, 0x00, 0x70, 0x00, 0x00, 0x00, 0x00, 0x00,
    0x00, 0x00, 0x00, 0x00, 0x00, 0x00, 0x00, 0x00, 0x00, 0x00, 0x00, 0x00, 0x00, 0x00, 0x00, 0x00,
    0x30, 0xc0, 0x19, 0x80, 0x0f, 0x00, 0x06, 0x00, 0x7f, 0xe0, 0x06, 0x00, 0x0f, 0x00, 0x19, 0x80,
    0x30, 0xc0, 0x00, 0x00, 0x00, 0x00, 0x00, 0x00, 0x00, 0x00, 0x00, 0x00, 0x00, 0x00, 0x00, 0x00,
    0x00, 0x00, 0x00, 0x00, 0x00, 0x00, 0x00, 0x00, 0x00, 0x00, 0x00, 0x00, 0x00, 0x00, 0x00, 0x00,
    0x00, 0x00, 0x06, 0x00, 0x06, 0x00, 0x06, 0x00, 0x3f, 0xc0, 0x06, 0x00, 0x06, 0x00, 0x06, 0x00,
    0x00, 0x00, 0x00, 0x00, 0x00, 0x00, 0x00, 0x00, 0x00, 0x00, 0x00, 0x00, 0x00, 0x00, 0x00, 0x00,
    0x00, 0x00, 0x00, 0x00, 0x00, 0x00, 0x00, 0x00, 0x00, 0x00, 0x00, 0x00, 0x00, 0x00, 0x00, 0x00,
    0x00, 0x00, 0x00, 0x00, 0x00, 0x00, 0x00, 0x00, 0x00, 0x00, 0x00, 0x00, 0x00, 0x00, 0x00, 0x00,
    0x06, 0x00, 0x06, 0x00, 0x06, 0x00, 0x0c, 0x00, 0x18, 0x00, 0x00, 0x00, 0x00, 0x00, 0x00, 0x00,
    0x00, 0x00, 0x00, 0x00, 0x00, 0x00, 0x00, 0x00, 0x00, 0x00, 0x00, 0x00, 0x00, 0x00, 0x00, 0x00,
    0x00, 0x00, 0x00, 0x00, 0x00, 0x00, 0x00, 0x00, 0x3f, 0xc0, 0x00, 0x00, 0x00, 0x00, 0x00, 0x00,
    0x00, 0x00, 0x00, 0x00, 0x00, 0x00, 0x00, 0x00, 0x00, 0x00, 0x00, 0x00, 0x00, 0x00, 0x00, 0x00,
    0x00, 0x00, 0x00, 0x00, 0x00, 0x00, 0x00, 0x00, 0x00, 0x00, 0x00, 0x00, 0x00, 0x00, 0x00, 0x00,
    0x00, 0x00, 0x00, 0x00, 0x00, 0x00, 0x00, 0x00, 0x00, 0x00, 0x00, 0x00, 0x00, 0x00, 0x00, 0x00,
    0x00, 0x00, 0x06, 0x00, 0x06, 0x00, 0x00, 0x00, 0x00, 0x00, 0x00, 0x00, 0x00, 0x00, 0x00, 0x00,
    0x00, 0x00, 0x00, 0x00, 0x00, 0x30, 0x00, 0x30, 0x00, 0x60, 0x00, 0x60, 0x00, 0xc0, 0x00, 0xc0,
    0x01, 0x80, 0x01, 0x80, 0x03, 0x00, 0x03, 0x00, 0x06, 0x00, 0x06, 0x00, 0x0c, 0x00, 0x0c, 0x00,
    0x18, 0x00, 0x18, 0x00, 0x30, 0x00, 0x30, 0x00, 0x60, 0x00, 0x60, 0x00, 0x00, 0x00, 0x00, 0x00,
    0x00, 0x00, 0x00, 0x00, 0x00, 0x00, 0x00, 0x00, 0x1f, 0x80, 0x30, 0xc0, 0x60, 0x60, 0x60, 0x60,
    0x60, 0xe0, 0x61, 0xe0, 0x63, 0x60, 0x66, 0x60, 0x6c, 0x60, 0x78, 0x60, 0x70, 0x60, 0x60, 0x60,
    0x60, 0x60, 0x30, 0xc0, 0x1f, 0x80, 0x00, 0x00, 0x00, 0x00, 0x00, 0x00, 0x00, 0x00, 0x00, 0x00,
    0x00, 0x00, 0x00, 0x00, 0x00, 0x00, 0x00, 0x00, 0x0e, 0x00, 0x1e, 0x00, 0x36, 0x00, 0x26, 0x00,
    0x06, 0x00, 0x06, 0x00, 0x06, 0x00, 0x06, 0x00, 0x06, 0x00, 0x06, 0x00, 0x06, 0x00, 0x06, 0x00,
    0x06, 0x00, 0x06, 0x00, 0x3f, 0xc0, 0x00, 0x00, 0x00, 0x00, 0x00, 0x00, 0x00, 0x00, 0x00, 0x00,
    0x00, 0x00, 0x00, 0x00, 0x00, 0x00, 0x00, 0x00, 0x1f, 0x80, 0x30, 0xc0, 0x60, 0x60, 0x00, 0x60,
    0x00, 0x60, 0x00, 0x60, 0x00, 0xc0, 0x01, 0x80, 0x03, 0x00, 0x06, 0x00, 0x0c, 0x00, 0x18, 0x00,
    0x30, 0x00, 0x60, 0x60, 0x7f, 0xe0, 0x00, 0x00, 0x00, 0x00, 0x00, 0x00, 0x00, 0x00, 0x00, 0x00,
    0x00, 0x00, 0x00, 0x00, 0x00, 0x00, 0x00, 0x00, 0x1f, 0x80, 0x30, 0xc0, 0x60, 0x60, 0x00, 0x60,
    0x00, 0x60, 0x00, 0xc0, 0x0f, 0x80, 0x00, 0xc0, 0x00, 0x60, 0x00, 0x60, 0x00, 0x60, 0x00, 0x60,
    0x60, 0x60, 0x30, 0xc0, 0x1f, 0x80, 0x00, 0x00, 0x00, 0x00, 0x00, 0x00, 0x00, 0x00, 0x00, 0x00,
    0x00, 0x00, 0x00, 0x00, 0x00, 0x00, 0x00, 0x00, 0x60, 0x00, 0x60, 0x00, 0x60, 0x00, 0x61, 0x80,
    0x61, 0x80, 0x61, 0x80, 0x61, 0x80, 0x61, 0x80, 0x61, 0x80, 0x61, 0x80, 0x7f, 0xe0, 0x01, 0x80,
    0x01, 0x80, 0x01, 0x80, 0x01, 0x80, 0x00, 0x00, 0x00, 0x00, 0x00, 0x00, 0x00, 0x00, 0x00, 0x00,
    0x00, 0x00, 0x00, 0x00, 0x00, 0x00, 0x00, 0x00, 0x7f, 0xe0, 0x60, 0x60, 0x60, 0x00, 0x60, 0x00,
    0x60, 0x00, 0x60, 0x00, 0x7f, 0x80, 0x00, 0xc0, 0x00, 0x60, 0x00, 0x60, 0x00, 0x60, 0x00, 0x60,
    0x60, 0x60, 0x30, 0xc0, 0x1f, 0x80, 0x00, 0x00, 0x00, 0x00, 0x00, 0x00, 0x00, 0x00, 0x00, 0x00,
    0x00, 0x00, 0x00, 0x00, 0x00, 0x00, 0x00, 0x00, 0x1f, 0xc0, 0x30, 0x60, 0x60, 0x00, 0x60, 0x00,
    0x60, 0x00, 0x60, 0x00, 0x7f, 0x80, 0x60, 0xc0, 0x60, 0x60, 0x60, 0x60, 0x60, 0x60, 0x60, 0x60,
    0x60, 0x60, 0x30, 0xc0, 0x1f, 0x80, 0x00, 0x00, 0x00, 0x00, 0x00, 0x00, 0x00, 0x00, 0x00, 0x00,
    0x00, 0x00, 0x00, 0x00, 0x00, 0x00, 0x00, 0x00, 0x7f, 0xe0, 0x60, 0x60, 0x00, 0x60, 0x00, 0x60,
    0x00, 0x60, 0x00, 0xc0, 0x01, 0x80, 0x03, 0x00, 0x06, 0x00, 0x0c, 0x00, 0x0c, 0x00, 0x0c, 0x00,
    0x0c, 0x00, 0x0c, 0x00, 0x0c, 0x00, 0x00, 0x00, 0x00, 0x00, 0x00, 0x00, 0x00, 0x00, 0x00, 0x00,
    0x00, 0x00, 0x00, 0x00, 0x00, 0x00, 0x00, 0x00, 0x1f, 0x80, 0x30, 0xc0, 0x60, 0x60, 0x60, 0x60,
    0x60, 0x60, 0x30, 0xc0, 0x1f, 0x80, 0x30, 0xc0, 0x60, 0x60, 0x60, 0x60, 0x60, 0x60, 0x60, 0x60,
    0x60, 0x60, 0x30, 0xc0, 0x1f, 0x80, 0x00, 0x00, 0x00, 0x00, 0x00, 0x00, 0x00, 0x00, 0x00, 0x00,
    0x00, 0x00, 0x00, 0x00, 0x00, 0x00, 0x00, 0x00, 0x1f, 0x80, 0x30, 0xc0, 0x60, 0x60, 0x60, 0x60,
    0x60, 0x60, 0x60, 0x60, 0x60, 0x60, 0x30, 0x60, 0x1f, 0xe0, 0x00, 0x60, 0x00, 0x60, 0x00, 0x60,
    0x00, 0x60, 0x60, 0xc0, 0x3f, 0x80, 0x00, 0x00, 0x00, 0x00, 0x00, 0x00, 0x00, 0x00, 0x00, 0x00,
    0x00, 0x00, 0x00, 0x00, 0x00, 0x00, 0x00, 0x00, 0x00, 0x00, 0x00, 0x00, 0x00, 0x00, 0x00, 0x00,
    0x00, 0x00, 0x00, 0x00, 0x06, 0x00, 0x06, 0x00, 0x00, 0x00, 0x00, 0x00, 0x00, 0x00, 0x00, 0x00,
    0x00, 0x00, 0x06, 0x00, 0x06, 0x00, 0x00, 0x00, 0x00, 0x00, 0x00, 0x00, 0x00, 0x00, 0x00, 0x00,
    0x00, 0x00, 0x00, 0x00, 0x00, 0x00, 0x00, 0x00, 0x00, 0x00, 0x00, 0x00, 0x00, 0x00, 0x00, 0x00,
    0x00, 0x00, 0x00, 0x00, 0x06, 0x00, 0x06, 0x00, 0x00, 0x00, 0x00, 0x00, 0x00, 0x00, 0x00, 0x00,
    0x06, 0x00, 0x06, 0x00, 0x06, 0x00, 0x0c, 0x00, 0x18, 0x00, 0x00, 0x00, 0x00, 0x00, 0x00, 0x00,
    0x00, 0x00, 0x00, 0x00, 0x00, 0x00, 0x00, 0x00, 0x00, 0xc0, 0x01, 0x80, 0x03, 0x00, 0x06, 0x00,
    0x0c, 0x00, 0x18, 0x00, 0x30, 0x00, 0x60, 0x00, 0x30, 0x00, 0x18, 0x00, 0x0c, 0x00, 0x06, 0x00,
    0x03, 0x00, 0x01, 0x80, 0x00, 0xc0, 0x00, 0x00, 0x00, 0x00, 0x00, 0x00, 0x00, 0x00, 0x00, 0x00,
    0x00, 0x00, 0x00, 0x00, 0x00, 0x00, 0x00, 0x00, 0x00, 0x00, 0x00, 0x00, 0x00, 0x00, 0x00, 0x00,
    0x00, 0x00, 0x7f, 0xe0, 0x00, 0x00, 0x00, 0x00, 0x00, 0x00, 0x00, 0x00, 0x7f, 0xe0, 0x00, 0x00,
    0x00, 0x00, 0x00, 0x00, 0x00, 0x00, 0x00, 0x00, 0x00, 0x00, 0x00, 0x00, 0x00, 0x00, 0x00, 0x00,
    0x00, 0x00, 0x00, 0x00, 0x00, 0x00, 0x00, 0x00, 0x30, 0x00, 0x18, 0x00, 0x0c, 0x00, 0x06, 0x00,
    0x03, 0x00, 0x01, 0x80, 0x00, 0xc0, 0x00, 0x60, 0x00, 0xc0, 0x01, 0x80, 0x03, 0x00, 0x06, 0x00,
    0x0c, 0x00, 0x18, 0x00, 0x30, 0x00, 0x00, 0x00, 0x00, 0x00, 0x00, 0x00, 0x00, 0x00, 0x00, 0x00,
    0x00, 0x00, 0x00, 0x00, 0x00, 0x00, 0x00, 0x00, 0x1f, 0x80, 0x30, 0xc0, 0x60, 0x60, 0x00, 0x60,
    0x00, 0x60, 0x00, 0xc0, 0x01, 0x80, 0x03, 0x00, 0x06, 0x00, 0x06, 0x00, 0x06, 0x00, 0x00, 0x00,
    0x00, 0x00, 0x06, 0x00, 0x06, 0x00, 0x00, 0x00, 0x00, 0x00, 0x00, 0x00, 0x00, 0x00, 0x00, 0x00,
    0x00, 0x00, 0x00, 0x00, 0x00, 0x00, 0x00, 0x00, 0x00, 0x00, 0x1f, 0x80, 0x30, 0xc0, 0x60, 0x60,
    0x60, 0x60, 0x67, 0x60, 0x67, 0x60, 0x67, 0x60, 0x67, 0x60, 0x67, 0x60, 0x67, 0x60, 0x67, 0xe0,
    0x60, 0x00, 0x30, 0x00, 0x1f, 0xc0, 0x00, 0x00, 0x00, 0x00, 0x00, 0x00, 0x00, 0x00, 0x00, 0x00,
    0x00, 0x00, 0x00, 0x00, 0x00, 0x00, 0x00, 0x00, 0x1f, 0x80, 0x30, 0xc0, 0x60, 0x60, 0x60, 0x60,
    0x60, 0x60, 0x60, 0x60, 0x60, 0x60, 0x7f, 0xe0, 0x60, 0x60, 0x60, 0x60, 0x60, 0x60, 0x60, 0x60,
    0x60, 0x60, 0x60, 0x60, 0x60, 0x60, 0x00, 0x00, 0x00, 0x00, 0x00, 0x00, 0x00, 0x00, 0x00, 0x00,
    0x00, 0x00, 0x00, 0x00, 0x00, 0x00, 0x00, 0x00, 0x7f, 0x80, 0x60, 0xc0, 0x60, 0x60, 0x60, 0x60,
    0x60, 0x60, 0x60, 0x60, 0x60, 0xc0, 0x7f, 0x80, 0x60, 0xc0, 0x60, 0x60, 0x60, 0x60, 0x60, 0x60,
    0x60, 0x60, 0x60, 0xc0, 0x7f, 0x80, 0x00, 0x00, 0x00, 0x00, 0x00, 0x00, 0x00, 0x00, 0x00, 0x00,
    0x00, 0x00, 0x00, 0x00, 0x00, 0x00, 0x00, 0x00, 0x1f, 0xe0, 0x30, 0x00, 0x60, 0x00, 0x60, 0x00,
    0x60, 0x00, 0x60, 0x00, 0x60, 0x00, 0x60, 0x00, 0x60, 0x00, 0x60, 0x00, 0x60, 0x00, 0x60, 0x00,
    0x60, 0x00, 0x30, 0x00, 0x1f, 0xe0, 0x00, 0x00, 0x00, 0x00, 0x00, 0x00, 0x00, 0x00, 0x00, 0x00,
    0x00, 0x00, 0x00, 0x00, 0x00, 0x00, 0x00, 0x00, 0x7f, 0x80, 0x60, 0xc0, 0x60, 0x60, 0x60, 0x60,
    0x60, 0x60, 0x60, 0x60, 0x60, 0x60, 0x60, 0x60, 0x60, 0x60, 0x60, 0x60, 0x60, 0x60, 0x60, 0x60,
    0x60, 0x60, 0x60, 0xc0, 0x7f, 0x80, 0x00, 0x00, 0x00, 0x00, 0x00, 0x00, 0x00, 0x00, 0x00, 0x00,
    0x00, 0x00, 0x00, 0x00, 0x00, 0x00, 0x00, 0x00, 0x1f, 0xe0, 0x30, 0x00, 0x60, 0x00, 0x60, 0x00,
    0x60, 0x00, 0x60, 0x00, 0x60, 0x00, 0x7f, 0x80, 0x60, 0x00, 0x60, 0x00, 0x60, 0x00, 0x60, 0x00,
    0x60, 0x00, 0x30, 0x00, 0x1f, 0xe0, 0x00, 0x00, 0x00, 0x00, 0x00, 0x00, 0x00, 0x00, 0x00, 0x00,
    0x00, 0x00, 0x00, 0x00, 0x00, 0x00, 0x00, 0x00, 0x1f, 0xe0, 0x30, 0x00, 0x60, 0x00, 0x60, 0x00,
    0x60, 0x00, 0x60, 0x00, 0x60, 0x00, 0x7f, 0x80, 0x60, 0x00, 0x60, 0x00, 0x60, 0x00, 0x60, 0x00,
    0x60, 0x00, 0x60, 0x00, 0x60, 0x00, 0x00, 0x00, 0x00, 0x00, 0x00, 0x00, 0x00, 0x00, 0x00, 0x00,
    0x00, 0x00, 0x00, 0x00, 0x00, 0x00, 0x00, 0x00, 0x1f, 0xe0, 0x30, 0x00, 0x60, 0x00, 0x60, 0x00,
    0x60, 0x00, 0x60, 0x00, 0x60, 0x00, 0x63, 0xe0, 0x60, 0x60, 0x60, 0x60, 0x60, 0x60, 0x60, 0x60,
    0x60, 0x60, 0x30, 0x60, 0x1f, 0xe0, 0x00, 0x00, 0x00, 0x00, 0x00, 0x00, 0x00, 0x00, 0x00, 0x00,
    0x00, 0x00, 0x00, 0x00, 0x00, 0x00, 0x00, 0x00, 0x60, 0x60, 0x60, 0x60, 0x60, 0x60, 0x60, 0x60,
    0x60, 0x60, 0x60, 0x60, 0x60, 0x60, 0x7f, 0xe0, 0x60, 0x60, 0x60, 0x60, 0x60, 0x60, 0x60, 0x60,
    0x60, 0x60, 0x60, 0x60, 0x60, 0x60, 0x00, 0x00, 0x00, 0x00, 0x00, 0x00, 0x00, 0x00, 0x00, 0x00,
    0x00, 0x00, 0x00, 0x00, 0x00, 0x00, 0x00, 0x00, 0x3f, 0xc0, 0x06, 0x00, 0x06, 0x00, 0x06, 0x00,
    0x06, 0x00, 0x06, 0x00, 0x06, 0x00, 0x06, 0x00, 0x06, 0x00, 0x06, 0x00, 0x06, 0x00, 0x06, 0x00,
    0x06, 0x00, 0x06, 0x00, 0x3f, 0xc0, 0x00, 0x00, 0x00, 0x00, 0x00, 0x00, 0x00, 0x00, 0x00, 0x00,
    0x00, 0x00, 0x00, 0x00, 0x00, 0x00, 0x00, 0x00, 0x3f, 0xc0, 0x06, 0x00, 0x06, 0x00, 0x06, 0x00,
    0x06, 0x00, 0x06, 0x00, 0x06, 0x00, 0x06, 0x00, 0x06, 0x00, 0x06, 0x00, 0x06, 0x00, 0x06, 0x00,
    0x06, 0x00, 0x0e, 0x00, 0x7c, 0x00, 0x00, 0x00, 0x00, 0x00, 0x00, 0x00, 0x00, 0x00, 0x00, 0x00,
    0x00, 0x00, 0x00, 0x00, 0x00, 0x00, 0x00, 0x00, 0x60, 0x60, 0x60, 0x60, 0x60, 0x60, 0x60, 0x60,
    0x60, 0x60, 0x60, 0xc0, 0x61, 0x80, 0x7f, 0x00, 0x61, 0x80, 0x60, 0xc0, 0x60, 0x60, 0x60, 0x60,
    0x60, 0x60, 0x60, 0x60, 0x60, 0x60, 0x00, 0x00, 0x00, 0x00, 0x00, 0x00, 0x00, 0x00, 0x00, 0x00,
    0x00, 0x00, 0x00, 0x00, 0x00, 0x00, 0x00, 0x00, 0x60, 0x00, 0x60, 0x00, 0x60, 0x00, 0x60, 0x00,
    0x60, 0x00, 0x60, 0x00, 0x60, 0x00, 0x60, 0x00, 0x60, 0x00, 0x60, 0x00, 0x60, 0x00, 0x60, 0x00,
    0x60, 0x00, 0x30, 0x00, 0x1f, 0xe0, 0x00, 0x00, 0x00, 0x00, 0x00, 0x00, 0x00, 0x00, 0x00, 0x00,
    0x00, 0x00, 0x00, 0x00, 0x00, 0x00, 0x00, 0x00, 0x60, 0x60, 0x70, 0xe0, 0x79, 0xe0, 0x6f, 0x60,
    0x66, 0x60, 0x60, 0x60, 0x60, 0x60, 0x60, 0x60, 0x60, 0x60, 0x60, 0x60, 0x60, 0x60, 0x60, 0x60,
    0x60, 0x60, 0x60, 0x60, 0x60, 0x60, 0x00, 0x00, 0x00, 0x00, 0x00, 0x00, 0x00, 0x00, 0x00, 0x00,
    0x00, 0x00, 0x00, 0x00, 0x00, 0x00, 0x00, 0x00, 0x60, 0x60, 0x70, 0x60, 0x70, 0x60, 0x78, 0x60,
    0x78, 0x60, 0x6c, 0x60, 0x6c, 0x60, 0x66, 0x60, 0x66, 0x60, 0x63, 0x60, 0x63, 0x60, 0x61, 0xe0,
    0x61, 0xe0, 0x60, 0xe0, 0x60, 0xe0, 0x00, 0x00, 0x00, 0x00, 0x00, 0x00, 0x00, 0x00, 0x00, 0x00,
    0x00, 0x00, 0x00, 0x00, 0x00, 0x00, 0x00, 0x00, 0x1f, 0x80, 0x30, 0xc0, 0x60, 0x60, 0x60, 0x60,
    0x60, 0x60, 0x60, 0x60, 0x60, 0x60, 0x60, 0x60, 0x60, 0x60, 0x60, 0x60, 0x60, 0x60, 0x60, 0x60,
    0x60, 0x60, 0x30, 0xc0, 0x1f, 0x80, 0x00, 0x00, 0x00, 0x00, 0x00, 0x00, 0x00, 0x00, 0x00, 0x00,
    0x00, 0x00, 0x00, 0x00, 0x00, 0x00, 0x00, 0x00, 0x7f, 0x80, 0x60, 0xc0, 0x60, 0x60, 0x60, 0x60,
    0x60, 0x60, 0x60, 0x60, 0x60, 0xc0, 0x7f, 0x80, 0x60, 0x00, 0x60, 0x00, 0x60, 0x00, 0x60, 0x00,
    0x60, 0x00, 0x60, 0x00, 0x60, 0x00, 0x00, 0x00, 0x00, 0x00, 0x00, 0x00, 0x00, 0x00, 0x00, 0x00,
    0x00, 0x00, 0x00, 0x00, 0x00, 0x00, 0x00, 0x00, 0x1f, 0x80, 0x30, 0xc0, 0x60, 0x60, 0x60, 0x60,
    0x60, 0x60, 0x60, 0x60, 0x60, 0x60, 0x60, 0x60, 0x60, 0x60, 0x60, 0x60, 0x66, 0x60, 0x66, 0x60,
    0x63, 0x60, 0x33, 0xc0, 0x1f, 0x80, 0x01, 0x80, 0x00, 0xc0, 0x00, 0xc0, 0x00, 0x00, 0x00, 0x00,
    0x00, 0x00, 0x00, 0x00, 0x00, 0x00, 0x00, 0x00, 0x7f, 0x80, 0x60, 0xc0, 0x60, 0x60, 0x60, 0x60,
    0x60, 0x60, 0x60, 0x60, 0x60, 0xc0, 0x7f, 0x80, 0x60, 0xc0, 0x60, 0x60, 0x60, 0x60, 0x60, 0x60,
    0x60, 0x60, 0x60, 0x60, 0x60, 0x60, 0x00, 0x00, 0x00, 0x00, 0x00, 0x00, 0x00, 0x00, 0x00, 0x00,
    0x00, 0x00, 0x00, 0x00, 0x00, 0x00, 0x00, 0x00, 0x1f, 0xe0, 0x30, 0x00, 0x60, 0x00, 0x60, 0x00,
    0x60, 0x00, 0x60, 0x00, 0x30, 0x00, 0x1f, 0x80, 0x00, 0xc0, 0x00, 0x60, 0x00, 0x60, 0x00, 0x60,
    0x00, 0x60, 0x00, 0xc0, 0x7f, 0x80, 0x00, 0x00, 0x00, 0x00, 0x00, 0x00, 0x00, 0x00, 0x00, 0x00,
    0x00, 0x00, 0x00, 0x00, 0x00, 0x00, 0x00, 0x00, 0x7f, 0xe0, 0x06, 0x00, 0x06, 0x00, 0x06, 0x00,
    0x06, 0x00, 0x06, 0x00, 0x06, 0x00, 0x06, 0x00, 0x06, 0x00, 0x06, 0x00, 0x06, 0x00, 0x06, 0x00,
    0x06, 0x00, 0x06, 0x00, 0x06, 0x00, 0x00, 0x00, 0x00, 0x00, 0x00, 0x00, 0x00, 0x00, 0x00, 0x00,
    0x00, 0x00, 0x00, 0x00, 0x00, 0x00, 0x00, 0x00, 0x60, 0x60, 0x60, 0x60, 0x60, 0x60, 0x60, 0x60,
    0x60, 0x60, 0x60, 0x60, 0x60, 0x60, 0x60, 0x60, 0x60, 0x60, 0x60, 0x60, 0x60, 0x60, 0x60, 0x60,
    0x60, 0x60, 0x30, 0x60, 0x1f, 0xe0, 0x00, 0x00, 0x00, 0x00, 0x00, 0x00, 0x00, 0x00, 0x00, 0x00,
    0x00, 0x00, 0x00, 0x00, 0x00, 0x00, 0x00, 0x00, 0x60, 0x60, 0x60, 0x60, 0x60, 0x60, 0x60, 0x60,
    0x60, 0x60, 0x60, 0x60, 0x60, 0x60, 0x60, 0x60, 0x60, 0x60, 0x60, 0x60, 0x30, 0xc0, 0x30, 0xc0,
    0x19, 0x80, 0x0f, 0x00, 0x06, 0x00, 0x00, 0x00, 0x00, 0x00, 0x00, 0x00, 0x00, 0x00, 0x00, 0x00,
    0x00, 0x00, 0x00, 0x00, 0x00, 0x00, 0x00, 0x00, 0x60, 0x60, 0x60, 0x60, 0x60, 0x60, 0x60, 0x60,
    0x60, 0x60, 0x60, 0x60, 0x60, 0x60, 0x60, 0x60, 0x60, 0x60, 0x60, 0x60, 0x66, 0x60, 0x6f, 0x60,
    0x79, 0xe0, 0x70, 0xe0, 0x60, 0x60, 0x00, 0x00, 0x00, 0x00, 0x00, 0x00, 0x00, 0x00, 0x00, 0x00,
    0x00, 0x00, 0x00, 0x00, 0x00, 0x00, 0x00, 0x00, 0x60, 0x60, 0x60, 0x60, 0x60, 0x60, 0x60, 0x60,
    0x60, 0x60, 0x60, 0x60, 0x30, 0xc0, 0x1f, 0x80, 0x30, 0xc0, 0x60, 0x60, 0x60, 0x60, 0x60, 0x60,
    0x60, 0x60, 0x60, 0x60, 0x60, 0x60, 0x00, 0x00, 0x00, 0x00, 0x00, 0x00, 0x00, 0x00, 0x00, 0x00,
    0x00, 0x00, 0x00, 0x00, 0x00, 0x00, 0x00, 0x00, 0x60, 0x60, 0x60, 0x60, 0x60, 0x60, 0x60, 0x60,
    0x60, 0x60, 0x60, 0x60, 0x30, 0x60, 0x1f, 0xe0, 0x00, 0x60, 0x00, 0x60, 0x00, 0x60, 0x00, 0x60,
    0x00, 0x60, 0x00, 0xe0, 0x7f, 0xc0, 0x00, 0x00, 0x00, 0x00, 0x00, 0x00, 0x00, 0x00, 0x00, 0x00,
    0x00, 0x00, 0x00, 0x00, 0x00, 0x00, 0x00, 0x00, 0x7f, 0xe0, 0x00, 0x60, 0x00, 0x60, 0x00, 0x60,
    0x00, 0xc0, 0x01, 0x80, 0x03, 0x00, 0x06, 0x00, 0x0c, 0x00, 0x18, 0x00, 0x30, 0x00, 0x60, 0x00,
    0x60, 0x00, 0x60, 0x00, 0x7f, 0xe0, 0x00, 0x00, 0x00, 0x00, 0x00, 0x00, 0x00, 0x00, 0x00, 0x00,
    0x00, 0x00, 0x1f, 0xe0, 0x18, 0x00, 0x18, 0x00, 0x18, 0x00, 0x18, 0x00, 0x18, 0x00, 0x18, 0x00,
    0x18, 0x00, 0x18, 0x00, 0x18, 0x00, 0x18, 0x00, 0x18, 0x00, 0x18, 0x00, 0x18, 0x00, 0x18, 0x00,
    0x18, 0x00, 0x18, 0x00, 0x18, 0x00, 0x18, 0x00, 0x18, 0x00, 0x18, 0x00, 0x1f, 0xe0, 0x00, 0x00,
    0x00, 0x00, 0x00, 0x00, 0xc0, 0x00, 0xc0, 0x00, 0x60, 0x00, 0x60, 0x00, 0x30, 0x00, 0x30, 0x00,
    0x18, 0x00, 0x18, 0x00, 0x0c, 0x00, 0x0c, 0x00, 0x06, 0x00, 0x06, 0x00, 0x03, 0x00, 0x03, 0x00,
    0x01, 0x80, 0x01, 0x80, 0x00, 0xc0, 0x00, 0xc0, 0x00, 0x60, 0x00, 0x60, 0x00, 0x00, 0x00, 0x00,
    0x00, 0x00, 0x7f, 0x80, 0x01, 0x80, 0x01, 0x80, 0x01, 0x80, 0x01, 0x80, 0x01, 0x80, 0x01, 0x80,
    0x01, 0x80, 0x01, 0x80, 0x01, 0x80, 0x01, 0x80, 0x01, 0x80, 0x01, 0x80, 0x01, 0x80, 0x01, 0x80,
    0x01, 0x80, 0x01, 0x80, 0x01, 0x80, 0x01, 0x80, 0x01, 0x80, 0x01, 0x80, 0x7f, 0x80, 0x00, 0x00,
    0x00, 0x00, 0x00, 0x00, 0x04, 0x00, 0x0e, 0x00, 0x1b, 0x00, 0x31, 0x80, 0x60, 0xc0, 0xc0, 0x60,
    0x00, 0x00, 0x00, 0x00, 0x00, 0x00, 0x00, 0x00, 0x00, 0x00, 0x00, 0x00, 0x00, 0x00, 0x00, 0x00,
    0x00, 0x00, 0x00, 0x00, 0x00, 0x00, 0x00, 0x00, 0x00, 0x00, 0x00, 0x00, 0x00, 0x00, 0x00, 0x00,
    0x00, 0x00, 0x00, 0x00, 0x00, 0x00, 0x00, 0x00, 0x00, 0x00, 0x00, 0x00, 0x00, 0x00, 0x00, 0x00,
    0x00, 0x00, 0x00, 0x00, 0x00, 0x00, 0x00, 0x00, 0x00, 0x00, 0x00, 0x00, 0x00, 0x00, 0x00, 0x00,
    0x00, 0x00, 0x00, 0x00, 0x00, 0x00, 0x00, 0x00, 0x00, 0x00, 0x00, 0x00, 0x7f, 0xe0, 0x00, 0x00,
    0x00, 0x00, 0x00, 0x00, 0x18, 0x00, 0x0c, 0x00, 0x06, 0x00, 0x03, 0x00, 0x00, 0x00, 0x00, 0x00,
    0x00, 0x00, 0x00, 0x00, 0x00, 0x00, 0x00, 0x00, 0x00, 0x00, 0x00, 0x00, 0x00, 0x00, 0x00, 0x00,
    0x00, 0x00, 0x00, 0x00, 0x00, 0x00, 0x00, 0x00, 0x00, 0x00, 0x00, 0x00, 0x00, 0x00, 0x00, 0x00,
    0x00, 0x00, 0x00, 0x00, 0x00, 0x00, 0x00, 0x00, 0x00, 0x00, 0x00, 0x00, 0x00, 0x00, 0x00, 0x00,
    0x3f, 0x80, 0x00, 0xc0, 0x00, 0x60, 0x00, 0x60, 0x1f, 0xe0, 0x30, 0x60, 0x60, 0x60, 0x60, 0x60,
    0x60, 0x60, 0x30, 0x60, 0x1f, 0xe0, 0x00, 0x00, 0x00, 0x00, 0x00, 0x00, 0x00, 0x00, 0x00, 0x00,
    0x00, 0x00, 0x00, 0x00, 0x00, 0x00, 0x00, 0x00, 0x60, 0x00, 0x60, 0x00, 0x60, 0x00, 0x60, 0x00,
    0x7f, 0x80, 0x60, 0xc0, 0x60, 0x60, 0x60, 0x60, 0x60, 0x60, 0x60, 0x60, 0x60, 0x60, 0x60, 0x60,
    0x60, 0x60, 0x60, 0xc0, 0x7f, 0x80, 0x00, 0x00, 0x00, 0x00, 0x00, 0x00, 0x00, 0x00, 0x00, 0x00,
    0x00, 0x00, 0x00, 0x00, 0x00, 0x00, 0x00, 0x00, 0x00, 0x00, 0x00, 0x00, 0x00, 0x00, 0x00, 0x00,
    0x1f, 0xe0, 0x30, 0x00, 0x60, 0x00, 0x60, 0x00, 0x60, 0x00, 0x60, 0x00, 0x60, 0x00, 0x60, 0x00,
    0x60, 0x00, 0x30, 0x00, 0x1f, 0xe0, 0x00, 0x00, 0x00, 0x00, 0x00, 0x00, 0x00, 0x00, 0x00, 0x00,
    0x00, 0x00, 0x00, 0x00, 0x00, 0x00, 0x00, 0x00, 0x00, 0x60, 0x00, 0x60, 0x00, 0x60, 0x00, 0x60,
    0x1f, 0xe0, 0x30, 0x60, 0x60, 0x60, 0x60, 0x60, 0x60, 0x60, 0x60, 0x60, 0x60, 0x60, 0x60, 0x60,
    0x60, 0x60, 0x30, 0x60, 0x1f, 0xe0, 0x00, 0x00, 0x00, 0x00, 0x00, 0x00, 0x00, 0x00, 0x00, 0x00,
    0x00, 0x00, 0x00, 0x00, 0x00, 0x00, 0x00, 0x00, 0x00, 0x00, 0x00, 0x00, 0x00, 0x00, 0x00, 0x00,
    0x1f, 0xe0, 0x30, 0x60, 0x60, 0x60, 0x60, 0x60, 0x60, 0x60, 0x7f, 0xe0, 0x60, 0x00, 0x60, 0x00,
    0x60, 0x00, 0x30, 0x00, 0x1f, 0xe0, 0x00, 0x00, 0x00, 0x00, 0x00, 0x00, 0x00, 0x00, 0x00, 0x00,
    0x00, 0x00, 0x00, 0x00, 0x00, 0x00, 0x00, 0x00, 0x07, 0xc0, 0x0e, 0x00, 0x0c, 0x00, 0x0c, 0x00,
    0x0c, 0x00, 0x0c, 0x00, 0x3f, 0x80, 0x0c, 0x00, 0x0c, 0x00, 0x0c, 0x00, 0x0c, 0x00, 0x0c, 0x00,
    0x0c, 0x00, 0x0c, 0x00, 0x0c, 0x00, 0x00, 0x00, 0x00, 0x00, 0x00, 0x00, 0x00, 0x00, 0x00, 0x00,
    0x00, 0x00, 0x00, 0x00, 0x00, 0x00, 0x00, 0x00, 0x00, 0x00, 0x00, 0x00, 0x00, 0x00, 0x00, 0x00,
    0x1f, 0xe0, 0x30, 0x60, 0x60, 0x60, 0x60, 0x60, 0x60, 0x60, 0x60, 0x60, 0x60, 0x60, 0x60, 0x60,
    0x60, 0x60, 0x30, 0x60, 0x1f, 0xc0, 0x00, 0xc0, 0x00, 0x60, 0x00, 0x60, 0x00, 0xc0, 0x3f, 0x80,
    0x00, 0x00, 0x00, 0x00, 0x00, 0x00, 0x00, 0x00, 0x60, 0x00, 0x60, 0x00, 0x60, 0x00, 0x60, 0x00,
    0x7f, 0x80, 0x60, 0xc0, 0x60, 0x60, 0x60, 0x60, 0x60, 0x60, 0x60, 0x60, 0x60, 0x60, 0x60, 0x60,
    0x60, 0x60, 0x60, 0x60, 0x60, 0x60, 0x00, 0x00, 0x00, 0x00, 0x00, 0x00, 0x00, 0x00, 0x00, 0x00,
    0x00, 0x00, 0x00, 0x00, 0x00, 0x00, 0x00, 0x00, 0x06, 0x00, 0x06, 0x00, 0x00, 0x00, 0x00, 0x00,
    0x1e, 0x00, 0x06, 0x00, 0x06, 0x00, 0x06, 0x00, 0x06, 0x00, 0x06, 0x00, 0x06, 0x00, 0x06, 0x00,
    0x06, 0x00, 0x06, 0x00, 0x07, 0x80, 0x00, 0x00, 0x00, 0x00, 0x00, 0x00, 0x00, 0x00, 0x00, 0x00,
    0x00, 0x00, 0x00, 0x00, 0x00, 0x00, 0x00, 0x00, 0x06, 0x00, 0x06, 0x00, 0x00, 0x00, 0x00, 0x00,
    0x06, 0x00, 0x06, 0x00, 0x06, 0x00, 0x06, 0x00, 0x06, 0x00, 0x06, 0x00, 0x06, 0x00, 0x06, 0x00,
    0x06, 0x00, 0x06, 0x00, 0x06, 0x00, 0x06, 0x00, 0x06, 0x00, 0x06, 0x00, 0x0c, 0x00, 0x78, 0x00,
    0x00, 0x00, 0x00, 0x00, 0x00, 0x00, 0x00, 0x00, 0x30, 0x00, 0x30, 0x00, 0x30, 0x00, 0x30, 0x00,
    0x30, 0xc0, 0x30, 0xc0, 0x31, 0x80, 0x33, 0x00, 0x3e, 0x00, 0x36, 0x00, 0x33, 0x00, 0x31, 0x80,
    0x30, 0xc0, 0x30, 0x60, 0x30, 0x60, 0x00, 0x00, 0x00, 0x00, 0x00, 0x00, 0x00, 0x00, 0x00, 0x00,
    0x00, 0x00, 0x00, 0x00, 0x00, 0x00, 0x00, 0x00, 0x0c, 0x00, 0x0c, 0x00, 0x0c, 0x00, 0x0c, 0x00,
    0x0c, 0x00, 0x0c, 0x00, 0x0c, 0x00, 0x0c, 0x00, 0x0c, 0x00, 0x0c, 0x00, 0x0c, 0x00, 0x0c, 0x00,
    0x0c, 0x00, 0x0e, 0x00, 0x07, 0xc0, 0x00, 0x00, 0x00, 0x00, 0x00, 0x00, 0x00, 0x00, 0x00, 0x00,
    0x00, 0x00, 0x00, 0x00, 0x00, 0x00, 0x00, 0x00, 0x00, 0x00, 0x00, 0x00, 0x00, 0x00, 0x00, 0x00,
    0x79, 0x80, 0x66, 0xc0, 0x66, 0x60, 0x66, 0x60, 0x66, 0x60, 0x66, 0x60, 0x66, 0x60, 0x66, 0x60,
    0x60, 0x60, 0x60, 0x60, 0x60, 0x60, 0x00, 0x00, 0x00, 0x00, 0x00, 0x00, 0x00, 0x00, 0x00, 0x00,
    0x00, 0x00, 0x00, 0x00, 0x00, 0x00, 0x00, 0x00, 0x00, 0x00, 0x00, 0x00, 0x00, 0x00, 0x00, 0x00,
    0x7f, 0x80, 0x60, 0xc0, 0x60, 0x60, 0x60, 0x60, 0x60, 0x60, 0x60, 0x60, 0x60, 0x60, 0x60, 0x60,
    0x60, 0x60, 0x60, 0x60, 0x60, 0x60, 0x00, 0x00, 0x00, 0x00, 0x00, 0x00, 0x00, 0x00, 0x00, 0x00,
    0x00, 0x00, 0x00, 0x00, 0x00, 0x00, 0x00, 0x00, 0x00, 0x00, 0x00, 0x00, 0x00, 0x00, 0x00, 0x00,
    0x1f, 0x80, 0x30, 0xc0, 0x60, 0x60, 0x60, 0x60, 0x60, 0x60, 0x60, 0x60, 0x60, 0x60, 0x60, 0x60,
    0x60, 0x60, 0x30, 0xc0, 0x1f, 0x80, 0x00, 0x00, 0x00, 0x00, 0x00, 0x00, 0x00, 0x00, 0x00, 0x00,
    0x00, 0x00, 0x00, 0x00, 0x00, 0x00, 0x00, 0x00, 0x00, 0x00, 0x00, 0x00, 0x00, 0x00, 0x00, 0x00,
    0x7f, 0x80, 0x60, 0xc0, 0x60, 0x60, 0x60, 0x60, 0x60, 0x60, 0x60, 0x60, 0x60, 0x60, 0x60, 0x60,
    0x60, 0x60, 0x60, 0xc0, 0x7f, 0x80, 0x60, 0x00, 0x60, 0x00, 0x60, 0x00, 0x60, 0x00, 0x60, 0x00,
    0x00, 0x00, 0x00, 0x00, 0x00, 0x00, 0x00, 0x00, 0x00, 0x00, 0x00, 0x00, 0x00, 0x00, 0x00, 0x00,
    0x1f, 0xe0, 0x30, 0x60, 0x60, 0x60, 0x60, 0x60, 0x60, 0x60, 0x60, 0x60, 0x60, 0x60, 0x60, 0x60,
    0x60, 0x60, 0x30, 0x60, 0x1f, 0xe0, 0x00, 0x60, 0x00, 0x60, 0x00, 0x60, 0x00, 0x60, 0x00, 0x60,
    0x00, 0x00, 0x00, 0x00, 0x00, 0x00, 0x00, 0x00, 0x00, 0x00, 0x00, 0x00, 0x00, 0x00, 0x00, 0x00,
    0x1f, 0xe0, 0x30, 0x60, 0x60, 0x00, 0x60, 0x00, 0x60, 0x00, 0x60, 0x00, 0x60, 0x00, 0x60, 0x00,
    0x60, 0x00, 0x60, 0x00, 0x60, 0x00, 0x00, 0x00, 0x00, 0x00, 0x00, 0x00, 0x00, 0x00, 0x00, 0x00,
    0x00, 0x00, 0x00, 0x00, 0x00, 0x00, 0x00, 0x00, 0x00, 0x00, 0x00, 0x00, 0x00, 0x00, 0x00, 0x00,
    0x3f, 0xe0, 0x60, 0x00, 0x60, 0x00, 0x60, 0x00, 0x60, 0x00, 0x3f, 0xc0, 0x00, 0x60, 0x00, 0x60,
    0x00, 0x60, 0x00, 0x60, 0x7f, 0xc0, 0x00, 0x00, 0x00, 0x00, 0x00, 0x00, 0x00, 0x00, 0x00, 0x00,
    0x00, 0x00, 0x00, 0x00, 0x00, 0x00, 0x00, 0x00, 0x0c, 0x00, 0x0c, 0x00, 0x0c, 0x00, 0x0c, 0x00,
    0x3f, 0x80, 0x0c, 0x00, 0x0c, 0x00, 0x0c, 0x00, 0x0c, 0x00, 0x0c, 0x00, 0x0c, 0x00, 0x0c, 0x00,
    0x0c, 0x00, 0x0e, 0x00, 0x07, 0xc0, 0x00, 0x00, 0x00, 0x00, 0x00, 0x00, 0x00, 0x00, 0x00, 0x00,
    0x00, 0x00, 0x00, 0x00, 0x00, 0x00, 0x00, 0x00, 0x00, 0x00, 0x00, 0x00, 0x00, 0x00, 0x00, 0x00,
    0x60, 0x60, 0x60, 0x60, 0x60, 0x60, 0x60, 0x60, 0x60, 0x60, 0x60, 0x60, 0x60, 0x60, 0x60, 0x60,
    0x60, 0x60, 0x30, 0x60, 0x1f, 0xe0, 0x00, 0x00, 0x00, 0x00, 0x00, 0x00, 0x00, 0x00, 0x00, 0x00,
    0x00, 0x00, 0x00, 0x00, 0x00, 0x00, 0x00, 0x00, 0x00, 0x00, 0x00, 0x00, 0x00, 0x00, 0x00, 0x00,
    0x60, 0x60, 0x60, 0x60, 0x60, 0x60, 0x60, 0x60, 0x60, 0x60, 0x60, 0x60, 0x30, 0xc0, 0x30, 0xc0,
    0x19, 0x80, 0x0f, 0x00, 0x06, 0x00, 0x00, 0x00, 0x00, 0x00, 0x00, 0x00, 0x00, 0x00, 0x00, 0x00,
    0x00, 0x00, 0x00, 0x00, 0x00, 0x00, 0x00, 0x00, 0x00, 0x00, 0x00, 0x00, 0x00, 0x00, 0x00, 0x00,
    0x60, 0x60, 0x60, 0x60, 0x60, 0x60, 0x66, 0x60, 0x66, 0x60, 0x66, 0x60, 0x66, 0x60, 0x66, 0x60,
    0x66, 0x60, 0x36, 0x60, 0x19, 0xe0, 0x00, 0x00, 0x00, 0x00, 0x00, 0x00, 0x00, 0x00, 0x00, 0x00,
    0x00, 0x00, 0x00, 0x00, 0x00, 0x00, 0x00, 0x00, 0x00, 0x00, 0x00, 0x00, 0x00, 0x00, 0x00, 0x00,
    0x60, 0x60, 0x60, 0x60, 0x30, 0xc0, 0x19, 0x80, 0x0f, 0x00, 0x0f, 0x00, 0x19, 0x80, 0x30, 0xc0,
    0x30, 0xc0, 0x60, 0x60, 0x60, 0x60, 0x00, 0x00, 0x00, 0x00, 0x00, 0x00, 0x00, 0x00, 0x00, 0x00,
    0x00, 0x00, 0x00, 0x00, 0x00, 0x00, 0x00, 0x00, 0x00, 0x00, 0x00, 0x00, 0x00, 0x00, 0x00, 0x00,
    0x60, 0x60, 0x60, 0x60, 0x60, 0x60, 0x60, 0x60, 0x60, 0x60, 0x60, 0x60, 0x60, 0x60, 0x60, 0x60,
    0x60, 0x60, 0x30, 0x60, 0x1f, 0xe0, 0x00, 0x60, 0x00, 0x60, 0x00, 0x60, 0x00, 0xc0, 0x7f, 0x80,
    0x00, 0x00, 0x00, 0x00, 0x00, 0x00, 0x00, 0x00, 0x00, 0x00, 0x00, 0x00, 0x00, 0x00, 0x00, 0x00,
    0x7f, 0xe0, 0x00, 0x60, 0x00, 0xc0, 0x01, 0x80, 0x03, 0x00, 0x06, 0x00, 0x0c, 0x00, 0x18, 0x00,
    0x30, 0x00, 0x60, 0x00, 0x7f, 0xe0, 0x00, 0x00, 0x00, 0x00, 0x00, 0x00, 0x00, 0x00, 0x00, 0x00,
    0x00, 0x00, 0x01, 0xe0, 0x03, 0x00, 0x06, 0x00, 0x06, 0x00, 0x06, 0x00, 0x06, 0x00, 0x06, 0x00,
    0x06, 0x00, 0x06, 0x00, 0x0c, 0x00, 0x38, 0x00, 0x38, 0x00, 0x0c, 0x00, 0x06, 0x00, 0x06, 0x00,
    0x06, 0x00, 0x06, 0x00, 0x06, 0x00, 0x06, 0x00, 0x06, 0x00, 0x03, 0x00, 0x01, 0xe0, 0x00, 0x00,
    0x00, 0x00, 0x00, 0x00, 0x00, 0x00, 0x06, 0x00, 0x06, 0x00, 0x06, 0x00, 0x06, 0x00, 0x06, 0x00,
    0x06, 0x00, 0x06, 0x00, 0x06, 0x00, 0x06, 0x00, 0x06, 0x00, 0x06, 0x00, 0x06, 0x00, 0x06, 0x00,
    0x06, 0x00, 0x06, 0x00, 0x06, 0x00, 0x06, 0x00, 0x06, 0x00, 0x00, 0x00, 0x00, 0x00, 0x00, 0x00,
    0x00, 0x00, 0x78, 0x00, 0x0c, 0x00, 0x06, 0x00, 0x06, 0x00, 0x06, 0x00, 0x06, 0x00, 0x06, 0x00,
    0x06, 0x00, 0x06, 0x00, 0x03, 0x00, 0x01, 0xc0, 0x01, 0xc0, 0x03, 0x00, 0x06, 0x00, 0x06, 0x00,
    0x06, 0x00, 0x06, 0x00, 0x06, 0x00, 0x06, 0x00, 0x06, 0x00, 0x0c, 0x00, 0x78, 0x00, 0x00, 0x00,
    0x00, 0x00, 0x00, 0x00, 0x00, 0x00, 0x00, 0x00, 0x00, 0x00, 0x00, 0x00, 0x00, 0x00, 0x00, 0x00,
    0x00, 0x00, 0x00, 0x00, 0x38, 0x60, 0x6c, 0x60, 0xc6, 0xc0, 0xc3, 0x80, 0x00, 0x00, 0x00, 0x00,
    0x00, 0x00, 0x00, 0x00, 0x00, 0x00, 0x00, 0x00, 0x00, 0x00, 0x00, 0x00, 0x00, 0x00, 0x00, 0x00,
};

static const uint8_t font_16x32_data[6080] = {
    0x00, 0x00, 0x00, 0x00, 0x00, 0x00, 0x00, 0x00, 0x00, 0x00, 0x00, 0x00, 0x00, 0x00, 0x00, 0x00,
    0x00, 0x00, 0x00, 0x00, 0x00, 0x00, 0x00, 0x00, 0x00, 0x00, 0x00, 0x00, 0x00, 0x00, 0x00, 0x00,
    0x00, 0x00, 0x00, 0x00, 0x00, 0x00, 0x00, 0x00, 0x00, 0x00, 0x00, 0x00, 0x00, 0x00, 0x00, 0x00,
    0x00, 0x00, 0x00, 0x00, 0x00, 0x00, 0x00, 0x00, 0x00, 0x00, 0x00, 0x00, 0x00, 0x00, 0x00, 0x00,
    0x00, 0x00, 0x00, 0x00, 0x00, 0x00, 0x00, 0x00, 0x00, 0x00, 0x00, 0x00, 0x01, 0x80, 0x01, 0x80,
    0x01, 0x80, 0x01, 0x80, 0x01, 0x80, 0x01, 0x80, 0x01, 0x80, 0x01, 0x80, 0x01, 0x80, 0x01, 0x80,
    0x01, 0x80, 0x01, 0x80, 0x01, 0x80, 0x01, 0x80, 0x00, 0x00, 0x00, 0x00, 0x00, 0x00, 0x01, 0x80,
    0x01, 0x80, 0x01, 0x80, 0x00, 0x00, 0x00, 0x00, 0x00, 0x00, 0x00, 0x00, 0x00, 0x00, 0x00, 0x00,
    0x00, 0x00, 0x00, 0x00, 0x00, 0x00, 0x00, 0x00, 0x18, 0x18, 0x18, 0x18, 0x18, 0x18, 0x18, 0x18,
    0x18, 0x18, 0x18, 0x18, 0x18, 0x18, 0x18, 0x18, 0x00, 0x00, 0x00, 0x00, 0x00, 0x00, 0x00, 0x00,
    0x00, 0x00, 0x00, 0x00, 0x00, 0x00, 0x00, 0x00, 0x00, 0x00, 0x00, 0x00, 0x00, 0x00, 0x00, 0x00,
    0x00, 0x00, 0x00, 0x00, 0x00, 0x00, 0x00, 0x00, 0x00, 0x00, 0x00, 0x00, 0x00, 0x00, 0x00, 0x00,
    0x00, 0x00, 0x00, 0x00, 0x00, 0x00, 0x00, 0x00, 0x00, 0x00, 0x00, 0x00, 0x18, 0x18, 0x18, 0x18,
    0x18, 0x18, 0x18, 0x18, 0x7f, 0xfe, 0x7f, 0xfe, 0x18, 0x18, 0x18, 0x18, 0x18, 0x18, 0x18, 0x18,
    0x18, 0x18, 0x18, 0x18, 0x18, 0x18, 0x18, 0x18, 0x7f, 0xfe, 0x7f, 0xfe, 0x18, 0x18, 0x18, 0x18,
    0x18, 0x18, 0x18, 0x18, 0x00, 0x00, 0x00, 0x00, 0x00, 0x00, 0x00, 0x00, 0x00, 0x00, 0x00, 0x00,
    0x00, 0x00, 0x00, 0x00, 0x00, 0x00, 0x00, 0x00, 0x01, 0x80, 0x01, 0x80, 0x0f, 0xfc, 0x1f, 0xfc,
    0x39, 0x80, 0x31, 0x80, 0x31, 0x80, 0x31, 0x80, 0x31, 0x80, 0x39, 0x80, 0x1f, 0xf0, 0x0f, 0xf8,
    0x01, 0x9c, 0x01, 0x8c, 0x01, 0x8c, 0x01, 0x8c, 0x01, 0x8c, 0x01, 0x8c, 0x01, 0x8c, 0x01, 0x9c,
    0x3f, 0xf8, 0x3f, 0xf0, 0x01, 0x80, 0x01, 0x80, 0x00, 0x00, 0x00, 0x00, 0x00, 0x00, 0x00, 0x00,
    0x00, 0x00, 0x00, 0x00, 0x00, 0x00, 0x00, 0x00, 0x00, 0x00, 0x00, 0x00, 0x00, 0x0c, 0x0e, 0x0c,
    0x1b, 0x18, 0x1b, 0x18, 0x1b, 0x30, 0x0e, 0x30, 0x00, 0x60, 0x00, 0x60, 0x00, 0xc0, 0x00, 0xc0,
    0x01, 0x80, 0x01, 0x80, 0x03, 0x00, 0x03, 0x00, 0x06, 0x38, 0x06, 0x6c, 0x0c, 0x6c, 0x0c, 0x6c,
    0x18, 0x38, 0x18, 0x00, 0x00, 0x00, 0x00, 0x00, 0x00, 0x00, 0x00, 0x00, 0x00, 0x00, 0x00, 0x00,
    0x00, 0x00, 0x00, 0x00, 0x00, 0x00, 0x00, 0x00, 0x00, 0x00, 0x00, 0x00, 0x07, 0xe0, 0x0f, 0xf0,
    0x1c, 0x38, 0x18, 0x18, 0x18, 0x18, 0x18, 0x18, 0x18, 0x18, 0x1c, 0x38, 0x0f, 0xf0, 0x07, 0xe0,
    0x1f, 0x80, 0x3f, 0xc0, 0x70, 0xec, 0x60, 0x7c, 0x60, 0x38, 0x60, 0x30, 0x60, 0x38, 0x70, 0x7c,
    0x3f, 0xee, 0x1f, 0xc6, 0x00, 0x00, 0x00, 0x00, 0x00, 0x00, 0x00, 0x00, 0x00, 0x00, 0x00, 0x00,
    0x00, 0x00, 0x00, 0x00, 0x00, 0x00, 0x00, 0x00, 0x01, 0x80, 0x01, 0x80, 0x01, 0x80, 0x01, 0x80,
    0x01, 0x80, 0x01, 0x80, 0x01, 0x80, 0x01, 0x80, 0x00, 0x00, 0x00, 0x00, 0x00, 0x00, 0x00, 0x00,
    0x00, 0x00, 0x00, 0x00, 0x00, 0x00, 0x00, 0x00, 0x00, 0x00, 0x00, 0x00, 0x00, 0x00, 0x00, 0x00,
    0x00, 0x00, 0x00, 0x00, 0x00, 0x00, 0x00, 0x00, 0x00, 0x00, 0x00, 0x00, 0x00, 0x00, 0x00, 0x00,
    0x00, 0x00, 0x00, 0x00, 0x00, 0x00, 0x00, 0x3c, 0x00, 0xfc, 0x01, 0xe0, 0x03, 0x80, 0x07, 0x00,
    0x06, 0x00, 0x0e, 0x00, 0x0c, 0x00, 0x1c, 0x00, 0x18, 0x00, 0x18, 0x00, 0x18, 0x00, 0x18, 0x00,
    0x18, 0x00, 0x18, 0x00, 0x18, 0x00, 0x18, 0x00, 0x1c, 0x00, 0x0c, 0x00, 0x0e, 0x00, 0x06, 0x00,
    0x07, 0x00, 0x03, 0x80, 0x01, 0xe0, 0x00, 0xfc, 0x00, 0x3c, 0x00, 0x00, 0x00, 0x00, 0x00, 0x00,
    0x00, 0x00, 0x00, 0x00, 0x00, 0x00, 0x3c, 0x00, 0x3f, 0x00, 0x07, 0x80, 0x01, 0xc0, 0x00, 0xe0,
    0x00, 0x60, 0x00, 0x70, 0x00, 0x30, 0x00, 0x38, 0x00, 0x18, 0x00, 0x18, 0x00, 0x18, 0x00, 0x18,
    0x00, 0x18, 0x00, 0x18, 0x00, 0x18, 0x00, 0x18, 0x00, 0x38, 0x00, 0x30, 0x00, 0x70, 0x00, 0x60,
    0x00, 0xe0, 0x01, 0xc0, 0x07, 0x80, 0x3f, 0x00, 0x3c, 0x00, 0x00, 0x00, 0x00, 0x00, 0x00, 0x00,
    0x00, 0x00, 0x00, 0x00, 0x00, 0x00, 0x00, 0x00, 0x00, 0x00, 0x00, 0x00, 0x00, 0x00, 0x00, 0x00,
    0x00, 0x00, 0x00, 0x00, 0x18, 0x18, 0x1c, 0x38, 0x0e, 0x70, 0x07, 0xe0, 0x03, 0xc0, 0x03, 0xc0,
    0x7f, 0xfe, 0x7f, 0xfe, 0x03, 0xc0, 0x03, 0xc0, 0x07, 0xe0, 0x0e, 0x70, 0x1c, 0x38, 0x18, 0x18,
    0x00, 0x00, 0x00, 0x00, 0x00, 0x00, 0x00, 0x00, 0x00, 0x00, 0x00, 0x00, 0x00, 0x00, 0x00, 0x00,
    0x00, 0x00, 0x00, 0x00, 0x00, 0x00, 0x00, 0x00, 0x00, 0x00, 0x00, 0x00, 0x00, 0x00, 0x00, 0x00,
    0x00, 0x00, 0x00, 0x00, 0x00, 0x00, 0x00, 0x00, 0x01, 0x80, 0x01, 0x80, 0x01, 0x80, 0x01, 0x80,
    0x1f, 0xf8, 0x1f, 0xf8, 0x01, 0x80, 0x01, 0x80, 0x01, 0x80, 0x01, 0x80, 0x00, 0x00, 0x00, 0x00,
    0x00, 0x00, 0x00, 0x00, 0x00, 0x00, 0x00, 0x00, 0x00, 0x00, 0x00, 0x00, 0x00, 0x00, 0x00, 0x00,
    0x00, 0x00, 0x00, 0x00, 0x00, 0x00, 0x00, 0x00, 0x00, 0x00, 0x00, 0x00, 0x00, 0x00, 0x00, 0x00,
    0x00, 0x00, 0x00, 0x00, 0x00, 0x00, 0x00, 0x00, 0x00, 0x00, 0x00, 0x00, 0x00, 0x00, 0x00, 0x00,
    0x00, 0x00, 0x00, 0x00, 0x00, 0x00, 0x00, 0x00, 0x00, 0x00, 0x00, 0x00, 0x01, 0x80, 0x01, 0x80,
    0x01, 0x80, 0x03, 0x80, 0x07, 0x00, 0x06, 0x00, 0x00, 0x00, 0x00, 0x00, 0x00, 0x00, 0x00, 0x00,
    0x00, 0x00, 0x00, 0x00, 0x00, 0x00, 0x00, 0x00, 0x00, 0x00, 0x00, 0x00, 0x00, 0x00, 0x00, 0x00,
    0x00, 0x00, 0x00, 0x00, 0x00, 0x00, 0x00, 0x00, 0x00, 0x00, 0x00, 0x00, 0x00, 0x00, 0x00, 0x00,
    0x3f, 0xfc, 0x3f, 0xfc, 0x00, 0x00, 0x00, 0x00, 0x00, 0x00, 0x00, 0x00, 0x00, 0x00, 0x00, 0x00,
    0x00, 0x00, 0x00, 0x00, 0x00, 0x00, 0x00, 0x00, 0x00, 0x00, 0x00, 0x00, 0x00, 0x00, 0x00, 0x00,
    0x00, 0x00, 0x00, 0x00, 0x00, 0x00, 0x00, 0x00, 0x00, 0x00, 0x00, 0x00, 0x00, 0x00, 0x00, 0x00,
    0x00, 0x00, 0x00, 0x00, 0x00, 0x00, 0x00, 0x00, 0x00, 0x00, 0x00, 0x00, 0x00, 0x00, 0x00, 0x00,
    0x00, 0x00, 0x00, 0x00, 0x00, 0x00, 0x00, 0x00, 0x00, 0x00, 0x00, 0x00, 0x00, 0x00, 0x01, 0x80,
    0x01, 0x80, 0x01, 0x80, 0x00, 0x00, 0x00, 0x00, 0x00, 0x00, 0x00, 0x00, 0x00, 0x00, 0x00, 0x00,
    0x00, 0x00, 0x00, 0x00, 0x00, 0x00, 0x00, 0x06, 0x00, 0x06, 0x00, 0x0c, 0x00, 0x0c, 0x00, 0x18,
    0x00, 0x18, 0x00, 0x30, 0x00, 0x30, 0x00, 0x60, 0x00, 0x60, 0x00, 0xc0, 0x00, 0xc0, 0x01, 0x80,
    0x01, 0x80, 0x03, 0x00, 0x03, 0x00, 0x06, 0x00, 0x06, 0x00, 0x0c, 0x00, 0x0c, 0x00, 0x18, 0x00,
    0x18, 0x00, 0x30, 0x00, 0x30, 0x00, 0x60, 0x00, 0x60, 0x00, 0x00, 0x00, 0x00, 0x00, 0x00, 0x00,
    0x00, 0x00, 0x00, 0x00, 0x00, 0x00, 0x00, 0x00, 0x00, 0x00, 0x00, 0x00, 0x0f, 0xf0, 0x1f, 0xf8,
    0x38, 0x1c, 0x30, 0x0c, 0x30, 0x0c, 0x30, 0x1c, 0x30, 0x3c, 0x30, 0x7c, 0x30, 0xec, 0x31, 0xcc,
    0x33, 0x8c, 0x37, 0x0c, 0x3e, 0x0c, 0x3c, 0x0c, 0x38, 0x0c, 0x30, 0x0c, 0x30, 0x0c, 0x38, 0x1c,
    0x1f, 0xf8, 0x0f, 0xf0, 0x00, 0x00, 0x00, 0x00, 0x00, 0x00, 0x00, 0x00, 0x00, 0x00, 0x00, 0x00,
    0x00, 0x00, 0x00, 0x00, 0x00, 0x00, 0x00, 0x00, 0x00, 0x00, 0x00, 0x00, 0x03, 0x80, 0x07, 0x80,
    0x0d, 0x80, 0x19, 0x80, 0x11, 0x80, 0x01, 0x80, 0x01, 0x80, 0x01, 0x80, 0x01, 0x80, 0x01, 0x80,
    0x01, 0x80, 0x01, 0x80, 0x01, 0x80, 0x01, 0x80, 0x01, 0x80, 0x01, 0x80, 0x01, 0x80, 0x01, 0x80,
    0x1f, 0xf8, 0x1f, 0xf8, 0x00, 0x00, 0x00, 0x00, 0x00, 0x00, 0x00, 0x00, 0x00, 0x00, 0x00, 0x00,
    0x00, 0x00, 0x00, 0x00, 0x00, 0x00, 0x00, 0x00, 0x00, 0x00, 0x00, 0x00, 0x0f, 0xf0, 0x1f, 0xf8,
    0x38, 0x1c, 0x30, 0x0c, 0x00, 0x0c, 0x00, 0x0c, 0x00, 0x0c, 0x00, 0x18, 0x00, 0x30, 0x00, 0x60,
    0x00, 0xc0, 0x01, 0x80, 0x03, 0x00, 0x06, 0x00, 0x0c, 0x00, 0x18, 0x00, 0x30, 0x0c, 0x30, 0x0c,
    0x3f, 0xfc, 0x3f, 0xfc, 0x00, 0x00, 0x00, 0x00, 0x00, 0x00, 0x00, 0x00, 0x00, 0x00, 0x00, 0x00,
    0x00, 0x00, 0x00, 0x00, 0x00, 0x00, 0x00, 0x00, 0x00, 0x00, 0x00, 0x00, 0x0f, 0xf0, 0x1f, 0xf8,
    0x38, 0x1c, 0x30, 0x0c, 0x00, 0x0c, 0x00, 0x0c, 0x00, 0x0c, 0x00, 0x18, 0x07, 0xf0, 0x07, 0xf0,
    0x00, 0x18, 0x00, 0x0c, 0x00, 0x0c, 0x00, 0x0c, 0x00, 0x0c, 0x00, 0x0c, 0x30, 0x0c, 0x38, 0x1c,
    0x1f, 0xf8, 0x0f, 0xf0, 0x00, 0x00, 0x00, 0x00, 0x00, 0x00, 0x00, 0x00, 0x00, 0x00, 0x00, 0x00,
    0x00, 0x00, 0x00, 0x00, 0x00, 0x00, 0x00, 0x00, 0x00, 0x00, 0x00, 0x00, 0x30, 0x00, 0x30, 0x00,
    0x30, 0x00, 0x30, 0x00, 0x30, 0x30, 0x30, 0x30, 0x30, 0x30, 0x30, 0x30, 0x30, 0x30, 0x30, 0x30,
    0x30, 0x30, 0x30, 0x30, 0x3f, 0xfc, 0x3f, 0xfc, 0x00, 0x30, 0x00, 0x30, 0x00, 0x30, 0x00, 0x30,
    0x00, 0x30, 0x00, 0x30, 0x00, 0x00, 0x00, 0x00, 0x00, 0x00, 0x00, 0x00, 0x00, 0x00, 0x00, 0x00,
    0x00, 0x00, 0x00, 0x00, 0x00, 0x00, 0x00, 0x00, 0x00, 0x00, 0x00, 0x00, 0x3f, 0xfc, 0x3f, 0xfc,
    0x30, 0x0c, 0x30, 0x0c, 0x30, 0x00, 0x30, 0x00, 0x30, 0x00, 0x30, 0x00, 0x3f, 0xf0, 0x3f, 0xf8,
    0x00, 0x1c, 0x00, 0x0c, 0x00, 0x0c, 0x00, 0x0c, 0x00, 0x0c, 0x00, 0x0c, 0x30, 0x0c, 0x38, 0x1c,
    0x1f, 0xf8, 0x0f, 0xf0, 0x00, 0x00, 0x00, 0x00, 0x00, 0x00, 0x00, 0x00, 0x00, 0x00, 0x00, 0x00,
    0x00, 0x00, 0x00, 0x00, 0x00, 0x00, 0x00, 0x00, 0x00, 0x00, 0x00, 0x00, 0x0f, 0xf0, 0x1f, 0xf8,
    0x38, 0x1c, 0x30, 0x0c, 0x30, 0x00, 0x30, 0x00, 0x30, 0x00, 0x30, 0x00, 0x3f, 0xf0, 0x3f, 0xf8,
    0x30, 0x1c, 0x30, 0x0c, 0x30, 0x0c, 0x30, 0x0c, 0x30, 0x0c, 0x30, 0x0c, 0x30, 0x0c, 0x38, 0x1c,
    0x1f, 0xf8, 0x0f, 0xf0, 0x00, 0x00, 0x00, 0x00, 0x00, 0x00, 0x00, 0x00, 0x00, 0x00, 0x00, 0x00,
    0x00, 0x00, 0x00, 0x00, 0x00, 0x00, 0x00, 0x00, 0x00, 0x00, 0x00, 0x00, 0x3f, 0xfc, 0x3f, 0xfc,
    0x30, 0x0c, 0x30, 0x0c, 0x00, 0x0c, 0x00, 0x0c, 0x00, 0x0c, 0x00, 0x18, 0x00, 0x30, 0x00, 0x60,
    0x00, 0xc0, 0x01, 0x80, 0x03, 0x00, 0x03, 0x00, 0x03, 0x00, 0x03, 0x00, 0x03, 0x00, 0x03, 0x00,
    0x03, 0x00, 0x03, 0x00, 0x00, 0x00, 0x00, 0x00, 0x00, 0x00, 0x00, 0x00, 0x00, 0x00, 0x00, 0x00,
    0x00, 0x00, 0x00, 0x00, 0x00, 0x00, 0x00, 0x00, 0x00, 0x00, 0x00, 0x00, 0x0f, 0xf0, 0x1f, 0xf8,
    0x38, 0x1c, 0x30, 0x0c, 0x30, 0x0c, 0x30, 0x0c, 0x30, 0x0c, 0x18, 0x18, 0x0f, 0xf0, 0x0f, 0xf0,
    0x18, 0x18, 0x30, 0x0c, 0x30, 0x0c, 0x30, 0x0c, 0x30, 0x0c, 0x30, 0x0c, 0x30, 0x0c, 0x38, 0x1c,
    0x1f, 0xf8, 0x0f, 0xf0, 0x00, 0x00, 0x00, 0x00, 0x00, 0x00, 0x00, 0x00, 0x00, 0x00, 0x00, 0x00,
    0x00, 0x00, 0x00, 0x00, 0x00, 0x00, 0x00, 0x00, 0x00, 0x00, 0x00, 0x00, 0x0f, 0xf0, 0x1f, 0xf8,
    0x38, 0x1c, 0x30, 0x0c, 0x30, 0x0c, 0x30, 0x0c, 0x30, 0x0c, 0x30, 0x0c, 0x30, 0x0c, 0x38, 0x0c,
    0x1f, 0xfc, 0x0f, 0xfc, 0x00, 0x0c, 0x00, 0x0c, 0x00, 0x0c, 0x00, 0x0c, 0x30, 0x0c, 0x38, 0x1c,
    0x1f, 0xf8, 0x0f, 0xf0, 0x00, 0x00, 0x00, 0x00, 0x00, 0x00, 0x00, 0x00, 0x00, 0x00, 0x00, 0x00,
    0x00, 0x00, 0x00, 0x00, 0x00, 0x00, 0x00, 0x00, 0x00, 0x00, 0x00, 0x00, 0x00, 0x00, 0x00, 0x00,
    0x00, 0x00, 0x00, 0x00, 0x00, 0x00, 0x00, 0x00, 0x00, 0x00, 0x01, 0x80, 0x01, 0x80, 0x01, 0x80,
    0x00, 0x00, 0x00, 0x00, 0x00, 0x00, 0x00, 0x00, 0x00, 0x00, 0x00, 0x00, 0x00, 0x00, 0x01, 0x80,
    0x01, 0x80, 0x01, 0x80, 0x00, 0x00, 0x00, 0x00, 0x00, 0x00, 0x00, 0x00, 0x00, 0x00, 0x00, 0x00,
    0x00, 0x00, 0x00, 0x00, 0x00, 0x00, 0x00, 0x00, 0x00, 0x00, 0x00, 0x00, 0x00, 0x00, 0x00, 0x00,
    0x00, 0x00, 0x00, 0x00, 0x00, 0x00, 0x00, 0x00, 0x00, 0x00, 0x01, 0x80, 0x01, 0x80, 0x01, 0x80,
    0x00, 0x00, 0x00, 0x00, 0x00, 0x00, 0x00, 0x00, 0x00, 0x00, 0x00, 0x00, 0x01, 0x80, 0x01, 0x80,
    0x01, 0x80, 0x03, 0x80, 0x07, 0x00, 0x06, 0x00, 0x00, 0x00, 0x00, 0x00, 0x00, 0x00, 0x00, 0x00,
    0x00, 0x00, 0x00, 0x00, 0x00, 0x00, 0x00, 0x00, 0x00, 0x00, 0x00, 0x00, 0x00, 0x1c, 0x00, 0x38,
    0x00, 0x70, 0x00, 0xe0, 0x01, 0xc0, 0x03, 0x80, 0x07, 0x00, 0x0e, 0x00, 0x1c, 0x00, 0x38, 0x00,
    0x38, 0x00, 0x1c, 0x00, 0x0e, 0x00, 0x07, 0x00, 0x03, 0x80, 0x01, 0xc0, 0x00, 0xe0, 0x00, 0x70,
    0x00, 0x38, 0x00, 0x1c, 0x00, 0x00, 0x00, 0x00, 0x00, 0x00, 0x00, 0x00, 0x00, 0x00, 0x00, 0x00,
    0x00, 0x00, 0x00, 0x00, 0x00, 0x00, 0x00, 0x00, 0x00, 0x00, 0x00, 0x00, 0x00, 0x00, 0x00, 0x00,
    0x00, 0x00, 0x00, 0x00, 0x00, 0x00, 0x00, 0x00, 0x3f, 0xfc, 0x3f, 0xfc, 0x00, 0x00, 0x00, 0x00,
    0x00, 0x00, 0x00, 0x00, 0x3f, 0xfc, 0x3f, 0xfc, 0x00, 0x00, 0x00, 0x00, 0x00, 0x00, 0x00, 0x00,
    0x00, 0x00, 0x00, 0x00, 0x00, 0x00, 0x00, 0x00, 0x00, 0x00, 0x00, 0x00, 0x00, 0x00, 0x00, 0x00,
    0x00, 0x00, 0x00, 0x00, 0x00, 0x00, 0x00, 0x00, 0x00, 0x00, 0x00, 0x00, 0x38, 0x00, 0x1c, 0x00,
    0x0e, 0x00, 0x07, 0x00, 0x03, 0x80, 0x01, 0xc0, 0x00, 0xe0, 0x00, 0x70, 0x00, 0x38, 0x00, 0x1c,
    0x00, 0x1c, 0x00, 0x38, 0x00, 0x70, 0x00, 0xe0, 0x01, 0xc0, 0x03, 0x80, 0x07, 0x00, 0x0e, 0x00,
    0x1c, 0x00, 0x38, 0x00, 0x00, 0x00, 0x00, 0x00, 0x00, 0x00, 0x00, 0x00, 0x00, 0x00, 0x00, 0x00,
    0x00, 0x00, 0x00, 0x00, 0x00, 0x00, 0x00, 0x00, 0x00, 0x00, 0x00, 0x00, 0x0f, 0xf0, 0x1f, 0xf8,
    0x38, 0x1c, 0x30, 0x0c, 0x00, 0x0c, 0x00, 0x0c, 0x00, 0x18, 0x00, 0x30, 0x00, 0x60, 0x00, 0xc0,
    0x00, 0xc0, 0x01, 0x80, 0x01, 0x80, 0x01, 0x80, 0x00, 0x00, 0x00, 0x00, 0x00, 0x00, 0x01, 0x80,
    0x01, 0x80, 0x01, 0x80, 0x00, 0x00, 0x00, 0x00, 0x00, 0x00, 0x00, 0x00, 0x00, 0x00, 0x00, 0x00,
    0x00, 0x00, 0x00, 0x00, 0x00, 0x00, 0x00, 0x00, 0x00, 0x00, 0x00, 0x00, 0x00, 0x00, 0x00, 0x00,
    0x0f, 0xf0, 0x1f, 0xf8, 0x38, 0x1c, 0x30, 0x0c, 0x30, 0x0c, 0x31, 0xcc, 0x31, 0xcc, 0x31, 0xcc,
    0x31, 0xcc, 0x31, 0xcc, 0x31, 0xcc, 0x31, 0xfc, 0x31, 0xfc, 0x30, 0x00, 0x30, 0x00, 0x38, 0x00,
    0x1f, 0xf8, 0x0f, 0xf8, 0x00, 0x00, 0x00, 0x00, 0x00, 0x00, 0x00, 0x00, 0x00, 0x00, 0x00, 0x00,
    0x00, 0x00, 0x00, 0x00, 0x00, 0x00, 0x00, 0x00, 0x00, 0x00, 0x00, 0x00, 0x0f, 0xf0, 0x1f, 0xf8,
    0x38, 0x1c, 0x30, 0x0c, 0x30, 0x0c, 0x30, 0x0c, 0x30, 0x0c, 0x30, 0x0c, 0x30, 0x0c, 0x3f, 0xfc,
    0x3f, 0xfc, 0x30, 0x0c, 0x30, 0x0c, 0x30, 0x0c, 0x30, 0x0c, 0x30, 0x0c, 0x30, 0x0c, 0x30, 0x0c,
    0x30, 0x0c, 0x30, 0x0c, 0x00, 0x00, 0x00, 0x00, 0x00, 0x00, 0x00, 0x00, 0x00, 0x00, 0x00, 0x00,
    0x00, 0x00, 0x00, 0x00, 0x00, 0x00, 0x00, 0x00, 0x00, 0x00, 0x00, 0x00, 0x3f, 0xf0, 0x3f, 0xf8,
    0x30, 0x1c, 0x30, 0x0c, 0x30, 0x0c, 0x30, 0x0c, 0x30, 0x0c, 0x30, 0x18, 0x3f, 0xf0, 0x3f, 0xf0,
    0x30, 0x18, 0x30, 0x0c, 0x30, 0x0c, 0x30, 0x0c, 0x30, 0x0c, 0x30, 0x0c, 0x30, 0x0c, 0x30, 0x1c,
    0x3f, 0xf8, 0x3f, 0xf0, 0x00, 0x00, 0x00, 0x00, 0x00, 0x00, 0x00, 0x00, 0x00, 0x00, 0x00, 0x00,
    0x00, 0x00, 0x00, 0x00, 0x00, 0x00, 0x00, 0x00, 0x00, 0x00, 0x00, 0x00, 0x0f, 0xfc, 0x1f, 0xfc,
    0x38, 0x00, 0x30, 0x00, 0x30, 0x00, 0x30, 0x00, 0x30, 0x00, 0x30, 0x00, 0x30, 0x00, 0x30, 0x00,
    0x30, 0x00, 0x30, 0x00, 0x30, 0x00, 0x30, 0x00, 0x30, 0x00, 0x30, 0x00, 0x30, 0x00, 0x38, 0x00,
    0x1f, 0xfc, 0x0f, 0xfc, 0x00, 0x00, 0x00, 0x00, 0x00, 0x00, 0x00, 0x00, 0x00, 0x00, 0x00, 0x00,
    0x00, 0x00, 0x00, 0x00, 0x00, 0x00, 0x00, 0x00, 0x00, 0x00, 0x00, 0x00, 0x3f, 0xf0, 0x3f, 0xf8,
    0x30, 0x1c, 0x30, 0x0c, 0x30, 0x0c, 0x30, 0x0c, 0x30, 0x0c, 0x30, 0x0c, 0x30, 0x0c, 0x30, 0x0c,
    0x30, 0x0c, 0x30, 0x0c, 0x30, 0x0c, 0x30, 0x0c, 0x30, 0x0c, 0x30, 0x0c, 0x30, 0x0c, 0x30, 0x1c,
    0x3f, 0xf8, 0x3f, 0xf0, 0x00, 0x00, 0x00, 0x00, 0x00, 0x00, 0x00, 0x00, 0x00, 0x00, 0x00, 0x00,
    0x00, 0x00, 0x00, 0x00, 0x00, 0x00, 0x00, 0x00, 0x00, 0x00, 0x00, 0x00, 0x0f, 0xfc, 0x1f, 0xfc,
    0x38, 0x00, 0x30, 0x00, 0x30, 0x00, 0x30, 0x00, 0x30, 0x00, 0x30, 0x00, 0x30, 0x00, 0x3f, 0xe0,
    0x3f, 0xe0, 0x30, 0x00, 0x30, 0x00, 0x30, 0x00, 0x30, 0x00, 0x30, 0x00, 0x30, 0x00, 0x38, 0x00,
    0x1f, 0xfc, 0x0f, 0xfc, 0x00, 0x00, 0x00, 0x00, 0x00, 0x00, 0x00, 0x00, 0x00, 0x00, 0x00, 0x00,
    0x00, 0x00, 0x00, 0x00, 0x00, 0x00, 0x00, 0x00, 0x00, 0x00, 0x00, 0x00, 0x0f, 0xfc, 0x1f, 0xfc,
    0x38, 0x00, 0x30, 0x00, 0x30, 0x00, 0x30, 0x00, 0x30, 0x00, 0x30, 0x00, 0x30, 0x00, 0x3f, 0xe0,
    0x3f, 0xe0, 0x30, 0x00, 0x30, 0x00, 0x30, 0x00, 0x30, 0x00, 0x30, 0x00, 0x30, 0x00, 0x30, 0x00,
    0x30, 0x00, 0x30, 0x00, 0x00, 0x00, 0x00, 0x00, 0x00, 0x00, 0x00, 0x00, 0x00, 0x00, 0x00, 0x00,
    0x00, 0x00, 0x00, 0x00, 0x00, 0x00, 0x00, 0x00, 0x00, 0x00, 0x00, 0x00, 0x0f, 0xfc, 0x1f, 0xfc,
    0x38, 0x00, 0x30, 0x00, 0x30, 0x00, 0x30, 0x00, 0x30, 0x00, 0x30, 0x00, 0x30, 0x00, 0x30, 0xfc,
    0x30, 0xfc, 0x30, 0x0c, 0x30, 0x0c, 0x30, 0x0c, 0x30, 0x0c, 0x30, 0x0c, 0x30, 0x0c, 0x38, 0x0c,
    0x1f, 0xfc, 0x0f, 0xfc, 0x00, 0x00, 0x00, 0x00, 0x00, 0x00, 0x00, 0x00, 0x00, 0x00, 0x00, 0x00,
    0x00, 0x00, 0x00, 0x00, 0x00, 0x00, 0x00, 0x00, 0x00, 0x00, 0x00, 0x00, 0x30, 0x0c, 0x30, 0x0c,
    0x30, 0x0c, 0x30, 0x0c, 0x30, 0x0c, 0x30, 0x0c, 0x30, 0x0c, 0x30, 0x0c, 0x30, 0x0c, 0x3f, 0xfc,
    0x3f, 0xfc, 0x30, 0x0c, 0x30, 0x0c, 0x30, 0x0c, 0x30, 0x0c, 0x30, 0x0c, 0x30, 0x0c, 0x30, 0x0c,
    0x30, 0x0c, 0x30, 0x0c, 0x00, 0x00, 0x00, 0x00, 0x00, 0x00, 0x00, 0x00, 0x00, 0x00, 0x00, 0x00,
    0x00, 0x00, 0x00, 0x00, 0x00, 0x00, 0x00, 0x00, 0x00, 0x00, 0x00, 0x00, 0x1f, 0xf8, 0x1f, 0xf8,
    0x01, 0x80, 0x01, 0x80, 0x01, 0x80, 0x01, 0x80, 0x01, 0x80, 0x01, 0x80, 0x01, 0x80, 0x01, 0x80,
    0x01, 0x80, 0x01, 0x80, 0x01, 0x80, 0x01, 0x80, 0x01, 0x80, 0x01, 0x80, 0x01, 0x80, 0x01, 0x80,
    0x1f, 0xf8, 0x1f, 0xf8, 0x00, 0x00, 0x00, 0x00, 0x00, 0x00, 0x00, 0x00, 0x00, 0x00, 0x00, 0x00,
    0x00, 0x00, 0x00, 0x00, 0x00, 0x00, 0x00, 0x00, 0x00, 0x00, 0x00, 0x00, 0x1f, 0xf8, 0x1f, 0xf8,
    0x01, 0x80, 0x01, 0x80, 0x01, 0x80, 0x01, 0x80, 0x01, 0x80, 0x01, 0x80, 0x01, 0x80, 0x01, 0x80,
    0x01, 0x80, 0x01, 0x80, 0x01, 0x80, 0x01, 0x80, 0x01, 0x80, 0x01, 0x80, 0x01, 0x80, 0x03, 0x80,
    0x7f, 0x00, 0x7e, 0x00, 0x00, 0x00, 0x00, 0x00, 0x00, 0x00, 0x00, 0x00, 0x00, 0x00, 0x00, 0x00,
    0x00, 0x00, 0x00, 0x00, 0x00, 0x00, 0x00, 0x00, 0x00, 0x00, 0x00, 0x00, 0x30, 0x0c, 0x30, 0x0c,
    0x30, 0x0c, 0x30, 0x0c, 0x30, 0x0c, 0x30, 0x0c, 0x30, 0x18, 0x30, 0x30, 0x30, 0x60, 0x3f, 0xc0,
    0x3f, 0xc0, 0x30, 0x60, 0x30, 0x30, 0x30, 0x18, 0x30, 0x0c, 0x30, 0x0c, 0x30, 0x0c, 0x30, 0x0c,
    0x30, 0x0c, 0x30, 0x0c, 0x00, 0x00, 0x00, 0x00, 0x00, 0x00, 0x00, 0x00, 0x00, 0x00, 0x00, 0x00,
    0x00, 0x00, 0x00, 0x00, 0x00, 0x00, 0x00, 0x00, 0x00, 0x00, 0x00, 0x00, 0x30, 0x00, 0x30, 0x00,
    0x30, 0x00, 0x30, 0x00, 0x30, 0x00, 0x30, 0x00, 0x30, 0x00, 0x30, 0x00, 0x30, 0x00, 0x30, 0x00,
    0x30, 0x00, 0x30, 0x00, 0x30, 0x00, 0x30, 0x00, 0x30, 0x00, 0x30, 0x00, 0x30, 0x00, 0x38, 0x00,
    0x1f, 0xfc, 0x0f, 0xfc, 0x00, 0x00, 0x00, 0x00, 0x00, 0x00, 0x00, 0x00, 0x00, 0x00, 0x00, 0x00,
    0x00, 0x00, 0x00, 0x00, 0x00, 0x00, 0x00, 0x00, 0x00, 0x00, 0x00, 0x00, 0x30, 0x0c, 0x38, 0x1c,
    0x3c, 0x3c, 0x3e, 0x7c, 0x37, 0xec, 0x33, 0xcc, 0x31, 0x8c, 0x30, 0x0c, 0x30, 0x0c, 0x30, 0x0c,
    0x30, 0x0c, 0x30, 0x0c, 0x30, 0x0c, 0x30, 0x0c, 0x30, 0x0c, 0x30, 0x0c, 0x30, 0x0c, 0x30, 0x0c,
    0x30, 0x0c, 0x30, 0x0c, 0x00, 0x00, 0x00, 0x00, 0x00, 0x00, 0x00, 0x00, 0x00, 0x00, 0x00, 0x00,
    0x00, 0x00, 0x00, 0x00, 0x00, 0x00, 0x00, 0x00, 0x00, 0x00, 0x00, 0x00, 0x30, 0x0c, 0x30, 0x0c,
    0x38, 0x0c, 0x38, 0x0c, 0x3c, 0x0c, 0x3c, 0x0c, 0x36, 0x0c, 0x36, 0x0c, 0x33, 0x0c, 0x33, 0x0c,
    0x31, 0x8c, 0x31, 0x8c, 0x30, 0xcc, 0x30, 0xcc, 0x30, 0x6c, 0x30, 0x6c, 0x30, 0x3c, 0x30, 0x3c,
    0x30, 0x1c, 0x30, 0x1c, 0x00, 0x00, 0x00, 0x00, 0x00, 0x00, 0x00, 0x00, 0x00, 0x00, 0x00, 0x00,
    0x00, 0x00, 0x00, 0x00, 0x00, 0x00, 0x00, 0x00, 0x00, 0x00, 0x00, 0x00, 0x0f, 0xf0, 0x1f, 0xf8,
    0x38, 0x1c, 0x30, 0x0c, 0x30, 0x0c, 0x30, 0x0c, 0x30, 0x0c, 0x30, 0x0c, 0x30, 0x0c, 0x30, 0x0c,
    0x30, 0x0c, 0x30, 0x0c, 0x30, 0x0c, 0x30, 0x0c, 0x30, 0x0c, 0x30, 0x0c, 0x30, 0x0c, 0x38, 0x1c,
    0x1f, 0xf8, 0x0f, 0xf0, 0x00, 0x00, 0x00, 0x00, 0x00, 0x00, 0x00, 0x00, 0x00, 0x00, 0x00, 0x00,
    0x00, 0x00, 0x00, 0x00, 0x00, 0x00, 0x00, 0x00, 0x00, 0x00, 0x00, 0x00, 0x3f, 0xf0, 0x3f, 0xf8,
    0x30, 0x1c, 0x30, 0x0c, 0x30, 0x0c, 0x30, 0x0c, 0x30, 0x0c, 0x30, 0x0c, 0x30, 0x1c, 0x3f, 0xf8,
    0x3f, 0xf0, 0x30, 0x00, 0x30, 0x00, 0x30, 0x00, 0x30, 0x00, 0x30, 0x00, 0x30, 0x00, 0x30, 0x00,
    0x30, 0x00, 0x30, 0x00, 0x00, 0x00, 0x00, 0x00, 0x00, 0x00, 0x00, 0x00, 0x00, 0x00, 0x00, 0x00,
    0x00, 0x00, 0x00, 0x00, 0x00, 0x00, 0x00, 0x00, 0x00, 0x00, 0x00, 0x00, 0x0f, 0xf0, 0x1f, 0xf8,
    0x38, 0x1c, 0x30, 0x0c, 0x30, 0x0c, 0x30, 0x0c, 0x30, 0x0c, 0x30, 0x0c, 0x30, 0x0c, 0x30, 0x0c,
    0x30, 0x0c, 0x30, 0x0c, 0x30, 0x0c, 0x30, 0x0c, 0x31, 0x8c, 0x31, 0x8c, 0x30, 0xcc, 0x38, 0xdc,
    0x1f, 0xf8, 0x0f, 0xf0, 0x00, 0x30, 0x00, 0x30, 0x00, 0x18, 0x00, 0x18, 0x00, 0x00, 0x00, 0x00,
    0x00, 0x00, 0x00, 0x00, 0x00, 0x00, 0x00, 0x00, 0x00, 0x00, 0x00, 0x00, 0x3f, 0xf0, 0x3f, 0xf8,
    0x30, 0x1c, 0x30, 0x0c, 0x30, 0x0c, 0x30, 0x0c, 0x30, 0x0c, 0x30, 0x0c, 0x30, 0x18, 0x3f, 0xf0,
    0x3f, 0xf0, 0x30, 0x18, 0x30, 0x0c, 0x30, 0x0c, 0x30, 0x0c, 0x30, 0x0c, 0x30, 0x0c, 0x30, 0x0c,
    0x30, 0x0c, 0x30, 0x0c, 0x00, 0x00, 0x00, 0x00, 0x00, 0x00, 0x00, 0x00, 0x00, 0x00, 0x00, 0x00,
    0x00, 0x00, 0x00, 0x00, 0x00, 0x00, 0x00, 0x00, 0x00, 0x00, 0x00, 0x00, 0x0f, 0xfc, 0x1f, 0xfc,
    0x38, 0x00, 0x30, 0x00, 0x30, 0x00, 0x30, 0x00, 0x30, 0x00, 0x30, 0x00, 0x38, 0x00, 0x1f, 0xf0,
    0x0f, 0xf8, 0x00, 0x1c, 0x00, 0x0c, 0x00, 0x0c, 0x00, 0x0c, 0x00, 0x0c, 0x00, 0x0c, 0x00, 0x1c,
    0x3f, 0xf8, 0x3f, 0xf0, 0x00, 0x00, 0x00, 0x00, 0x00, 0x00, 0x00, 0x00, 0x00, 0x00, 0x00, 0x00,
    0x00, 0x00, 0x00, 0x00, 0x00, 0x00, 0x00, 0x00, 0x00, 0x00, 0x00, 0x00, 0x7f, 0xfe, 0x7f, 0xfe,
    0x01, 0x80, 0x01, 0x80, 0x01, 0x80, 0x01, 0x80, 0x01, 0x80, 0x01, 0x80, 0x01, 0x80, 0x01, 0x80,
    0x01, 0x80, 0x01, 0x80, 0x01, 0x80, 0x01, 0x80, 0x01, 0x80, 0x01, 0x80, 0x01, 0x80, 0x01, 0x80,
    0x01, 0x80, 0x01, 0x80, 0x00, 0x00, 0x00, 0x00, 0x00, 0x00, 0x00, 0x00, 0x00, 0x00, 0x00, 0x00,
    0x00, 0x00, 0x00, 0x00, 0x00, 0x00, 0x00, 0x00, 0x00, 0x00, 0x00, 0x00, 0x30, 0x0c, 0x30, 0x0c,
    0x30, 0x0c, 0x30, 0x0c, 0x30, 0x0c, 0x30, 0x0c, 0x30, 0x0c, 0x30, 0x0c, 0x30, 0x0c, 0x30, 0x0c,
    0x30, 0x0c, 0x30, 0x0c, 0x30, 0x0c, 0x30, 0x0c, 0x30, 0x0c, 0x30, 0x0c, 0x30, 0x0c, 0x38, 0x0c,
    0x1f, 0xfc, 0x0f, 0xfc, 0x00, 0x00, 0x00, 0x00, 0x00, 0x00, 0x00, 0x00, 0x00, 0x00, 0x00, 0x00,
    0x00, 0x00, 0x00, 0x00, 0x00, 0x00, 0x00, 0x00, 0x00, 0x00, 0x00, 0x00, 0x30, 0x0c, 0x30, 0x0c,
    0x30, 0x0c, 0x30, 0x0c, 0x30, 0x0c, 0x30, 0x0c, 0x30, 0x0c, 0x30, 0x0c, 0x30, 0x0c, 0x30, 0x0c,
    0x30, 0x0c, 0x30, 0x0c, 0x30, 0x0c, 0x30, 0x0c, 0x38, 0x1c, 0x1c, 0x38, 0x0e, 0x70, 0x07, 0xe0,
    0x03, 0xc0, 0x01, 0x80, 0x00, 0x00, 0x00, 0x00, 0x00, 0x00, 0x00, 0x00, 0x00, 0x00, 0x00, 0x00,
    0x00, 0x00, 0x00, 0x00, 0x00, 0x00, 0x00, 0x00, 0x00, 0x00, 0x00, 0x00, 0x30, 0x0c, 0x30, 0x0c,
    0x30, 0x0c, 0x30, 0x0c, 0x30, 0x0c, 0x30, 0x0c, 0x30, 0x0c, 0x30, 0x0c, 0x30, 0x0c, 0x30, 0x0c,
    0x30, 0x0c, 0x30, 0x0c, 0x30, 0x0c, 0x31, 0x8c, 0x33, 0xcc, 0x37, 0xec, 0x3e, 0x7c, 0x3c, 0x3c,
    0x38, 0x1c, 0x30, 0x0c, 0x00, 0x00, 0x00, 0x00, 0x00, 0x00, 0x00, 0x00, 0x00, 0x00, 0x00, 0x00,
    0x00, 0x00, 0x00, 0x00, 0x00, 0x00, 0x00, 0x00, 0x00, 0x00, 0x00, 0x00, 0x30, 0x0c, 0x30, 0x0c,
    0x30, 0x0c, 0x30, 0x0c, 0x30, 0x0c, 0x30, 0x0c, 0x38, 0x1c, 0x1c, 0x38, 0x0e, 0x70, 0x07, 0xe0,
    0x07, 0xe0, 0x0e, 0x70, 0x1c, 0x38, 0x38, 0x1c, 0x30, 0x0c, 0x30, 0x0c, 0x30, 0x0c, 0x30, 0x0c,
    0x30, 0x0c, 0x30, 0x0c, 0x00, 0x00, 0x00, 0x00, 0x00, 0x00, 0x00, 0x00, 0x00, 0x00, 0x00, 0x00,
    0x00, 0x00, 0x00, 0x00, 0x00, 0x00, 0x00, 0x00, 0x00, 0x00, 0x00, 0x00, 0x30, 0x0c, 0x30, 0x0c,
    0x30, 0x0c, 0x30, 0x0c, 0x30, 0x0c, 0x30, 0x0c, 0x30, 0x0c, 0x30, 0x0c, 0x38, 0x0c, 0x1f, 0xfc,
    0x0f, 0xfc, 0x00, 0x0c, 0x00, 0x0c, 0x00, 0x0c, 0x00, 0x0c, 0x00, 0x0c, 0x00, 0x0c, 0x00, 0x1c,
    0x3f, 0xf8, 0x3f, 0xf0, 0x00, 0x00, 0x00, 0x00, 0x00, 0x00, 0x00, 0x00, 0x00, 0x00, 0x00, 0x00,
    0x00, 0x00, 0x00, 0x00, 0x00, 0x00, 0x00, 0x00, 0x00, 0x00, 0x00, 0x00, 0x3f, 0xfc, 0x3f, 0xfc,
    0x00, 0x0c, 0x00, 0x0c, 0x00, 0x0c, 0x00, 0x0c, 0x00, 0x18, 0x00, 0x30, 0x00, 0x60, 0x00, 0xc0,
    0x01, 0x80, 0x03, 0x00, 0x06, 0x00, 0x0c, 0x00, 0x18, 0x00, 0x30, 0x00, 0x30, 0x00, 0x30, 0x00,
    0x3f, 0xfc, 0x3f, 0xfc, 0x00, 0x00, 0x00, 0x00, 0x00, 0x00, 0x00, 0x00, 0x00, 0x00, 0x00, 0x00,
    0x00, 0x00, 0x00, 0x00, 0x0f, 0xfc, 0x0f, 0xfc, 0x0c, 0x00, 0x0c, 0x00, 0x0c, 0x00, 0x0c, 0x00,
    0x0c, 0x00, 0x0c, 0x00, 0x0c, 0x00, 0x0c, 0x00, 0x0c, 0x00, 0x0c, 0x00, 0x0c, 0x00, 0x0c, 0x00,
    0x0c, 0x00, 0x0c, 0x00, 0x0c, 0x00, 0x0c, 0x00, 0x0c, 0x00, 0x0c, 0x00, 0x0c, 0x00, 0x0c, 0x00,
    0x0c, 0x00, 0x0c, 0x00, 0x0c, 0x00, 0x0c, 0x00, 0x0f, 0xfc, 0x0f, 0xfc, 0x00, 0x00, 0x00, 0x00,
    0x00, 0x00, 0x00, 0x00, 0x00, 0x00, 0x60, 0x00, 0x60, 0x00, 0x30, 0x00, 0x30, 0x00, 0x18, 0x00,
    0x18, 0x00, 0x0c, 0x00, 0x0c, 0x00, 0x06, 0x00, 0x06, 0x00, 0x03, 0x00, 0x03, 0x00, 0x01, 0x80,
    0x01, 0x80, 0x00, 0xc0, 0x00, 0xc0, 0x00, 0x60, 0x00, 0x60, 0x00, 0x30, 0x00, 0x30, 0x00, 0x18,
    0x00, 0x18, 0x00, 0x0c, 0x00, 0x0c, 0x00, 0x06, 0x00, 0x06, 0x00, 0x00, 0x00, 0x00, 0x00, 0x00,
    0x00, 0x00, 0x00, 0x00, 0x3f, 0xf0, 0x3f, 0xf0, 0x00, 0x30, 0x00, 0x30, 0x00, 0x30, 0x00, 0x30,
    0x00, 0x30, 0x00, 0x30, 0x00, 0x30, 0x00, 0x30, 0x00, 0x30, 0x00, 0x30, 0x00, 0x30, 0x00, 0x30,
    0x00, 0x30, 0x00, 0x30, 0x00, 0x30, 0x00, 0x30, 0x00, 0x30, 0x00, 0x30, 0x00, 0x30, 0x00, 0x30,
    0x00, 0x30, 0x00, 0x30, 0x00, 0x30, 0x00, 0x30, 0x3f, 0xf0, 0x3f, 0xf0, 0x00, 0x00, 0x00, 0x00,
    0x00, 0x00, 0x00, 0x00, 0x00, 0x00, 0x00, 0x00, 0x01, 0x80, 0x03, 0xc0, 0x07, 0xe0, 0x0e, 0x70,
    0x1c, 0x38, 0x38, 0x1c, 0x70, 0x0e, 0x60, 0x06, 0x00, 0x00, 0x00, 0x00, 0x00, 0x00, 0x00, 0x00,
    0x00, 0x00, 0x00, 0x00, 0x00, 0x00, 0x00, 0x00, 0x00, 0x00, 0x00, 0x00, 0x00, 0x00, 0x00, 0x00,
    0x00, 0x00, 0x00, 0x00, 0x00, 0x00, 0x00, 0x00, 0x00, 0x00, 0x00, 0x00, 0x00, 0x00, 0x00, 0x00,
    0x00, 0x00, 0x00, 0x00, 0x00, 0x00, 0x00, 0x00, 0x00, 0x00, 0x00, 0x00, 0x00, 0x00, 0x00, 0x00,
    0x00, 0x00, 0x00, 0x00, 0x00, 0x00, 0x00, 0x00, 0x00, 0x00, 0x00, 0x00, 0x00, 0x00, 0x00, 0x00,
    0x00, 0x00, 0x00, 0x00, 0x00, 0x00, 0x00, 0x00, 0x00, 0x00, 0x00, 0x00, 0x00, 0x00, 0x00, 0x00,
    0x00, 0x00, 0x00, 0x00, 0x00, 0x00, 0x00, 0x00, 0x7f, 0xfe, 0x7f, 0xfe, 0x00, 0x00, 0x00, 0x00,
    0x00, 0x00, 0x00, 0x00, 0x00, 0x00, 0x00, 0x00, 0x06, 0x00, 0x07, 0x00, 0x03, 0x80, 0x01, 0xc0,
    0x00, 0xe0, 0x00, 0x60, 0x00, 0x00, 0x00, 0x00, 0x00, 0x00, 0x00, 0x00, 0x00, 0x00, 0x00, 0x00,
    0x00, 0x00, 0x00, 0x00, 0x00, 0x00, 0x00, 0x00, 0x00, 0x00, 0x00, 0x00, 0x00, 0x00, 0x00, 0x00,
    0x00, 0x00, 0x00, 0x00, 0x00, 0x00, 0x00, 0x00, 0x00, 0x00, 0x00, 0x00, 0x00, 0x00, 0x00, 0x00,
    0x00, 0x00, 0x00, 0x00, 0x00, 0x00, 0x00, 0x00, 0x00, 0x00, 0x00, 0x00, 0x00, 0x00, 0x00, 0x00,
    0x00, 0x00, 0x00, 0x00, 0x00, 0x00, 0x00, 0x00, 0x1f, 0xf0, 0x1f, 0xf8, 0x00, 0x1c, 0x00, 0x0c,
    0x00, 0x0c, 0x0f, 0xfc, 0x1f, 0xfc, 0x38, 0x0c, 0x30, 0x0c, 0x30, 0x0c, 0x30, 0x0c, 0x38, 0x0c,
    0x1f, 0xfc, 0x0f, 0xfc, 0x00, 0x00, 0x00, 0x00, 0x00, 0x00, 0x00, 0x00, 0x00, 0x00, 0x00, 0x00,
    0x00, 0x00, 0x00, 0x00, 0x00, 0x00, 0x00, 0x00, 0x00, 0x00, 0x00, 0x00, 0x30, 0x00, 0x30, 0x00,
    0x30, 0x00, 0x30, 0x00, 0x30, 0x00, 0x30, 0x00, 0x3f, 0xf0, 0x3f, 0xf8, 0x30, 0x1c, 0x30, 0x0c,
    0x30, 0x0c, 0x30, 0x0c, 0x30, 0x0c, 0x30, 0x0c, 0x30, 0x0c, 0x30, 0x0c, 0x30, 0x0c, 0x30, 0x1c,
    0x3f, 0xf8, 0x3f, 0xf0, 0x00, 0x00, 0x00, 0x00, 0x00, 0x00, 0x00, 0x00, 0x00, 0x00, 0x00, 0x00,
    0x00, 0x00, 0x00, 0x00, 0x00, 0x00, 0x00, 0x00, 0x00, 0x00, 0x00, 0x00, 0x00, 0x00, 0x00, 0x00,
    0x00, 0x00, 0x00, 0x00, 0x00, 0x00, 0x00, 0x00, 0x0f, 0xfc, 0x1f, 0xfc, 0x38, 0x00, 0x30, 0x00,
    0x30, 0x00, 0x30, 0x00, 0x30, 0x00, 0x30, 0x00, 0x30, 0x00, 0x30, 0x00, 0x30, 0x00, 0x38, 0x00,
    0x1f, 0xfc, 0x0f, 0xfc, 0x00, 0x00, 0x00, 0x00, 0x00, 0x00, 0x00, 0x00, 0x00, 0x00, 0x00, 0x00,
    0x00, 0x00, 0x00, 0x00, 0x00, 0x00, 0x00, 0x00, 0x00, 0x00, 0x00, 0x00, 0x00, 0x0c, 0x00, 0x0c,
    0x00, 0x0c, 0x00, 0x0c, 0x00, 0x0c, 0x00, 0x0c, 0x0f, 0xfc, 0x1f, 0xfc, 0x38, 0x0c, 0x30, 0x0c,
    0x30, 0x0c, 0x30, 0x0c, 0x30, 0x0c, 0x30, 0x0c, 0x30, 0x0c, 0x30, 0x0c, 0x30, 0x0c, 0x38, 0x0c,
    0x1f, 0xfc, 0x0f, 0xfc, 0x00, 0x00, 0x00, 0x00, 0x00, 0x00, 0x00, 0x00, 0x00, 0x00, 0x00, 0x00,
    0x00, 0x00, 0x00, 0x00, 0x00, 0x00, 0x00, 0x00, 0x00, 0x00, 0x00, 0x00, 0x00, 0x00, 0x00, 0x00,
    0x00, 0x00, 0x00, 0x00, 0x00, 0x00, 0x00, 0x00, 0x0f, 0xfc, 0x1f, 0xfc, 0x38, 0x0c, 0x30, 0x0c,
    0x30, 0x0c, 0x30, 0x0c, 0x3f, 0xfc, 0x3f, 0xfc, 0x30, 0x00, 0x30, 0x00, 0x30, 0x00, 0x38, 0x00,
    0x1f, 0xfc, 0x0f, 0xfc, 0x00, 0x00, 0x00, 0x00, 0x00, 0x00, 0x00, 0x00, 0x00, 0x00, 0x00, 0x00,
    0x00, 0x00, 0x00, 0x00, 0x00, 0x00, 0x00, 0x00, 0x00, 0x00, 0x00, 0x00, 0x01, 0xf8, 0x03, 0xf8,
    0x07, 0x00, 0x06, 0x00, 0x06, 0x00, 0x06, 0x00, 0x06, 0x00, 0x06, 0x00, 0x1f, 0xe0, 0x1f, 0xe0,
    0x06, 0x00, 0x06, 0x00, 0x06, 0x00, 0x06, 0x00, 0x06, 0x00, 0x06, 0x00, 0x06, 0x00, 0x06, 0x00,
    0x06, 0x00, 0x06, 0x00, 0x00, 0x00, 0x00, 0x00, 0x00, 0x00, 0x00, 0x00, 0x00, 0x00, 0x00, 0x00,
    0x00, 0x00, 0x00, 0x00, 0x00, 0x00, 0x00, 0x00, 0x00, 0x00, 0x00, 0x00, 0x00, 0x00, 0x00, 0x00,
    0x00, 0x00, 0x00, 0x00, 0x00, 0x00, 0x00, 0x00, 0x0f, 0xfc, 0x1f, 0xfc, 0x38, 0x0c, 0x30, 0x0c,
    0x30, 0x0c, 0x30, 0x0c, 0x30, 0x0c, 0x30, 0x0c, 0x30, 0x0c, 0x30, 0x0c, 0x30, 0x0c, 0x38, 0x1c,
    0x1f, 0xf8, 0x0f, 0xf0, 0x00, 0x18, 0x00, 0x0c, 0x00, 0x0c, 0x00, 0x1c, 0x3f, 0xf8, 0x3f, 0xf0,
    0x00, 0x00, 0x00, 0x00, 0x00, 0x00, 0x00, 0x00, 0x00, 0x00, 0x00, 0x00, 0x30, 0x00, 0x30, 0x00,
    0x30, 0x00, 0x30, 0x00, 0x30, 0x00, 0x30, 0x00, 0x3f, 0xf0, 0x3f, 0xf8, 0x30, 0x1c, 0x30, 0x0c,
    0x30, 0x0c, 0x30, 0x0c, 0x30, 0x0c, 0x30, 0x0c, 0x30, 0x0c, 0x30, 0x0c, 0x30, 0x0c, 0x30, 0x0c,
    0x30, 0x0c, 0x30, 0x0c, 0x00, 0x00, 0x00, 0x00, 0x00, 0x00, 0x00, 0x00, 0x00, 0x00, 0x00, 0x00,
    0x00, 0x00, 0x00, 0x00, 0x00, 0x00, 0x00, 0x00, 0x00, 0x00, 0x00, 0x00, 0x01, 0x80, 0x01, 0x80,
    0x01, 0x80, 0x00, 0x00, 0x00, 0x00, 0x00, 0x00, 0x07, 0x80, 0x07, 0x80, 0x01, 0x80, 0x01, 0x80,
    0x01, 0x80, 0x01, 0x80, 0x01, 0x80, 0x01, 0x80, 0x01, 0x80, 0x01, 0x80, 0x01, 0x80, 0x01, 0x80,
    0x01, 0xe0, 0x01, 0xe0, 0x00, 0x00, 0x00, 0x00, 0x00, 0x00, 0x00, 0x00, 0x00, 0x00, 0x00, 0x00,
    0x00, 0x00, 0x00, 0x00, 0x00, 0x00, 0x00, 0x00, 0x00, 0x00, 0x00, 0x00, 0x01, 0x80, 0x01, 0x80,
    0x01, 0x80, 0x00, 0x00, 0x00, 0x00, 0x00, 0x00, 0x01, 0x80, 0x01, 0x80, 0x01, 0x80, 0x01, 0x80,
    0x01, 0x80, 0x01, 0x80, 0x01, 0x80, 0x01, 0x80, 0x01, 0x80, 0x01, 0x80, 0x01, 0x80, 0x01, 0x80,
    0x01, 0x80, 0x01, 0x80, 0x01, 0x80, 0x01, 0x80, 0x01, 0x80, 0x03, 0x80, 0x1f, 0x00, 0x1e, 0x00,
    0x00, 0x00, 0x00, 0x00, 0x00, 0x00, 0x00, 0x00, 0x00, 0x00, 0x00, 0x00, 0x18, 0x00, 0x18, 0x00,
    0x18, 0x00, 0x18, 0x00, 0x18, 0x00, 0x18, 0x00, 0x18, 0x30, 0x18, 0x70, 0x18, 0xe0, 0x19, 0xc0,
    0x1b, 0x80, 0x1f, 0x00, 0x1f, 0x00, 0x1b, 0x80, 0x19, 0xc0, 0x18, 0xe0, 0x18, 0x70, 0x18, 0x38,
    0x18, 0x1c, 0x18, 0x0c, 0x00, 0x00, 0x00, 0x00, 0x00, 0x00, 0x00, 0x00, 0x00, 0x00, 0x00, 0x00,
    0x00, 0x00, 0x00, 0x00, 0x00, 0x00, 0x00, 0x00, 0x00, 0x00, 0x00, 0x00, 0x06, 0x00, 0x06, 0x00,
    0x06, 0x00, 0x06, 0x00, 0x06, 0x00, 0x06, 0x00, 0x06, 0x00, 0x06, 0x00, 0x06, 0x00, 0x06, 0x00,
    0x06, 0x00, 0x06, 0x00, 0x06, 0x00, 0x06, 0x00, 0x06, 0x00, 0x06, 0x00, 0x06, 0x00, 0x07, 0x00,
    0x03, 0xf8, 0x01, 0xf8, 0x00, 0x00, 0x00, 0x00, 0x00, 0x00, 0x00, 0x00, 0x00, 0x00, 0x00, 0x00,
    0x00, 0x00, 0x00, 0x00, 0x00, 0x00, 0x00, 0x00, 0x00, 0x00, 0x00, 0x00, 0x00, 0x00, 0x00, 0x00,
    0x00, 0x00, 0x00, 0x00, 0x00, 0x00, 0x00, 0x00, 0x3e, 0x70, 0x3e, 0x78, 0x31, 0x9c, 0x31, 0x8c,
    0x31, 0x8c, 0x31, 0x8c, 0x31, 0x8c, 0x31, 0x8c, 0x31, 0x8c, 0x31, 0x8c, 0x30, 0x0c, 0x30, 0x0c,
    0x30, 0x0c, 0x30, 0x0c, 0x00, 0x00, 0x00, 0x00, 0x00, 0x00, 0x00, 0x00, 0x00, 0x00, 0x00, 0x00,
    0x00, 0x00, 0x00, 0x00, 0x00, 0x00, 0x00, 0x00, 0x00, 0x00, 0x00, 0x00, 0x00, 0x00, 0x00, 0x00,
    0x00, 0x00, 0x00, 0x00, 0x00, 0x00, 0x00, 0x00, 0x3f, 0xf0, 0x3f, 0xf8, 0x30, 0x1c, 0x30, 0x0c,
    0x30, 0x0c, 0x30, 0x0c, 0x30, 0x0c, 0x30, 0x0c, 0x30, 0x0c, 0x30, 0x0c, 0x30, 0x0c, 0x30, 0x0c,
    0x30, 0x0c, 0x30, 0x0c, 0x00, 0x00, 0x00, 0x00, 0x00, 0x00, 0x00, 0x00, 0x00, 0x00, 0x00, 0x00,
    0x00, 0x00, 0x00, 0x00, 0x00, 0x00, 0x00, 0x00, 0x00, 0x00, 0x00, 0x00, 0x00, 0x00, 0x00, 0x00,
    0x00, 0x00, 0x00, 0x00, 0x00, 0x00, 0x00, 0x00, 0x0f, 0xf0, 0x1f, 0xf8, 0x38, 0x1c, 0x30, 0x0c,
    0x30, 0x0c, 0x30, 0x0c, 0x30, 0x0c, 0x30, 0x0c, 0x30, 0x0c, 0x30, 0x0c, 0x30, 0x0c, 0x38, 0x1c,
    0x1f, 0xf8, 0x0f, 0xf0, 0x00, 0x00, 0x00, 0x00, 0x00, 0x00, 0x00, 0x00, 0x00, 0x00, 0x00, 0x00,
    0x00, 0x00, 0x00, 0x00, 0x00, 0x00, 0x00, 0x00, 0x00, 0x00, 0x00, 0x00, 0x00, 0x00, 0x00, 0x00,
    0x00, 0x00, 0x00, 0x00, 0x00, 0x00, 0x00, 0x00, 0x3f, 0xf0, 0x3f, 0xf8, 0x30, 0x1c, 0x30, 0x0c,
    0x30, 0x0c, 0x30, 0x0c, 0x30, 0x0c, 0x30, 0x0c, 0x30, 0x0c, 0x30, 0x0c, 0x30, 0x0c, 0x30, 0x1c,
    0x3f, 0xf8, 0x3f, 0xf0, 0x30, 0x00, 0x30, 0x00, 0x30, 0x00, 0x30, 0x00, 0x30, 0x00, 0x30, 0x00,
    0x00, 0x00, 0x00, 0x00, 0x00, 0x00, 0x00, 0x00, 0x00, 0x00, 0x00, 0x00, 0x00, 0x00, 0x00, 0x00,
    0x00, 0x00, 0x00, 0x00, 0x00, 0x00, 0x00, 0x00, 0x0f, 0xfc, 0x1f, 0xfc, 0x38, 0x0c, 0x30, 0x0c,
    0x30, 0x0c, 0x30, 0x0c, 0x30, 0x0c, 0x30, 0x0c, 0x30, 0x0c, 0x30, 0x0c, 0x30, 0x0c, 0x38, 0x0c,
    0x1f, 0xfc, 0x0f, 0xfc, 0x00, 0x0c, 0x00, 0x0c, 0x00, 0x0c, 0x00, 0x0c, 0x00, 0x0c, 0x00, 0x0c,
    0x00, 0x00, 0x00, 0x00, 0x00, 0x00, 0x00, 0x00, 0x00, 0x00, 0x00, 0x00, 0x00, 0x00, 0x00, 0x00,
    0x00, 0x00, 0x00, 0x00, 0x00, 0x00, 0x00, 0x00, 0x0f, 0xfc, 0x1f, 0xfc, 0x38, 0x0c, 0x30, 0x0c,
    0x30, 0x00, 0x30, 0x00, 0x30, 0x00, 0x30, 0x00, 0x30, 0x00, 0x30, 0x00, 0x30, 0x00, 0x30, 0x00,
    0x30, 0x00, 0x30, 0x00, 0x00, 0x00, 0x00, 0x00, 0x00, 0x00, 0x00, 0x00, 0x00, 0x00, 0x00, 0x00,
    0x00, 0x00, 0x00, 0x00, 0x00, 0x00, 0x00, 0x00, 0x00, 0x00, 0x00, 0x00, 0x00, 0x00, 0x00, 0x00,
    0x00, 0x00, 0x00, 0x00, 0x00, 0x00, 0x00, 0x00, 0x0f, 0xfc, 0x1f, 0xfc, 0x38, 0x00, 0x30, 0x00,
    0x30, 0x00, 0x38, 0x00, 0x1f, 0xf0, 0x0f, 0xf8, 0x00, 0x1c, 0x00, 0x0c, 0x00, 0x0c, 0x00, 0x1c,
    0x3f, 0xf8, 0x3f, 0xf0, 0x00, 0x00, 0x00, 0x00, 0x00, 0x00, 0x00, 0x00, 0x00, 0x00, 0x00, 0x00,
    0x00, 0x00, 0x00, 0x00, 0x00, 0x00, 0x00, 0x00, 0x00, 0x00, 0x00, 0x00, 0x06, 0x00, 0x06, 0x00,
    0x06, 0x00, 0x06, 0x00, 0x06, 0x00, 0x06, 0x00, 0x1f, 0xe0, 0x1f, 0xe0, 0x06, 0x00, 0x06, 0x00,
    0x06, 0x00, 0x06, 0x00, 0x06, 0x00, 0x06, 0x00, 0x06, 0x00, 0x06, 0x00, 0x06, 0x00, 0x07, 0x00,
    0x03, 0xf8, 0x01, 0xf8, 0x00, 0x00, 0x00, 0x00, 0x00, 0x00, 0x00, 0x00, 0x00, 0x00, 0x00, 0x00,
    0x00, 0x00, 0x00, 0x00, 0x00, 0x00, 0x00, 0x00, 0x00, 0x00, 0x00, 0x00, 0x00, 0x00, 0x00, 0x00,
    0x00, 0x00, 0x00, 0x00, 0x00, 0x00, 0x00, 0x00, 0x30, 0x0c, 0x30, 0x0c, 0x30, 0x0c, 0x30, 0x0c,
    0x30, 0x0c, 0x30, 0x0c, 0x30, 0x0c, 0x30, 0x0c, 0x30, 0x0c, 0x30, 0x0c, 0x30, 0x0c, 0x38, 0x0c,
    0x1f, 0xfc, 0x0f, 0xfc, 0x00, 0x00, 0x00, 0x00, 0x00, 0x00, 0x00, 0x00, 0x00, 0x00, 0x00, 0x00,
    0x00, 0x00, 0x00, 0x00, 0x00, 0x00, 0x00, 0x00, 0x00, 0x00, 0x00, 0x00, 0x00, 0x00, 0x00, 0x00,
    0x00, 0x00, 0x00, 0x00, 0x00, 0x00, 0x00, 0x00, 0x30, 0x0c, 0x30, 0x0c, 0x30, 0x0c, 0x30, 0x0c,
    0x30, 0x0c, 0x30, 0x0c, 0x30, 0x0c, 0x30, 0x0c, 0x38, 0x1c, 0x1c, 0x38, 0x0e, 0x70, 0x07, 0xe0,
    0x03, 0xc0, 0x01, 0x80, 0x00, 0x00, 0x00, 0x00, 0x00, 0x00, 0x00, 0x00, 0x00, 0x00, 0x00, 0x00,
    0x00, 0x00, 0x00, 0x00, 0x00, 0x00, 0x00, 0x00, 0x00, 0x00, 0x00, 0x00, 0x00, 0x00, 0x00, 0x00,
    0x00, 0x00, 0x00, 0x00, 0x00, 0x00, 0x00, 0x00, 0x30, 0x0c, 0x30, 0x0c, 0x30, 0x0c, 0x30, 0x0c,
    0x31, 0x8c, 0x31, 0x8c, 0x31, 0x8c, 0x31, 0x8c, 0x31, 0x8c, 0x31, 0x8c, 0x31, 0x8c, 0x39, 0x8c,
    0x1e, 0x7c, 0x0e, 0x7c, 0x00, 0x00, 0x00, 0x00, 0x00, 0x00, 0x00, 0x00, 0x00, 0x00, 0x00, 0x00,
    0x00, 0x00, 0x00, 0x00, 0x00, 0x00, 0x00, 0x00, 0x00, 0x00, 0x00, 0x00, 0x00, 0x00, 0x00, 0x00,
    0x00, 0x00, 0x00, 0x00, 0x00, 0x00, 0x00, 0x00, 0x30, 0x0c, 0x38, 0x1c, 0x1c, 0x38, 0x0e, 0x70,
    0x07, 0xe0, 0x03, 0xc0, 0x03, 0xc0, 0x07, 0xe0, 0x0e, 0x70, 0x1c, 0x38, 0x18, 0x18, 0x38, 0x1c,
    0x30, 0x0c, 0x30, 0x0c, 0x00, 0x00, 0x00, 0x00, 0x00, 0x00, 0x00, 0x00, 0x00, 0x00, 0x00, 0x00,
    0x00, 0x00, 0x00, 0x00, 0x00, 0x00, 0x00, 0x00, 0x00, 0x00, 0x00, 0x00, 0x00, 0x00, 0x00, 0x00,
    0x00, 0x00, 0x00, 0x00, 0x00, 0x00, 0x00, 0x00, 0x30, 0x0c, 0x30, 0x0c, 0x30, 0x0c, 0x30, 0x0c,
    0x30, 0x0c, 0x30, 0x0c, 0x30, 0x0c, 0x30, 0x0c, 0x30, 0x0c, 0x30, 0x0c, 0x30, 0x0c, 0x38, 0x0c,
    0x1f, 0xfc, 0x0f, 0xfc, 0x00, 0x0c, 0x00, 0x0c, 0x00, 0x0c, 0x00, 0x1c, 0x3f, 0xf8, 0x3f, 0xf0,
    0x00, 0x00, 0x00, 0x00, 0x00, 0x00, 0x00, 0x00, 0x00, 0x00, 0x00, 0x00, 0x00, 0x00, 0x00, 0x00,
    0x00, 0x00, 0x00, 0x00, 0x00, 0x00, 0x00, 0x00, 0x3f, 0xfc, 0x3f, 0xfc, 0x00, 0x0c, 0x00, 0x18,
    0x00, 0x30, 0x00, 0x60, 0x00, 0xc0, 0x01, 0x80, 0x03, 0x00, 0x06, 0x00, 0x0c, 0x00, 0x18, 0x00,
    0x3f, 0xfc, 0x3f, 0xfc, 0x00, 0x00, 0x00, 0x00, 0x00, 0x00, 0x00, 0x00, 0x00, 0x00, 0x00, 0x00,
    0x00, 0x00, 0x00, 0x00, 0x00, 0xfc, 0x01, 0xfc, 0x03, 0x80, 0x03, 0x00, 0x03, 0x00, 0x03, 0x00,
    0x03, 0x00, 0x03, 0x00, 0x03, 0x00, 0x03, 0x00, 0x03, 0x00, 0x07, 0x00, 0x3e, 0x00, 0x3c, 0x00,
    0x3c, 0x00, 0x3e, 0x00, 0x07, 0x00, 0x03, 0x00, 0x03, 0x00, 0x03, 0x00, 0x03, 0x00, 0x03, 0x00,
    0x03, 0x00, 0x03, 0x00, 0x03, 0x00, 0x03, 0x80, 0x01, 0xfc, 0x00, 0xfc, 0x00, 0x00, 0x00, 0x00,
    0x00, 0x00, 0x00, 0x00, 0x00, 0x00, 0x00, 0x00, 0x01, 0x80, 0x01, 0x80, 0x01, 0x80, 0x01, 0x80,
    0x01, 0x80, 0x01, 0x80, 0x01, 0x80, 0x01, 0x80, 0x01, 0x80, 0x01, 0x80, 0x01, 0x80, 0x01, 0x80,
    0x01, 0x80, 0x01, 0x80, 0x01, 0x80, 0x01, 0x80, 0x01, 0x80, 0x01, 0x80, 0x01, 0x80, 0x01, 0x80,
    0x01, 0x80, 0x01, 0x80, 0x01, 0x80, 0x01, 0x80, 0x00, 0x00, 0x00, 0x00, 0x00, 0x00, 0x00, 0x00,
    0x00, 0x00, 0x00, 0x00, 0x3f, 0x00, 0x3f, 0x80, 0x01, 0xc0, 0x00, 0xc0, 0x00, 0xc0, 0x00, 0xc0,
    0x00, 0xc0, 0x00, 0xc0, 0x00, 0xc0, 0x00, 0xc0, 0x00, 0xc0, 0x00, 0xe0, 0x00, 0x7c, 0x00, 0x3c,
    0x00, 0x3c, 0x00, 0x7c, 0x00, 0xe0, 0x00, 0xc0, 0x00, 0xc0, 0x00, 0xc0, 0x00, 0xc0, 0x00, 0xc0,
    0x00, 0xc0, 0x00, 0xc0, 0x00, 0xc0, 0x01, 0xc0, 0x3f, 0x80, 0x3f, 0x00, 0x00, 0x00, 0x00, 0x00,
    0x00, 0x00, 0x00, 0x00, 0x00, 0x00, 0x00, 0x00, 0x00, 0x00, 0x00, 0x00, 0x00, 0x00, 0x00, 0x00,
    0x00, 0x00, 0x00, 0x00, 0x00, 0x00, 0x00, 0x00, 0x00, 0x00, 0x00, 0x00, 0x0e, 0x0c, 0x1f, 0x0c,
    0x3b, 0x9c, 0x31, 0xf8, 0x30, 0xf0, 0x00, 0x00, 0x00, 0x00, 0x00, 0x00, 0x00, 0x00, 0x00, 0x00,
    0x00, 0x00, 0x00, 0x00, 0x00, 0x00, 0x00, 0x00, 0x00, 0x00, 0x00, 0x00, 0x00, 0x00, 0x00, 0x00,
};

static const uint8_t font_32x64_data[24320] = {
    0x00, 0x00, 0x00, 0x00, 0x00, 0x00, 0x00, 0x00, 0x00, 0x00, 0x00, 0x00, 0x00, 0x00, 0x00, 0x00,
    0x00, 0x00, 0x00, 0x00, 0x00, 0x00, 0x00, 0x00, 0x00, 0x00, 0x00, 0x00, 0x00, 0x00, 0x00, 0x00,
    0x00, 0x00, 0x00, 0x00, 0x00, 0x00, 0x00, 0x00, 0x00, 0x00, 0x00, 0x00, 0x00, 0x00, 0x00, 0x00,
    0x00, 0x00, 0x00, 0x00, 0x00, 0x00, 0x00, 0x00, 0x00, 0x00, 0x00, 0x00, 0x00, 0x00, 0x00, 0x00,
    0x00, 0x00, 0x00, 0x00, 0x00, 0x00, 0x00, 0x00, 0x00, 0x00, 0x00, 0x00, 0x00, 0x00, 0x00, 0x00,
    0x00, 0x00, 0x00, 0x00, 0x00, 0x00, 0x00, 0x00, 0x00, 0x00, 0x00, 0x00, 0x00, 0x00, 0x00, 0x00,
    0x00, 0x00, 0x00, 0x00, 0x00, 0x00, 0x00, 0x00, 0x00, 0x00, 0x00, 0x00, 0x00, 0x00, 0x00, 0x00,
    0x00, 0x00, 0x00, 0x00, 0x00, 0x00, 0x00, 0x00, 0x00, 0x00, 0x00, 0x00, 0x00, 0x00, 0x00, 0x00,
    0x00, 0x00, 0x00, 0x00, 0x00, 0x00, 0x00, 0x00, 0x00, 0x00, 0x00, 0x00, 0x00, 0x00, 0x00, 0x00,
    0x00, 0x00, 0x00, 0x00, 0x00, 0x00, 0x00, 0x00, 0x00, 0x00, 0x00, 0x00, 0x00, 0x00, 0x00, 0x00,
    0x00, 0x00, 0x00, 0x00, 0x00, 0x00, 0x00, 0x00, 0x00, 0x00, 0x00, 0x00, 0x00, 0x00, 0x00, 0x00,
    0x00, 0x00, 0x00, 0x00, 0x00, 0x00, 0x00, 0x00, 0x00, 0x00, 0x00, 0x00, 0x00, 0x00, 0x00, 0x00,
    0x00, 0x00, 0x00, 0x00, 0x00, 0x00, 0x00, 0x00, 0x00, 0x00, 0x00, 0x00, 0x00, 0x00, 0x00, 0x00,
    0x00, 0x00, 0x00, 0x00, 0x00, 0x00, 0x00, 0x00, 0x00, 0x00, 0x00, 0x00, 0x00, 0x00, 0x00, 0x00,
    0x00, 0x00, 0x00, 0x00, 0x00, 0x00, 0x00, 0x00, 0x00, 0x00, 0x00, 0x00, 0x00, 0x00, 0x00, 0x00,
    0x00, 0x00, 0x00, 0x00, 0x00, 0x00, 0x00, 0x00, 0x00, 0x00, 0x00, 0x00, 0x00, 0x00, 0x00, 0x00,
    0x00, 0x00, 0x00, 0x00, 0x00, 0x00, 0x00, 0x00, 0x00, 0x00, 0x00, 0x00, 0x00, 0x00, 0x00, 0x00,
    0x00, 0x00, 0x00, 0x00, 0x00, 0x00, 0x00, 0x00, 0x00, 0x00, 0x00, 0x00, 0x00, 0x00, 0x00, 0x00,
    0x00, 0x00, 0x00, 0x00, 0x00, 0x00, 0x00, 0x00, 0x00, 0x00, 0x00, 0x00, 0x00, 0x00, 0x00, 0x00,
    0x00, 0x03, 0xc0, 0x00, 0x00, 0x03, 0xc0, 0x00, 0x00, 0x03, 0xc0, 0x00, 0x00, 0x03, 0xc0, 0x00,
    0x00, 0x03, 0xc0, 0x00, 0x00, 0x03, 0xc0, 0x00, 0x00, 0x03, 0xc0, 0x00, 0x00, 0x03, 0xc0, 0x00,
    0x00, 0x03, 0xc0, 0x00, 0x00, 0x03, 0xc0, 0x00, 0x00, 0x03, 0xc0, 0x00, 0x00, 0x03, 0xc0, 0x00,
    0x00, 0x03, 0xc0, 0x00, 0x00, 0x03, 0xc0, 0x00, 0x00, 0x03, 0xc0, 0x00, 0x00, 0x03, 0xc0, 0x00,
    0x00, 0x03, 0xc0, 0x00, 0x00, 0x03, 0xc0, 0x00, 0x00, 0x03, 0xc0, 0x00, 0x00, 0x03, 0xc0, 0x00,
    0x00, 0x03, 0xc0, 0x00, 0x00, 0x03, 0xc0, 0x00, 0x00, 0x03, 0xc0, 0x00, 0x00, 0x03, 0xc0, 0x00,
    0x00, 0x03, 0xc0, 0x00, 0x00, 0x03, 0xc0, 0x00, 0x00, 0x03, 0xc0, 0x00, 0x00, 0x03, 0xc0, 0x00,
    0x00, 0x00, 0x00, 0x00, 0x00, 0x00, 0x00, 0x00, 0x00, 0x00, 0x00, 0x00, 0x00, 0x00, 0x00, 0x00,
    0x00, 0x00, 0x00, 0x00, 0x00, 0x00, 0x00, 0x00, 0x00, 0x03, 0xc0, 0x00, 0x00, 0x03, 0xc0, 0x00,
    0x00, 0x03, 0xc0, 0x00, 0x00, 0x03, 0xc0, 0x00, 0x00, 0x03, 0xc0, 0x00, 0x00, 0x03, 0xc0, 0x00,
    0x00, 0x00, 0x00, 0x00, 0x00, 0x00, 0x00, 0x00, 0x00, 0x00, 0x00, 0x00, 0x00, 0x00, 0x00, 0x00,
    0x00, 0x00, 0x00, 0x00, 0x00, 0x00, 0x00, 0x00, 0x00, 0x00, 0x00, 0x00, 0x00, 0x00, 0x00, 0x00,
    0x00, 0x00, 0x00, 0x00, 0x00, 0x00, 0x00, 0x00, 0x00, 0x00, 0x00, 0x00, 0x00, 0x00, 0x00, 0x00,
    0x00, 0x00, 0x00, 0x00, 0x00, 0x00, 0x00, 0x00, 0x00, 0x00, 0x00, 0x00, 0x00, 0x00, 0x00, 0x00,
    0x00, 0x00, 0x00, 0x00, 0x00, 0x00, 0x00, 0x00, 0x00, 0x00, 0x00, 0x00, 0x00, 0x00, 0x00, 0x00,
    0x03, 0xc0, 0x03, 0xc0, 0x03, 0xc0, 0x03, 0xc0, 0x03, 0xc0, 0x03, 0xc0, 0x03, 0xc0, 0x03, 0xc0,
    0x03, 0xc0, 0x03, 0xc0, 0x03, 0xc0, 0x03, 0xc0, 0x03, 0xc0, 0x03, 0xc0, 0x03, 0xc0, 0x03, 0xc0,
    0x03, 0xc0, 0x03, 0xc0, 0x03, 0xc0, 0x03, 0xc0, 0x03, 0xc0, 0x03, 0xc0, 0x03, 0xc0, 0x03, 0xc0,
    0x03, 0xc0, 0x03, 0xc0, 0x03, 0xc0, 0x03, 0xc0, 0x03, 0xc0, 0x03, 0xc0, 0x03, 0xc0, 0x03, 0xc0,
    0x00, 0x00, 0x00, 0x00, 0x00, 0x00, 0x00, 0x00, 0x00, 0x00, 0x00, 0x00, 0x00, 0x00, 0x00, 0x00,
    0x00, 0x00, 0x00, 0x00, 0x00, 0x00, 0x00, 0x00, 0x00, 0x00, 0x00, 0x00, 0x00, 0x00, 0x00, 0x00,
    0x00, 0x00, 0x00, 0x00, 0x00, 0x00, 0x00, 0x00, 0x00, 0x00, 0x00, 0x00, 0x00, 0x00, 0x00, 0x00,
    0x00, 0x00, 0x00, 0x00, 0x00, 0x00, 0x00, 0x00, 0x00, 0x00, 0x00, 0x00, 0x00, 0x00, 0x00, 0x00,
    0x00, 0x00, 0x00, 0x00, 0x00, 0x00, 0x00, 0x00, 0x00, 0x00, 0x00, 0x00, 0x00, 0x00, 0x00, 0x00,
    0x00, 0x00, 0x00, 0x00, 0x00, 0x00, 0x00, 0x00, 0x00, 0x00, 0x00, 0x00, 0x00, 0x00, 0x00, 0x00,
    0x00, 0x00, 0x00, 0x00, 0x00, 0x00, 0x00, 0x00, 0x00, 0x00, 0x00, 0x00, 0x00, 0x00, 0x00, 0x00,
    0x00, 0x00, 0x00, 0x00, 0x00, 0x00, 0x00, 0x00, 0x00, 0x00, 0x00, 0x00, 0x00, 0x00, 0x00, 0x00,
    0x00, 0x00, 0x00, 0x00, 0x00, 0x00, 0x00, 0x00, 0x00, 0x00, 0x00, 0x00, 0x00, 0x00, 0x00, 0x00,
    0x00, 0x00, 0x00, 0x00, 0x00, 0x00, 0x00, 0x00, 0x00, 0x00, 0x00, 0x00, 0x00, 0x00, 0x00, 0x00,
    0x00, 0x00, 0x00, 0x00, 0x00, 0x00, 0x00, 0x00, 0x00, 0x00, 0x00, 0x00, 0x00, 0x00, 0x00, 0x00,
    0x00, 0x00, 0x00, 0x00, 0x00, 0x00, 0x00, 0x00, 0x00, 0x00, 0x00, 0x00, 0x00, 0x00, 0x00, 0x00,
    0x00, 0x00, 0x00, 0x00, 0x00, 0x00, 0x00, 0x00, 0x00, 0x00, 0x00, 0x00, 0x00, 0x00, 0x00, 0x00,
    0x03, 0xc0, 0x03, 0xc0, 0x03, 0xc0, 0x03, 0xc0, 0x03, 0xc0, 0x03, 0xc0, 0x03, 0xc0, 0x03, 0xc0,
    0x03, 0xc0, 0x03, 0xc0, 0x03, 0xc0, 0x03, 0xc0, 0x03, 0xc0, 0x03, 0xc0, 0x03, 0xc0, 0x03, 0xc0,
    0x3f, 0xff, 0xff, 0xfc, 0x3f, 0xff, 0xff, 0xfc, 0x3f, 0xff, 0xff, 0xfc, 0x3f, 0xff, 0xff, 0xfc,
    0x03, 0xc0, 0x03, 0xc0, 0x03, 0xc0, 0x03, 0xc0, 0x03, 0xc0, 0x03, 0xc0, 0x03, 0xc0, 0x03, 0xc0,
    0x03, 0xc0, 0x03, 0xc0, 0x03, 0xc0, 0x03, 0xc0, 0x03, 0xc0, 0x03, 0xc0, 0x03, 0xc0, 0x03, 0xc0,
    0x03, 0xc0, 0x03, 0xc0, 0x03, 0xc0, 0x03, 0xc0, 0x03, 0xc0, 0x03, 0xc0, 0x03, 0xc0, 0x03, 0xc0,
    0x03, 0xc0, 0x03, 0xc0, 0x03, 0xc0, 0x03, 0xc0, 0x03, 0xc0, 0x03, 0xc0, 0x03, 0xc0, 0x03, 0xc0,
    0x3f, 0xff, 0xff, 0xfc, 0x3f, 0xff, 0xff, 0xfc, 0x3f, 0xff, 0xff, 0xfc, 0x3f, 0xff, 0xff, 0xfc,
    0x03, 0xc0, 0x03, 0xc0, 0x03, 0xc0, 0x03, 0xc0, 0x03, 0xc0, 0x03, 0xc0, 0x03, 0xc0, 0x03, 0xc0,
    0x03, 0xc0, 0x03, 0xc0, 0x03, 0xc0, 0x03, 0xc0, 0x03, 0xc0, 0x03, 0xc0, 0x03, 0xc0, 0x03, 0xc0,
    0x00, 0x00, 0x00, 0x00, 0x00, 0x00, 0x00, 0x00, 0x00, 0x00, 0x00, 0x00, 0x00, 0x00, 0x00, 0x00,
    0x00, 0x00, 0x00, 0x00, 0x00, 0x00, 0x00, 0x00, 0x00, 0x00, 0x00, 0x00, 0x00, 0x00, 0x00, 0x00,
    0x00, 0x00, 0x00, 0x00, 0x00, 0x00, 0x00, 0x00, 0x00, 0x00, 0x00, 0x00, 0x00, 0x00, 0x00, 0x00,
    0x00, 0x00, 0x00, 0x00, 0x00, 0x00, 0x00, 0x00, 0x00, 0x00, 0x00, 0x00, 0x00, 0x00, 0x00, 0x00,
    0x00, 0x00, 0x00, 0x00, 0x00, 0x00, 0x00, 0x00, 0x00, 0x00, 0x00, 0x00, 0x00, 0x00, 0x00, 0x00,
    0x00, 0x03, 0xc0, 0x00, 0x00, 0x03, 0xc0, 0x00, 0x00, 0x03, 0xc0, 0x00, 0x00, 0x03, 0xc0, 0x00,
    0x00, 0x7f, 0xff, 0xf0, 0x01, 0xff, 0xff, 0xf0, 0x03, 0xff, 0xff, 0xf0, 0x07, 0xff, 0xff, 0xf0,
    0x07, 0xc3, 0xc0, 0x00, 0x0f, 0x83, 0xc0, 0x00, 0x0f, 0x03, 0xc0, 0x00, 0x0f, 0x03, 0xc0, 0x00,
    0x0f, 0x03, 0xc0, 0x00, 0x0f, 0x03, 0xc0, 0x00, 0x0f, 0x03, 0xc0, 0x00, 0x0f, 0x03, 0xc0, 0x00,
    0x0f, 0x03, 0xc0, 0x00, 0x0f, 0x03, 0xc0, 0x00, 0x0f, 0x83, 0xc0, 0x00, 0x07, 0xc3, 0xc0, 0x00,
    0x07, 0xff, 0xfe, 0x00, 0x03, 0xff, 0xff, 0x80, 0x01, 0xff, 0xff, 0xc0, 0x00, 0x7f, 0xff, 0xe0,
    0x00, 0x03, 0xc3, 0xe0, 0x00, 0x03, 0xc1, 0xf0, 0x00, 0x03, 0xc0, 0xf0, 0x00, 0x03, 0xc0, 0xf0,
    0x00, 0x03, 0xc0, 0xf0, 0x00, 0x03, 0xc0, 0xf0, 0x00, 0x03, 0xc0, 0xf0, 0x00, 0x03, 0xc0, 0xf0,
    0x00, 0x03, 0xc0, 0xf0, 0x00, 0x03, 0xc0, 0xf0, 0x00, 0x03, 0xc0, 0xf0, 0x00, 0x03, 0xc0, 0xf0,
    0x00, 0x03, 0xc0, 0xf0, 0x00, 0x03, 0xc0, 0xf0, 0x00, 0x03, 0xc1, 0xf0, 0x00, 0x03, 0xc3, 0xe0,
    0x0f, 0xff, 0xff, 0xe0, 0x0f, 0xff, 0xff, 0xc0, 0x0f, 0xff, 0xff, 0x80, 0x0f, 0xff, 0xfe, 0x00,
    0x00, 0x03, 0xc0, 0x00, 0x00, 0x03, 0xc0, 0x00, 0x00, 0x03, 0xc0, 0x00, 0x00, 0x03, 0xc0, 0x00,
    0x00, 0x00, 0x00, 0x00, 0x00, 0x00, 0x00, 0x00, 0x00, 0x00, 0x00, 0x00, 0x00, 0x00, 0x00, 0x00,
    0x00, 0x00, 0x00, 0x00, 0x00, 0x00, 0x00, 0x00, 0x00, 0x00, 0x00, 0x00, 0x00, 0x00, 0x00, 0x00,
    0x00, 0x00, 0x00, 0x00, 0x00, 0x00, 0x00, 0x00, 0x00, 0x00, 0x00, 0x00, 0x00, 0x00, 0x00, 0x00,
    0x00, 0x00, 0x00, 0x00, 0x00, 0x00, 0x00, 0x00, 0x00, 0x00, 0x00, 0x00, 0x00, 0x00, 0x00, 0x00,
    0x00, 0x00, 0x00, 0x00, 0x00, 0x00, 0x00, 0x00, 0x00, 0x00, 0x00, 0x00, 0x00, 0x00, 0x00, 0x00,
    0x00, 0x00, 0x01, 0xe0, 0x00, 0x00, 0x01, 0xe0, 0x01, 0xf8, 0x03, 0xe0, 0x03, 0xfc, 0x03, 0xe0,
    0x07, 0x9e, 0x07, 0xc0, 0x07, 0x9e, 0x07, 0xc0, 0x07, 0x9e, 0x0f, 0x80, 0x07, 0x9e, 0x0f, 0x80,
    0x07, 0x9e, 0x1f, 0x00, 0x07, 0x9e, 0x1f, 0x00, 0x03, 0xfc, 0x3e, 0x00, 0x01, 0xf8, 0x3e, 0x00,
    0x00, 0x00, 0x7c, 0x00, 0x00, 0x00, 0x7c, 0x00, 0x00, 0x00, 0xf8, 0x00, 0x00, 0x00, 0xf8, 0x00,
    0x00, 0x01, 0xf0, 0x00, 0x00, 0x01, 0xf0, 0x00, 0x00, 0x03, 0xe0, 0x00, 0x00, 0x03, 0xe0, 0x00,
    0x00, 0x07, 0xc0, 0x00, 0x00, 0x07, 0xc0, 0x00, 0x00, 0x0f, 0x80, 0x00, 0x00, 0x0f, 0x80, 0x00,
    0x00, 0x1f, 0x00, 0x00, 0x00, 0x1f, 0x00, 0x00, 0x00, 0x3e, 0x00, 0x00, 0x00, 0x3e, 0x00, 0x00,
    0x00, 0x7c, 0x1f, 0x80, 0x00, 0x7c, 0x3f, 0xc0, 0x00, 0xf8, 0x79, 0xe0, 0x00, 0xf8, 0x79, 0xe0,
    0x01, 0xf0, 0x79, 0xe0, 0x01, 0xf0, 0x79, 0xe0, 0x03, 0xe0, 0x79, 0xe0, 0x03, 0xe0, 0x79, 0xe0,
    0x07, 0xc0, 0x3f, 0xc0, 0x07, 0xc0, 0x1f, 0x80, 0x07, 0x80, 0x00, 0x00, 0x07, 0x80, 0x00, 0x00,
    0x00, 0x00, 0x00, 0x00, 0x00, 0x00, 0x00, 0x00, 0x00, 0x00, 0x00, 0x00, 0x00, 0x00, 0x00, 0x00,
    0x00, 0x00, 0x00, 0x00, 0x00, 0x00, 0x00, 0x00, 0x00, 0x00, 0x00, 0x00, 0x00, 0x00, 0x00, 0x00,
    0x00, 0x00, 0x00, 0x00, 0x00, 0x00, 0x00, 0x00, 0x00, 0x00, 0x00, 0x00, 0x00, 0x00, 0x00, 0x00,
    0x00, 0x00, 0x00, 0x00, 0x00, 0x00, 0x00, 0x00, 0x00, 0x00, 0x00, 0x00, 0x00, 0x00, 0x00, 0x00,
    0x00, 0x00, 0x00, 0x00, 0x00, 0x00, 0x00, 0x00, 0x00, 0x00, 0x00, 0x00, 0x00, 0x00, 0x00, 0x00,
    0x00, 0x00, 0x00, 0x00, 0x00, 0x00, 0x00, 0x00, 0x00, 0x00, 0x00, 0x00, 0x00, 0x00, 0x00, 0x00,
    0x00, 0x1f, 0xf8, 0x00, 0x00, 0x7f, 0xfe, 0x00, 0x00, 0xff, 0xff, 0x00, 0x01, 0xff, 0xff, 0x80,
    0x01, 0xf0, 0x0f, 0x80, 0x03, 0xe0, 0x07, 0xc0, 0x03, 0xc0, 0x03, 0xc0, 0x03, 0xc0, 0x03, 0xc0,
    0x03, 0xc0, 0x03, 0xc0, 0x03, 0xc0, 0x03, 0xc0, 0x03, 0xc0, 0x03, 0xc0, 0x03, 0xc0, 0x03, 0xc0,
    0x03, 0xc0, 0x03, 0xc0, 0x03, 0xc0, 0x03, 0xc0, 0x03, 0xe0, 0x07, 0xc0, 0x01, 0xf0, 0x0f, 0x80,
    0x01, 0xff, 0xff, 0x80, 0x00, 0xff, 0xff, 0x00, 0x00, 0x7f, 0xfe, 0x00, 0x00, 0x3f, 0xf8, 0x00,
    0x01, 0xff, 0xc0, 0x00, 0x07, 0xff, 0xc0, 0x00, 0x0f, 0xff, 0xe0, 0x00, 0x1f, 0xff, 0xf0, 0x00,
    0x1f, 0x00, 0xf8, 0x70, 0x3e, 0x00, 0x7c, 0xf0, 0x3c, 0x00, 0x3f, 0xf0, 0x3c, 0x00, 0x1f, 0xe0,
    0x3c, 0x00, 0x0f, 0xc0, 0x3c, 0x00, 0x0f, 0x80, 0x3c, 0x00, 0x0f, 0x00, 0x3c, 0x00, 0x0f, 0x00,
    0x3c, 0x00, 0x0f, 0x80, 0x3c, 0x00, 0x0f, 0xc0, 0x3e, 0x00, 0x1f, 0xe0, 0x1f, 0x00, 0x3f, 0xf0,
    0x1f, 0xff, 0xfc, 0xf8, 0x0f, 0xff, 0xfc, 0x7c, 0x07, 0xff, 0xf8, 0x3c, 0x01, 0xff, 0xe0, 0x1c,
    0x00, 0x00, 0x00, 0x00, 0x00, 0x00, 0x00, 0x00, 0x00, 0x00, 0x00, 0x00, 0x00, 0x00, 0x00, 0x00,
    0x00, 0x00, 0x00, 0x00, 0x00, 0x00, 0x00, 0x00, 0x00, 0x00, 0x00, 0x00, 0x00, 0x00, 0x00, 0x00,
    0x00, 0x00, 0x00, 0x00, 0x00, 0x00, 0x00, 0x00, 0x00, 0x00, 0x00, 0x00, 0x00, 0x00, 0x00, 0x00,
    0x00, 0x00, 0x00, 0x00, 0x00, 0x00, 0x00, 0x00, 0x00, 0x00, 0x00, 0x00, 0x00, 0x00, 0x00, 0x00,
    0x00, 0x00, 0x00, 0x00, 0x00, 0x00, 0x00, 0x00, 0x00, 0x00, 0x00, 0x00, 0x00, 0x00, 0x00, 0x00,
    0x00, 0x03, 0xc0, 0x00, 0x00, 0x03, 0xc0, 0x00, 0x00, 0x03, 0xc0, 0x00, 0x00, 0x03, 0xc0, 0x00,
    0x00, 0x03, 0xc0, 0x00, 0x00, 0x03, 0xc0, 0x00, 0x00, 0x03, 0xc0, 0x00, 0x00, 0x03, 0xc0, 0x00,
    0x00, 0x03, 0xc0, 0x00, 0x00, 0x03, 0xc0, 0x00, 0x00, 0x03, 0xc0, 0x00, 0x00, 0x03, 0xc0, 0x00,
    0x00, 0x03, 0xc0, 0x00, 0x00, 0x03, 0xc0, 0x00, 0x00, 0x03, 0xc0, 0x00, 0x00, 0x03, 0xc0, 0x00,
    0x00, 0x00, 0x00, 0x00, 0x00, 0x00, 0x00, 0x00, 0x00, 0x00, 0x00, 0x00, 0x00, 0x00, 0x00, 0x00,
    0x00, 0x00, 0x00, 0x00, 0x00, 0x00, 0x00, 0x00, 0x00, 0x00, 0x00, 0x00, 0x00, 0x00, 0x00, 0x00,
    0x00, 0x00, 0x00, 0x00, 0x00, 0x00, 0x00, 0x00, 0x00, 0x00, 0x00, 0x00, 0x00, 0x00, 0x00, 0x00,
    0x00, 0x00, 0x00, 0x00, 0x00, 0x00, 0x00, 0x00, 0x00, 0x00, 0x00, 0x00, 0x00, 0x00, 0x00, 0x00,
    0x00, 0x00, 0x00, 0x00, 0x00, 0x00, 0x00, 0x00, 0x00, 0x00, 0x00, 0x00, 0x00, 0x00, 0x00, 0x00,
    0x00, 0x00, 0x00, 0x00, 0x00, 0x00, 0x00, 0x00, 0x00, 0x00, 0x00, 0x00, 0x00, 0x00, 0x00, 0x00,
    0x00, 0x00, 0x00, 0x00, 0x00, 0x00, 0x00, 0x00, 0x00, 0x00, 0x00, 0x00, 0x00, 0x00, 0x00, 0x00,
    0x00, 0x00, 0x00, 0x00, 0x00, 0x00, 0x00, 0x00, 0x00, 0x00, 0x00, 0x00, 0x00, 0x00, 0x00, 0x00,
    0x00, 0x00, 0x00, 0x00, 0x00, 0x00, 0x00, 0x00, 0x00, 0x00, 0x00, 0x00, 0x00, 0x00, 0x00, 0x00,
    0x00, 0x00, 0x00, 0x00, 0x00, 0x00, 0x00, 0x00, 0x00, 0x00, 0x00, 0x00, 0x00, 0x00, 0x00, 0x00,
    0x00, 0x00, 0x00, 0x00, 0x00, 0x00, 0x00, 0x00, 0x00, 0x00, 0x00, 0x00, 0x00, 0x00, 0x00, 0x00,
    0x00, 0x00, 0x0f, 0xf0, 0x00, 0x00, 0x3f, 0xf0, 0x00, 0x00, 0xff, 0xf0, 0x00, 0x01, 0xff, 0xf0,
    0x00, 0x03, 0xfc, 0x00, 0x00, 0x07, 0xf0, 0x00, 0x00, 0x0f, 0xc0, 0x00, 0x00, 0x1f, 0x80, 0x00,
    0x00, 0x3f, 0x00, 0x00, 0x00, 0x3e, 0x00, 0x00, 0x00, 0x7c, 0x00, 0x00, 0x00, 0x7c, 0x00, 0x00,
    0x00, 0xf8, 0x00, 0x00, 0x00, 0xf8, 0x00, 0x00, 0x01, 0xf0, 0x00, 0x00, 0x01, 0xf0, 0x00, 0x00,
    0x03, 0xe0, 0x00, 0x00, 0x03, 0xe0, 0x00, 0x00, 0x03, 0xc0, 0x00, 0x00, 0x03, 0xc0, 0x00, 0x00,
    0x07, 0xc0, 0x00, 0x00, 0x07, 0xc0, 0x00, 0x00, 0x07, 0x80, 0x00, 0x00, 0x07, 0x80, 0x00, 0x00,
    0x07, 0x80, 0x00, 0x00, 0x07, 0x80, 0x00, 0x00, 0x07, 0x80, 0x00, 0x00, 0x07, 0x80, 0x00, 0x00,
    0x07, 0x80, 0x00, 0x00, 0x07, 0x80, 0x00, 0x00, 0x07, 0x80, 0x00, 0x00, 0x07, 0x80, 0x00, 0x00,
    0x07, 0x80, 0x00, 0x00, 0x07, 0x80, 0x00, 0x00, 0x07, 0xc0, 0x00, 0x00, 0x07, 0xc0, 0x00, 0x00,
    0x03, 0xc0, 0x00, 0x00, 0x03, 0xc0, 0x00, 0x00, 0x03, 0xe0, 0x00, 0x00, 0x03, 0xe0, 0x00, 0x00,
    0x01, 0xf0, 0x00, 0x00, 0x01, 0xf0, 0x00, 0x00, 0x00, 0xf8, 0x00, 0x00, 0x00, 0xf8, 0x00, 0x00,
    0x00, 0x7c, 0x00, 0x00, 0x00, 0x7c, 0x00, 0x00, 0x00, 0x3e, 0x00, 0x00, 0x00, 0x3f, 0x00, 0x00,
    0x00, 0x1f, 0x80, 0x00, 0x00, 0x0f, 0xc0, 0x00, 0x00, 0x07, 0xf0, 0x00, 0x00, 0x03, 0xfc, 0x00,
    0x00, 0x01, 0xff, 0xf0, 0x00, 0x00, 0xff, 0xf0, 0x00, 0x00, 0x3f, 0xf0, 0x00, 0x00, 0x0f, 0xf0,
    0x00, 0x00, 0x00, 0x00, 0x00, 0x00, 0x00, 0x00, 0x00, 0x00, 0x00, 0x00, 0x00, 0x00, 0x00, 0x00,
    0x00, 0x00, 0x00, 0x00, 0x00, 0x00, 0x00, 0x00, 0x00, 0x00, 0x00, 0x00, 0x00, 0x00, 0x00, 0x00,
    0x0f, 0xf0, 0x00, 0x00, 0x0f, 0xfc, 0x00, 0x00, 0x0f, 0xff, 0x00, 0x00, 0x0f, 0xff, 0x80, 0x00,
    0x00, 0x3f, 0xc0, 0x00, 0x00, 0x0f, 0xe0, 0x00, 0x00, 0x03, 0xf0, 0x00, 0x00, 0x01, 0xf8, 0x00,
    0x00, 0x00, 0xfc, 0x00, 0x00, 0x00, 0x7c, 0x00, 0x00, 0x00, 0x3e, 0x00, 0x00, 0x00, 0x3e, 0x00,
    0x00, 0x00, 0x1f, 0x00, 0x00, 0x00, 0x1f, 0x00, 0x00, 0x00, 0x0f, 0x80, 0x00, 0x00, 0x0f, 0x80,
    0x00, 0x00, 0x07, 0xc0, 0x00, 0x00, 0x07, 0xc0, 0x00, 0x00, 0x03, 0xc0, 0x00, 0x00, 0x03, 0xc0,
    0x00, 0x00, 0x03, 0xe0, 0x00, 0x00, 0x03, 0xe0, 0x00, 0x00, 0x01, 0xe0, 0x00, 0x00, 0x01, 0xe0,
    0x00, 0x00, 0x01, 0xe0, 0x00, 0x00, 0x01, 0xe0, 0x00, 0x00, 0x01, 0xe0, 0x00, 0x00, 0x01, 0xe0,
    0x00, 0x00, 0x01, 0xe0, 0x00, 0x00, 0x01, 0xe0, 0x00, 0x00, 0x01, 0xe0, 0x00, 0x00, 0x01, 0xe0,
    0x00, 0x00, 0x01, 0xe0, 0x00, 0x00, 0x01, 0xe0, 0x00, 0x00, 0x03, 0xe0, 0x00, 0x00, 0x03, 0xe0,
    0x00, 0x00, 0x03, 0xc0, 0x00, 0x00, 0x03, 0xc0, 0x00, 0x00, 0x07, 0xc0, 0x00, 0x00, 0x07, 0xc0,
    0x00, 0x00, 0x0f, 0x80, 0x00, 0x00, 0x0f, 0x80, 0x00, 0x00, 0x1f, 0x00, 0x00, 0x00, 0x1f, 0x00,
    0x00, 0x00, 0x3e, 0x00, 0x00, 0x00, 0x3e, 0x00, 0x00, 0x00, 0x7c, 0x00, 0x00, 0x00, 0xfc, 0x00,
    0x00, 0x01, 0xf8, 0x00, 0x00, 0x03, 0xf0, 0x00, 0x00, 0x0f, 0xe0, 0x00, 0x00, 0x3f, 0xc0, 0x00,
    0x0f, 0xff, 0x80, 0x00, 0x0f, 0xff, 0x00, 0x00, 0x0f, 0xfc, 0x00, 0x00, 0x0f, 0xf0, 0x00, 0x00,
    0x00, 0x00, 0x00, 0x00, 0x00, 0x00, 0x00, 0x00, 0x00, 0x00, 0x00, 0x00, 0x00, 0x00, 0x00, 0x00,
    0x00, 0x00, 0x00, 0x00, 0x00, 0x00, 0x00, 0x00, 0x00, 0x00, 0x00, 0x00, 0x00, 0x00, 0x00, 0x00,
    0x00, 0x00, 0x00, 0x00, 0x00, 0x00, 0x00, 0x00, 0x00, 0x00, 0x00, 0x00, 0x00, 0x00, 0x00, 0x00,
    0x00, 0x00, 0x00, 0x00, 0x00, 0x00, 0x00, 0x00, 0x00, 0x00, 0x00, 0x00, 0x00, 0x00, 0x00, 0x00,
    0x00, 0x00, 0x00, 0x00, 0x00, 0x00, 0x00, 0x00, 0x00, 0x00, 0x00, 0x00, 0x00, 0x00, 0x00, 0x00,
    0x00, 0x00, 0x00, 0x00, 0x00, 0x00, 0x00, 0x00, 0x00, 0x00, 0x00, 0x00, 0x00, 0x00, 0x00, 0x00,
    0x03, 0xc0, 0x03, 0xc0, 0x03, 0xc0, 0x03, 0xc0, 0x03, 0xe0, 0x07, 0xc0, 0x03, 0xf0, 0x0f, 0xc0,
    0x01, 0xf8, 0x1f, 0x80, 0x00, 0xfc, 0x3f, 0x00, 0x00, 0x7e, 0x7e, 0x00, 0x00, 0x3f, 0xfc, 0x00,
    0x00, 0x1f, 0xf8, 0x00, 0x00, 0x0f, 0xf0, 0x00, 0x00, 0x0f, 0xf0, 0x00, 0x00, 0x0f, 0xf0, 0x00,
    0x3f, 0xff, 0xff, 0xfc, 0x3f, 0xff, 0xff, 0xfc, 0x3f, 0xff, 0xff, 0xfc, 0x3f, 0xff, 0xff, 0xfc,
    0x00, 0x0f, 0xf0, 0x00, 0x00, 0x0f, 0xf0, 0x00, 0x00, 0x0f, 0xf0, 0x00, 0x00, 0x1f, 0xf8, 0x00,
    0x00, 0x3f, 0xfc, 0x00, 0x00, 0x7e, 0x7e, 0x00, 0x00, 0xfc, 0x3f, 0x00, 0x01, 0xf8, 0x1f, 0x80,
    0x03, 0xf0, 0x0f, 0xc0, 0x03, 0xe0, 0x07, 0xc0, 0x03, 0xc0, 0x03, 0xc0, 0x03, 0xc0, 0x03, 0xc0,
    0x00, 0x00, 0x00, 0x00, 0x00, 0x00, 0x00, 0x00, 0x00, 0x00, 0x00, 0x00, 0x00, 0x00, 0x00, 0x00,
    0x00, 0x00, 0x00, 0x00, 0x00, 0x00, 0x00, 0x00, 0x00, 0x00, 0x00, 0x00, 0x00, 0x00, 0x00, 0x00,
    0x00, 0x00, 0x00, 0x00, 0x00, 0x00, 0x00, 0x00, 0x00, 0x00, 0x00, 0x00, 0x00, 0x00, 0x00, 0x00,
    0x00, 0x00, 0x00, 0x00, 0x00, 0x00, 0x00, 0x00, 0x00, 0x00, 0x00, 0x00, 0x00, 0x00, 0x00, 0x00,
    0x00, 0x00, 0x00, 0x00, 0x00, 0x00, 0x00, 0x00, 0x00, 0x00, 0x00, 0x00, 0x00, 0x00, 0x00, 0x00,
    0x00, 0x00, 0x00, 0x00, 0x00, 0x00, 0x00, 0x00, 0x00, 0x00, 0x00, 0x00, 0x00, 0x00, 0x00, 0x00,
    0x00, 0x00, 0x00, 0x00, 0x00, 0x00, 0x00, 0x00, 0x00, 0x00, 0x00, 0x00, 0x00, 0x00, 0x00, 0x00,
    0x00, 0x00, 0x00, 0x00, 0x00, 0x00, 0x00, 0x00, 0x00, 0x00, 0x00, 0x00, 0x00, 0x00, 0x00, 0x00,
    0x00, 0x00, 0x00, 0x00, 0x00, 0x00, 0x00, 0x00, 0x00, 0x00, 0x00, 0x00, 0x00, 0x00, 0x00, 0x00,
    0x00, 0x00, 0x00, 0x00, 0x00, 0x00, 0x00, 0x00, 0x00, 0x00, 0x00, 0x00, 0x00, 0x00, 0x00, 0x00,
    0x00, 0x03, 0xc0, 0x00, 0x00, 0x03, 0xc0, 0x00, 0x00, 0x03, 0xc0, 0x00, 0x00, 0x03, 0xc0, 0x00,
    0x00, 0x03, 0xc0, 0x00, 0x00, 0x03, 0xc0, 0x00, 0x00, 0x03, 0xc0, 0x00, 0x00, 0x03, 0xc0, 0x00,
    0x03, 0xff, 0xff, 0xc0, 0x03, 0xff, 0xff, 0xc0, 0x03, 0xff, 0xff, 0xc0, 0x03, 0xff, 0xff, 0xc0,
    0x00, 0x03, 0xc0, 0x00, 0x00, 0x03, 0xc0, 0x00, 0x00, 0x03, 0xc0, 0x00, 0x00, 0x03, 0xc0, 0x00,
    0x00, 0x03, 0xc0, 0x00, 0x00, 0x03, 0xc0, 0x00, 0x00, 0x03, 0xc0, 0x00, 0x00, 0x03, 0xc0, 0x00,
    0x00, 0x00, 0x00, 0x00, 0x00, 0x00, 0x00, 0x00, 0x00, 0x00, 0x00, 0x00, 0x00, 0x00, 0x00, 0x00,
    0x00, 0x00, 0x00, 0x00, 0x00, 0x00, 0x00, 0x00, 0x00, 0x00, 0x00, 0x00, 0x00, 0x00, 0x00, 0x00,
    0x00, 0x00, 0x00, 0x00, 0x00, 0x00, 0x00, 0x00, 0x00, 0x00, 0x00, 0x00, 0x00, 0x00, 0x00, 0x00,
    0x00, 0x00, 0x00, 0x00, 0x00, 0x00, 0x00, 0x00, 0x00, 0x00, 0x00, 0x00, 0x00, 0x00, 0x00, 0x00,
    0x00, 0x00, 0x00, 0x00, 0x00, 0x00, 0x00, 0x00, 0x00, 0x00, 0x00, 0x00, 0x00, 0x00, 0x00, 0x00,
    0x00, 0x00, 0x00, 0x00, 0x00, 0x00, 0x00, 0x00, 0x00, 0x00, 0x00, 0x00, 0x00, 0x00, 0x00, 0x00,
    0x00, 0x00, 0x00, 0x00, 0x00, 0x00, 0x00, 0x00, 0x00, 0x00, 0x00, 0x00, 0x00, 0x00, 0x00, 0x00,
    0x00, 0x00, 0x00, 0x00, 0x00, 0x00, 0x00, 0x00, 0x00, 0x00, 0x00, 0x00, 0x00, 0x00, 0x00, 0x00,
    0x00, 0x00, 0x00, 0x00, 0x00, 0x00, 0x00, 0x00, 0x00, 0x00, 0x00, 0x00, 0x00, 0x00, 0x00, 0x00,
    0x00, 0x00, 0x00, 0x00, 0x00, 0x00, 0x00, 0x00, 0x00, 0x00, 0x00, 0x00, 0x00, 0x00, 0x00, 0x00,
    0x00, 0x00, 0x00, 0x00, 0x00, 0x00, 0x00, 0x00, 0x00, 0x00, 0x00, 0x00, 0x00, 0x00, 0x00, 0x00,
    0x00, 0x00, 0x00, 0x00, 0x00, 0x00, 0x00, 0x00, 0x00, 0x00, 0x00, 0x00, 0x00, 0x00, 0x00, 0x00,
    0x00, 0x00, 0x00, 0x00, 0x00, 0x00, 0x00, 0x00, 0x00, 0x00, 0x00, 0x00, 0x00, 0x00, 0x00, 0x00,
    0x00, 0x00, 0x00, 0x00, 0x00, 0x00, 0x00, 0x00, 0x00, 0x00, 0x00, 0x00, 0x00, 0x00, 0x00, 0x00,
    0x00, 0x00, 0x00, 0x00, 0x00, 0x00, 0x00, 0x00, 0x00, 0x00, 0x00, 0x00, 0x00, 0x00, 0x00, 0x00,
    0x00, 0x00, 0x00, 0x00, 0x00, 0x00, 0x00, 0x00, 0x00, 0x00, 0x00, 0x00, 0x00, 0x00, 0x00, 0x00,
    0x00, 0x03, 0xc0, 0x00, 0x00, 0x03, 0xc0, 0x00, 0x00, 0x03, 0xc0, 0x00, 0x00, 0x03, 0xc0, 0x00,
    0x00, 0x03, 0xc0, 0x00, 0x00, 0x03, 0xc0, 0x00, 0x00, 0x07, 0xc0, 0x00, 0x00, 0x0f, 0x80, 0x00,
    0x00, 0x3f, 0x80, 0x00, 0x00, 0x3f, 0x00, 0x00, 0x00, 0x3e, 0x00, 0x00, 0x00, 0x38, 0x00, 0x00,
    0x00, 0x00, 0x00, 0x00, 0x00, 0x00, 0x00, 0x00, 0x00, 0x00, 0x00, 0x00, 0x00, 0x00, 0x00, 0x00,
    0x00, 0x00, 0x00, 0x00, 0x00, 0x00, 0x00, 0x00, 0x00, 0x00, 0x00, 0x00, 0x00, 0x00, 0x00, 0x00,
    0x00, 0x00, 0x00, 0x00, 0x00, 0x00, 0x00, 0x00, 0x00, 0x00, 0x00, 0x00, 0x00, 0x00, 0x00, 0x00,
    0x00, 0x00, 0x00, 0x00, 0x00, 0x00, 0x00, 0x00, 0x00, 0x00, 0x00, 0x00, 0x00, 0x00, 0x00, 0x00,
    0x00, 0x00, 0x00, 0x00, 0x00, 0x00, 0x00, 0x00, 0x00, 0x00, 0x00, 0x00, 0x00, 0x00, 0x00, 0x00,
    0x00, 0x00, 0x00, 0x00, 0x00, 0x00, 0x00, 0x00, 0x00, 0x00, 0x00, 0x00, 0x00, 0x00, 0x00, 0x00,
    0x00, 0x00, 0x00, 0x00, 0x00, 0x00, 0x00, 0x00, 0x00, 0x00, 0x00, 0x00, 0x00, 0x00, 0x00, 0x00,
    0x00, 0x00, 0x00, 0x00, 0x00, 0x00, 0x00, 0x00, 0x00, 0x00, 0x00, 0x00, 0x00, 0x00, 0x00, 0x00,
    0x00, 0x00, 0x00, 0x00, 0x00, 0x00, 0x00, 0x00, 0x00, 0x00, 0x00, 0x00, 0x00, 0x00, 0x00, 0x00,
    0x00, 0x00, 0x00, 0x00, 0x00, 0x00, 0x00, 0x00, 0x00, 0x00, 0x00, 0x00, 0x00, 0x00, 0x00, 0x00,
    0x0f, 0xff, 0xff, 0xf0, 0x0f, 0xff, 0xff, 0xf0, 0x0f, 0xff, 0xff, 0xf0, 0x0f, 0xff, 0xff, 0xf0,
    0x00, 0x00, 0x00, 0x00, 0x00, 0x00, 0x00, 0x00, 0x00, 0x00, 0x00, 0x00, 0x00, 0x00, 0x00, 0x00,
    0x00, 0x00, 0x00, 0x00, 0x00, 0x00, 0x00, 0x00, 0x00, 0x00, 0x00, 0x00, 0x00, 0x00, 0x00, 0x00,
    0x00, 0x00, 0x00, 0x00, 0x00, 0x00, 0x00, 0x00, 0x00, 0x00, 0x00, 0x00, 0x00, 0x00, 0x00, 0x00,
    0x00, 0x00, 0x00, 0x00, 0x00, 0x00, 0x00, 0x00, 0x00, 0x00, 0x00, 0x00, 0x00, 0x00, 0x00, 0x00,
    0x00, 0x00, 0x00, 0x00, 0x00, 0x00, 0x00, 0x00, 0x00, 0x00, 0x00, 0x00, 0x00, 0x00, 0x00, 0x00,
    0x00, 0x00, 0x00, 0x00, 0x00, 0x00, 0x00, 0x00, 0x00, 0x00, 0x00, 0x00, 0x00, 0x00, 0x00, 0x00,
    0x00, 0x00, 0x00, 0x00, 0x00, 0x00, 0x00, 0x00, 0x00, 0x00, 0x00, 0x00, 0x00, 0x00, 0x00, 0x00,
    0x00, 0x00, 0x00, 0x00, 0x00, 0x00, 0x00, 0x00, 0x00, 0x00, 0x00, 0x00, 0x00, 0x00, 0x00, 0x00,
    0x00, 0x00, 0x00, 0x00, 0x00, 0x00, 0x00, 0x00, 0x00, 0x00, 0x00, 0x00, 0x00, 0x00, 0x00, 0x00,
    0x00, 0x00, 0x00, 0x00, 0x00, 0x00, 0x00, 0x00, 0x00, 0x00, 0x00, 0x00, 0x00, 0x00, 0x00, 0x00,
    0x00, 0x00, 0x00, 0x00, 0x00, 0x00, 0x00, 0x00, 0x00, 0x00, 0x00, 0x00, 0x00, 0x00, 0x00, 0x00,
    0x00, 0x00, 0x00, 0x00, 0x00, 0x00, 0x00, 0x00, 0x00, 0x00, 0x00, 0x00, 0x00, 0x00, 0x00, 0x00,
    0x00, 0x00, 0x00, 0x00, 0x00, 0x00, 0x00, 0x00, 0x00, 0x00, 0x00, 0x00, 0x00, 0x00, 0x00, 0x00,
    0x00, 0x00, 0x00, 0x00, 0x00, 0x00, 0x00, 0x00, 0x00, 0x00, 0x00, 0x00, 0x00, 0x00, 0x00, 0x00,
    0x00, 0x00, 0x00, 0x00, 0x00, 0x00, 0x00, 0x00, 0x00, 0x00, 0x00, 0x00, 0x00, 0x00, 0x00, 0x00,
    0x00, 0x00, 0x00, 0x00, 0x00, 0x00, 0x00, 0x00, 0x00, 0x00, 0x00, 0x00, 0x00, 0x00, 0x00, 0x00,
    0x00, 0x00, 0x00, 0x00, 0x00, 0x00, 0x00, 0x00, 0x00, 0x00, 0x00, 0x00, 0x00, 0x00, 0x00, 0x00,
    0x00, 0x00, 0x00, 0x00, 0x00, 0x00, 0x00, 0x00, 0x00, 0x00, 0x00, 0x00, 0x00, 0x00, 0x00, 0x00,
    0x00, 0x00, 0x00, 0x00, 0x00, 0x00, 0x00, 0x00, 0x00, 0x03, 0xc0, 0x00, 0x00, 0x03, 0xc0, 0x00,
    0x00, 0x03, 0xc0, 0x00, 0x00, 0x03, 0xc0, 0x00, 0x00, 0x03, 0xc0, 0x00, 0x00, 0x03, 0xc0, 0x00,
    0x00, 0x00, 0x00, 0x00, 0x00, 0x00, 0x00, 0x00, 0x00, 0x00, 0x00, 0x00, 0x00, 0x00, 0x00, 0x00,
    0x00, 0x00, 0x00, 0x00, 0x00, 0x00, 0x00, 0x00, 0x00, 0x00, 0x00, 0x00, 0x00, 0x00, 0x00, 0x00,
    0x00, 0x00, 0x00, 0x00, 0x00, 0x00, 0x00, 0x00, 0x00, 0x00, 0x00, 0x00, 0x00, 0x00, 0x00, 0x00,
    0x00, 0x00, 0x00, 0x00, 0x00, 0x00, 0x00, 0x00, 0x00, 0x00, 0x00, 0x00, 0x00, 0x00, 0x00, 0x00,
    0x00, 0x00, 0x00, 0x00, 0x00, 0x00, 0x00, 0x00, 0x00, 0x00, 0x00, 0x3c, 0x00, 0x00, 0x00, 0x3c,
    0x00, 0x00, 0x00, 0x7c, 0x00, 0x00, 0x00, 0x7c, 0x00, 0x00, 0x00, 0xf8, 0x00, 0x00, 0x00, 0xf8,
    0x00, 0x00, 0x01, 0xf0, 0x00, 0x00, 0x01, 0xf0, 0x00, 0x00, 0x03, 0xe0, 0x00, 0x00, 0x03, 0xe0,
    0x00, 0x00, 0x07, 0xc0, 0x00, 0x00, 0x07, 0xc0, 0x00, 0x00, 0x0f, 0x80, 0x00, 0x00, 0x0f, 0x80,
    0x00, 0x00, 0x1f, 0x00, 0x00, 0x00, 0x1f, 0x00, 0x00, 0x00, 0x3e, 0x00, 0x00, 0x00, 0x3e, 0x00,
    0x00, 0x00, 0x7c, 0x00, 0x00, 0x00, 0x7c, 0x00, 0x00, 0x00, 0xf8, 0x00, 0x00, 0x00, 0xf8, 0x00,
    0x00, 0x01, 0xf0, 0x00, 0x00, 0x01, 0xf0, 0x00, 0x00, 0x03, 0xe0, 0x00, 0x00, 0x03, 0xe0, 0x00,
    0x00, 0x07, 0xc0, 0x00, 0x00, 0x07, 0xc0, 0x00, 0x00, 0x0f, 0x80, 0x00, 0x00, 0x0f, 0x80, 0x00,
    0x00, 0x1f, 0x00, 0x00, 0x00, 0x1f, 0x00, 0x00, 0x00, 0x3e, 0x00, 0x00, 0x00, 0x3e, 0x00, 0x00,
    0x00, 0x7c, 0x00, 0x00, 0x00, 0x7c, 0x00, 0x00, 0x00, 0xf8, 0x00, 0x00, 0x00, 0xf8, 0x00, 0x00,
    0x01, 0xf0, 0x00, 0x00, 0x01, 0xf0, 0x00, 0x00, 0x03, 0xe0, 0x00, 0x00, 0x03, 0xe0, 0x00, 0x00,
    0x07, 0xc0, 0x00, 0x00, 0x07, 0xc0, 0x00, 0x00, 0x0f, 0x80, 0x00, 0x00, 0x0f, 0x80, 0x00, 0x00,
    0x1f, 0x00, 0x00, 0x00, 0x1f, 0x00, 0x00, 0x00, 0x3e, 0x00, 0x00, 0x00, 0x3e, 0x00, 0x00, 0x00,
    0x3c, 0x00, 0x00, 0x00, 0x3c, 0x00, 0x00, 0x00, 0x00, 0x00, 0x00, 0x00, 0x00, 0x00, 0x00, 0x00,
    0x00, 0x00, 0x00, 0x00, 0x00, 0x00, 0x00, 0x00, 0x00, 0x00, 0x00, 0x00, 0x00, 0x00, 0x00, 0x00,
    0x00, 0x00, 0x00, 0x00, 0x00, 0x00, 0x00, 0x00, 0x00, 0x00, 0x00, 0x00, 0x00, 0x00, 0x00, 0x00,
    0x00, 0x00, 0x00, 0x00, 0x00, 0x00, 0x00, 0x00, 0x00, 0x00, 0x00, 0x00, 0x00, 0x00, 0x00, 0x00,
    0x00, 0x00, 0x00, 0x00, 0x00, 0x00, 0x00, 0x00, 0x00, 0x00, 0x00, 0x00, 0x00, 0x00, 0x00, 0x00,
    0x00, 0x7f, 0xfe, 0x00, 0x01, 0xff, 0xff, 0x80, 0x03, 0xff, 0xff, 0xc0, 0x07, 0xff, 0xff, 0xe0,
    0x07, 0xc0, 0x03, 0xe0, 0x0f, 0x80, 0x01, 0xf0, 0x0f, 0x00, 0x00, 0xf0, 0x0f, 0x00, 0x00, 0xf0,
    0x0f, 0x00, 0x00, 0xf0, 0x0f, 0x00, 0x01, 0xf0, 0x0f, 0x00, 0x03, 0xf0, 0x0f, 0x00, 0x07, 0xf0,
    0x0f, 0x00, 0x0f, 0xf0, 0x0f, 0x00, 0x1f, 0xf0, 0x0f, 0x00, 0x3f, 0xf0, 0x0f, 0x00, 0x7e, 0xf0,
    0x0f, 0x00, 0xfc, 0xf0, 0x0f, 0x01, 0xf8, 0xf0, 0x0f, 0x03, 0xf0, 0xf0, 0x0f, 0x07, 0xe0, 0xf0,
    0x0f, 0x0f, 0xc0, 0xf0, 0x0f, 0x1f, 0x80, 0xf0, 0x0f, 0x3f, 0x00, 0xf0, 0x0f, 0x7e, 0x00, 0xf0,
    0x0f, 0xfc, 0x00, 0xf0, 0x0f, 0xf8, 0x00, 0xf0, 0x0f, 0xf0, 0x00, 0xf0, 0x0f, 0xe0, 0x00, 0xf0,
    0x0f, 0xc0, 0x00, 0xf0, 0x0f, 0x80, 0x00, 0xf0, 0x0f, 0x00, 0x00, 0xf0, 0x0f, 0x00, 0x00, 0xf0,
    0x0f, 0x00, 0x00, 0xf0, 0x0f, 0x00, 0x00, 0xf0, 0x0f, 0x80, 0x01, 0xf0, 0x07, 0xc0, 0x03, 0xe0,
    0x07, 0xff, 0xff, 0xe0, 0x03, 0xff, 0xff, 0xc0, 0x01, 0xff, 0xff, 0x80, 0x00, 0x7f, 0xfe, 0x00,
    0x00, 0x00, 0x00, 0x00, 0x00, 0x00, 0x00, 0x00, 0x00, 0x00, 0x00, 0x00, 0x00, 0x00, 0x00, 0x00,
    0x00, 0x00, 0x00, 0x00, 0x00, 0x00, 0x00, 0x00, 0x00, 0x00, 0x00, 0x00, 0x00, 0x00, 0x00, 0x00,
    0x00, 0x00, 0x00, 0x00, 0x00, 0x00, 0x00, 0x00, 0x00, 0x00, 0x00, 0x00, 0x00, 0x00, 0x00, 0x00,
    0x00, 0x00, 0x00, 0x00, 0x00, 0x00, 0x00, 0x00, 0x00, 0x00, 0x00, 0x00, 0x00, 0x00, 0x00, 0x00,
    0x00, 0x00, 0x00, 0x00, 0x00, 0x00, 0x00, 0x00, 0x00, 0x00, 0x00, 0x00, 0x00, 0x00, 0x00, 0x00,
    0x00, 0x00, 0x00, 0x00, 0x00, 0x00, 0x00, 0x00, 0x00, 0x00, 0x00, 0x00, 0x00, 0x00, 0x00, 0x00,
    0x00, 0x0f, 0xc0, 0x00, 0x00, 0x1f, 0xc0, 0x00, 0x00, 0x3f, 0xc0, 0x00, 0x00, 0x7f, 0xc0, 0x00,
    0x00, 0xfb, 0xc0, 0x00, 0x01, 0xf3, 0xc0, 0x00, 0x03, 0xe3, 0xc0, 0x00, 0x03, 0xc3, 0xc0, 0x00,
    0x03, 0x83, 0xc0, 0x00, 0x03, 0x03, 0xc0, 0x00, 0x00, 0x03, 0xc0, 0x00, 0x00, 0x03, 0xc0, 0x00,
    0x00, 0x03, 0xc0, 0x00, 0x00, 0x03, 0xc0, 0x00, 0x00, 0x03, 0xc0, 0x00, 0x00, 0x03, 0xc0, 0x00,
    0x00, 0x03, 0xc0, 0x00, 0x00, 0x03, 0xc0, 0x00, 0x00, 0x03, 0xc0, 0x00, 0x00, 0x03, 0xc0, 0x00,
    0x00, 0x03, 0xc0, 0x00, 0x00, 0x03, 0xc0, 0x00, 0x00, 0x03, 0xc0, 0x00, 0x00, 0x03, 0xc0, 0x00,
    0x00, 0x03, 0xc0, 0x00, 0x00, 0x03, 0xc0, 0x00, 0x00, 0x03, 0xc0, 0x00, 0x00, 0x03, 0xc0, 0x00,
    0x00, 0x03, 0xc0, 0x00, 0x00, 0x03, 0xc0, 0x00, 0x00, 0x03, 0xc0, 0x00, 0x00, 0x03, 0xc0, 0x00,
    0x00, 0x03, 0xc0, 0x00, 0x00, 0x03, 0xc0, 0x00, 0x00, 0x03, 0xc0, 0x00, 0x00, 0x03, 0xc0, 0x00,
    0x03, 0xff, 0xff, 0xc0, 0x03, 0xff, 0xff, 0xc0, 0x03, 0xff, 0xff, 0xc0, 0x03, 0xff, 0xff, 0xc0,
    0x00, 0x00, 0x00, 0x00, 0x00, 0x00, 0x00, 0x00, 0x00, 0x00, 0x00, 0x00, 0x00, 0x00, 0x00, 0x00,
    0x00, 0x00, 0x00, 0x00, 0x00, 0x00, 0x00, 0x00, 0x00, 0x00, 0x00, 0x00, 0x00, 0x00, 0x00, 0x00,
    0x00, 0x00, 0x00, 0x00, 0x00, 0x00, 0x00, 0x00, 0x00, 0x00, 0x00, 0x00, 0x00, 0x00, 0x00, 0x00,
    0x00, 0x00, 0x00, 0x00, 0x00, 0x00, 0x00, 0x00, 0x00, 0x00, 0x00, 0x00, 0x00, 0x00, 0x00, 0x00,
    0x00, 0x00, 0x00, 0x00, 0x00, 0x00, 0x00, 0x00, 0x00, 0x00, 0x00, 0x00, 0x00, 0x00, 0x00, 0x00,
    0x00, 0x00, 0x00, 0x00, 0x00, 0x00, 0x00, 0x00, 0x00, 0x00, 0x00, 0x00, 0x00, 0x00, 0x00, 0x00,
    0x00, 0x7f, 0xfe, 0x00, 0x01, 0xff, 0xff, 0x80, 0x03, 0xff, 0xff, 0xc0, 0x07, 0xff, 0xff, 0xe0,
    0x07, 0xc0, 0x03, 0xe0, 0x0f, 0x80, 0x01, 0xf0, 0x0f, 0x00, 0x00, 0xf0, 0x0f, 0x00, 0x00, 0xf0,
    0x00, 0x00, 0x00, 0xf0, 0x00, 0x00, 0x00, 0xf0, 0x00, 0x00, 0x00, 0xf0, 0x00, 0x00, 0x00, 0xf0,
    0x00, 0x00, 0x00, 0xf0, 0x00, 0x00, 0x01, 0xe0, 0x00, 0x00, 0x03, 0xe0, 0x00, 0x00, 0x07, 0xc0,
    0x00, 0x00, 0x0f, 0x80, 0x00, 0x00, 0x1f, 0x00, 0x00, 0x00, 0x3e, 0x00, 0x00, 0x00, 0x7c, 0x00,
    0x00, 0x00, 0xf8, 0x00, 0x00, 0x01, 0xf0, 0x00, 0x00, 0x03, 0xe0, 0x00, 0x00, 0x07, 0xc0, 0x00,
    0x00, 0x0f, 0x80, 0x00, 0x00, 0x1f, 0x00, 0x00, 0x00, 0x3e, 0x00, 0x00, 0x00, 0x7c, 0x00, 0x00,
    0x00, 0xf8, 0x00, 0x00, 0x01, 0xf0, 0x00, 0x00, 0x03, 0xe0, 0x00, 0x00, 0x07, 0xc0, 0x00, 0x00,
    0x0f, 0x80, 0x00, 0xf0, 0x0f, 0x00, 0x00, 0xf0, 0x0f, 0x00, 0x00, 0xf0, 0x0f, 0x00, 0x00, 0xf0,
    0x0f, 0xff, 0xff, 0xf0, 0x0f, 0xff, 0xff, 0xf0, 0x0f, 0xff, 0xff, 0xf0, 0x0f, 0xff, 0xff, 0xf0,
    0x00, 0x00, 0x00, 0x00, 0x00, 0x00, 0x00, 0x00, 0x00, 0x00, 0x00, 0x00, 0x00, 0x00, 0x00, 0x00,
    0x00, 0x00, 0x00, 0x00, 0x00, 0x00, 0x00, 0x00, 0x00, 0x00, 0x00, 0x00, 0x00, 0x00, 0x00, 0x00,
    0x00, 0x00, 0x00, 0x00, 0x00, 0x00, 0x00, 0x00, 0x00, 0x00, 0x00, 0x00, 0x00, 0x00, 0x00, 0x00,
    0x00, 0x00, 0x00, 0x00, 0x00, 0x00, 0x00, 0x00, 0x00, 0x00, 0x00, 0x00, 0x00, 0x00, 0x00, 0x00,
    0x00, 0x00, 0x00, 0x00, 0x00, 0x00, 0x00, 0x00, 0x00, 0x00, 0x00, 0x00, 0x00, 0x00, 0x00, 0x00,
    0x00, 0x00, 0x00, 0x00, 0x00, 0x00, 0x00, 0x00, 0x00, 0x00, 0x00, 0x00, 0x00, 0x00, 0x00, 0x00,
    0x00, 0x7f, 0xfe, 0x00, 0x01, 0xff, 0xff, 0x80, 0x03, 0xff, 0xff, 0xc0, 0x07, 0xff, 0xff, 0xe0,
    0x07, 0xc0, 0x03, 0xe0, 0x0f, 0x80, 0x01, 0xf0, 0x0f, 0x00, 0x00, 0xf0, 0x0f, 0x00, 0x00, 0xf0,
    0x00, 0x00, 0x00, 0xf0, 0x00, 0x00, 0x00, 0xf0, 0x00, 0x00, 0x00, 0xf0, 0x00, 0x00, 0x00, 0xf0,
    0x00, 0x00, 0x00, 0xf0, 0x00, 0x00, 0x00, 0xf0, 0x00, 0x00, 0x01, 0xe0, 0x00, 0x00, 0x03, 0xc0,
    0x00, 0x3f, 0xff, 0x80, 0x00, 0x3f, 0xff, 0x00, 0x00, 0x3f, 0xff, 0x00, 0x00, 0x3f, 0xff, 0x80,
    0x00, 0x00, 0x03, 0xc0, 0x00, 0x00, 0x01, 0xe0, 0x00, 0x00, 0x00, 0xf0, 0x00, 0x00, 0x00, 0xf0,
    0x00, 0x00, 0x00, 0xf0, 0x00, 0x00, 0x00, 0xf0, 0x00, 0x00, 0x00, 0xf0, 0x00, 0x00, 0x00, 0xf0,
    0x00, 0x00, 0x00, 0xf0, 0x00, 0x00, 0x00, 0xf0, 0x00, 0x00, 0x00, 0xf0, 0x00, 0x00, 0x00, 0xf0,
    0x0f, 0x00, 0x00, 0xf0, 0x0f, 0x00, 0x00, 0xf0, 0x0f, 0x80, 0x01, 0xf0, 0x07, 0xc0, 0x03, 0xe0,
    0x07, 0xff, 0xff, 0xe0, 0x03, 0xff, 0xff, 0xc0, 0x01, 0xff, 0xff, 0x80, 0x00, 0x7f, 0xfe, 0x00,
    0x00, 0x00, 0x00, 0x00, 0x00, 0x00, 0x00, 0x00, 0x00, 0x00, 0x00, 0x00, 0x00, 0x00, 0x00, 0x00,
    0x00, 0x00, 0x00, 0x00, 0x00, 0x00, 0x00, 0x00, 0x00, 0x00, 0x00, 0x00, 0x00, 0x00, 0x00, 0x00,
    0x00, 0x00, 0x00, 0x00, 0x00, 0x00, 0x00, 0x00, 0x00, 0x00, 0x00, 0x00, 0x00, 0x00, 0x00, 0x00,
    0x00, 0x00, 0x00, 0x00, 0x00, 0x00, 0x00, 0x00, 0x00, 0x00, 0x00, 0x00, 0x00, 0x00, 0x00, 0x00,
    0x00, 0x00, 0x00, 0x00, 0x00, 0x00, 0x00, 0x00, 0x00, 0x00, 0x00, 0x00, 0x00, 0x00, 0x00, 0x00,
    0x00, 0x00, 0x00, 0x00, 0x00, 0x00, 0x00, 0x00, 0x00, 0x00, 0x00, 0x00, 0x00, 0x00, 0x00, 0x00,
    0x0f, 0x00, 0x00, 0x00, 0x0f, 0x00, 0x00, 0x00, 0x0f, 0x00, 0x00, 0x00, 0x0f, 0x00, 0x00, 0x00,
    0x0f, 0x00, 0x00, 0x00, 0x0f, 0x00, 0x00, 0x00, 0x0f, 0x00, 0x00, 0x00, 0x0f, 0x00, 0x00, 0x00,
    0x0f, 0x00, 0x0f, 0x00, 0x0f, 0x00, 0x0f, 0x00, 0x0f, 0x00, 0x0f, 0x00, 0x0f, 0x00, 0x0f, 0x00,
    0x0f, 0x00, 0x0f, 0x00, 0x0f, 0x00, 0x0f, 0x00, 0x0f, 0x00, 0x0f, 0x00, 0x0f, 0x00, 0x0f, 0x00,
    0x0f, 0x00, 0x0f, 0x00, 0x0f, 0x00, 0x0f, 0x00, 0x0f, 0x00, 0x0f, 0x00, 0x0f, 0x00, 0x0f, 0x00,
    0x0f, 0x00, 0x0f, 0x00, 0x0f, 0x00, 0x0f, 0x00, 0x0f, 0x00, 0x0f, 0x00, 0x0f, 0x00, 0x0f, 0x00,
    0x0f, 0xff, 0xff, 0xf0, 0x0f, 0xff, 0xff, 0xf0, 0x0f, 0xff, 0xff, 0xf0, 0x0f, 0xff, 0xff, 0xf0,
    0x00, 0x00, 0x0f, 0x00, 0x00, 0x00, 0x0f, 0x00, 0x00, 0x00, 0x0f, 0x00, 0x00, 0x00, 0x0f, 0x00,
    0x00, 0x00, 0x0f, 0x00, 0x00, 0x00, 0x0f, 0x00, 0x00, 0x00, 0x0f, 0x00, 0x00, 0x00, 0x0f, 0x00,
    0x00, 0x00, 0x0f, 0x00, 0x00, 0x00, 0x0f, 0x00, 0x00, 0x00, 0x0f, 0x00, 0x00, 0x00, 0x0f, 0x00,
    0x00, 0x00, 0x00, 0x00, 0x00, 0x00, 0x00, 0x00, 0x00, 0x00, 0x00, 0x00, 0x00, 0x00, 0x00, 0x00,
    0x00, 0x00, 0x00, 0x00, 0x00, 0x00, 0x00, 0x00, 0x00, 0x00, 0x00, 0x00, 0x00, 0x00, 0x00, 0x00,
    0x00, 0x00, 0x00, 0x00, 0x00, 0x00, 0x00, 0x00, 0x00, 0x00, 0x00, 0x00, 0x00, 0x00, 0x00, 0x00,
    0x00, 0x00, 0x00, 0x00, 0x00, 0x00, 0x00, 0x00, 0x00, 0x00, 0x00, 0x00, 0x00, 0x00, 0x00, 0x00,
    0x00, 0x00, 0x00, 0x00, 0x00, 0x00, 0x00, 0x00, 0x00, 0x00, 0x00, 0x00, 0x00, 0x00, 0x00, 0x00,
    0x00, 0x00, 0x00, 0x00, 0x00, 0x00, 0x00, 0x00, 0x00, 0x00, 0x00, 0x00, 0x00, 0x00, 0x00, 0x00,
    0x0f, 0xff, 0xff, 0xf0, 0x0f, 0xff, 0xff, 0xf0, 0x0f, 0xff, 0xff, 0xf0, 0x0f, 0xff, 0xff, 0xf0,
    0x0f, 0x00, 0x00, 0xf0, 0x0f, 0x00, 0x00, 0xf0, 0x0f, 0x00, 0x00, 0xf0, 0x0f, 0x00, 0x00, 0xf0,
    0x0f, 0x00, 0x00, 0x00, 0x0f, 0x00, 0x00, 0x00, 0x0f, 0x00, 0x00, 0x00, 0x0f, 0x00, 0x00, 0x00,
    0x0f, 0x00, 0x00, 0x00, 0x0f, 0x00, 0x00, 0x00, 0x0f, 0x00, 0x00, 0x00, 0x0f, 0x00, 0x00, 0x00,
    0x0f, 0xff, 0xfe, 0x00, 0x0f, 0xff, 0xff, 0x80, 0x0f, 0xff, 0xff, 0xc0, 0x0f, 0xff, 0xff, 0xe0,
    0x00, 0x00, 0x03, 0xe0, 0x00, 0x00, 0x01, 0xf0, 0x00, 0x00, 0x00, 0xf0, 0x00, 0x00, 0x00, 0xf0,
    0x00, 0x00, 0x00, 0xf0, 0x00, 0x00, 0x00, 0xf0, 0x00, 0x00, 0x00, 0xf0, 0x00, 0x00, 0x00, 0xf0,
    0x00, 0x00, 0x00, 0xf0, 0x00, 0x00, 0x00, 0xf0, 0x00, 0x00, 0x00, 0xf0, 0x00, 0x00, 0x00, 0xf0,
    0x0f, 0x00, 0x00, 0xf0, 0x0f, 0x00, 0x00, 0xf0, 0x0f, 0x80, 0x01, 0xf0, 0x07, 0xc0, 0x03, 0xe0,
    0x07, 0xff, 0xff, 0xe0, 0x03, 0xff, 0xff, 0xc0, 0x01, 0xff, 0xff, 0x80, 0x00, 0x7f, 0xfe, 0x00,
    0x00, 0x00, 0x00, 0x00, 0x00, 0x00, 0x00, 0x00, 0x00, 0x00, 0x00, 0x00, 0x00, 0x00, 0x00, 0x00,
    0x00, 0x00, 0x00, 0x00, 0x00, 0x00, 0x00, 0x00, 0x00, 0x00, 0x00, 0x00, 0x00, 0x00, 0x00, 0x00,
    0x00, 0x00, 0x00, 0x00, 0x00, 0x00, 0x00, 0x00, 0x00, 0x00, 0x00, 0x00, 0x00, 0x00, 0x00, 0x00,
    0x00, 0x00, 0x00, 0x00, 0x00, 0x00, 0x00, 0x00, 0x00, 0x00, 0x00, 0x00, 0x00, 0x00, 0x00, 0x00,
    0x00, 0x00, 0x00, 0x00, 0x00, 0x00, 0x00, 0x00, 0x00, 0x00, 0x00, 0x00, 0x00, 0x00, 0x00, 0x00,
    0x00, 0x00, 0x00, 0x00, 0x00, 0x00, 0x00, 0x00, 0x00, 0x00, 0x00, 0x00, 0x00, 0x00, 0x00, 0x00,
    0x00, 0x7f, 0xfe, 0x00, 0x01, 0xff, 0xff, 0x80, 0x03, 0xff, 0xff, 0xc0, 0x07, 0xff, 0xff, 0xe0,
    0x07, 0xc0, 0x03, 0xe0, 0x0f, 0x80, 0x01, 0xf0, 0x0f, 0x00, 0x00, 0xf0, 0x0f, 0x00, 0x00, 0xf0,
    0x0f, 0x00, 0x00, 0x00, 0x0f, 0x00, 0x00, 0x00, 0x0f, 0x00, 0x00, 0x00, 0x0f, 0x00, 0x00, 0x00,
    0x0f, 0x00, 0x00, 0x00, 0x0f, 0x00, 0x00, 0x00, 0x0f, 0x00, 0x00, 0x00, 0x0f, 0x00, 0x00, 0x00,
    0x0f, 0xff, 0xfe, 0x00, 0x0f, 0xff, 0xff, 0x80, 0x0f, 0xff, 0xff, 0xc0, 0x0f, 0xff, 0xff, 0xe0,
    0x0f, 0x00, 0x03, 0xe0, 0x0f, 0x00, 0x01, 0xf0, 0x0f, 0x00, 0x00, 0xf0, 0x0f, 0x00, 0x00, 0xf0,
    0x0f, 0x00, 0x00, 0xf0, 0x0f, 0x00, 0x00, 0xf0, 0x0f, 0x00, 0x00, 0xf0, 0x0f, 0x00, 0x00, 0xf0,
    0x0f, 0x00, 0x00, 0xf0, 0x0f, 0x00, 0x00, 0xf0, 0x0f, 0x00, 0x00, 0xf0, 0x0f, 0x00, 0x00, 0xf0,
    0x0f, 0x00, 0x00, 0xf0, 0x0f, 0x00, 0x00, 0xf0, 0x0f, 0x80, 0x01, 0xf0, 0x07, 0xc0, 0x03, 0xe0,
    0x07, 0xff, 0xff, 0xe0, 0x03, 0xff, 0xff, 0xc0, 0x01, 0xff, 0xff, 0x80, 0x00, 0x7f, 0xfe, 0x00,
    0x00, 0x00, 0x00, 0x00, 0x00, 0x00, 0x00, 0x00, 0x00, 0x00, 0x00, 0x00, 0x00, 0x00, 0x00, 0x00,
    0x00, 0x00, 0x00, 0x00, 0x00, 0x00, 0x00, 0x00, 0x00, 0x00, 0x00, 0x00, 0x00, 0x00, 0x00, 0x00,
    0x00, 0x00, 0x00, 0x00, 0x00, 0x00, 0x00, 0x00, 0x00, 0x00, 0x00, 0x00, 0x00, 0x00, 0x00, 0x00,
    0x00, 0x00, 0x00, 0x00, 0x00, 0x00, 0x00, 0x00, 0x00, 0x00, 0x00, 0x00, 0x00, 0x00, 0x00, 0x00,
    0x00, 0x00, 0x00, 0x00, 0x00, 0x00, 0x00, 0x00, 0x00, 0x00, 0x00, 0x00, 0x00, 0x00, 0x00, 0x00,
    0x00, 0x00, 0x00, 0x00, 0x00, 0x00, 0x00, 0x00, 0x00, 0x00, 0x00, 0x00, 0x00, 0x00, 0x00, 0x00,
    0x0f, 0xff, 0xff, 0xf0, 0x0f, 0xff, 0xff, 0xf0, 0x0f, 0xff, 0xff, 0xf0, 0x0f, 0xff, 0xff, 0xf0,
    0x0f, 0x00, 0x00, 0xf0, 0x0f, 0x00, 0x00, 0xf0, 0x0f, 0x00, 0x00, 0xf0, 0x0f, 0x00, 0x00, 0xf0,
    0x00, 0x00, 0x00, 0xf0, 0x00, 0x00, 0x00, 0xf0, 0x00, 0x00, 0x00, 0xf0, 0x00, 0x00, 0x00, 0xf0,
    0x00, 0x00, 0x00, 0xf0, 0x00, 0x00, 0x01, 0xf0, 0x00, 0x00, 0x03, 0xe0, 0x00, 0x00, 0x07, 0xc0,
    0x00, 0x00, 0x0f, 0x80, 0x00, 0x00, 0x1f, 0x00, 0x00, 0x00, 0x3e, 0x00, 0x00, 0x00, 0x7c, 0x00,
    0x00, 0x00, 0xf8, 0x00, 0x00, 0x01, 0xf0, 0x00, 0x00, 0x03, 0xe0, 0x00, 0x00, 0x07, 0xc0, 0x00,
    0x00, 0x0f, 0x80, 0x00, 0x00, 0x0f, 0x00, 0x00, 0x00, 0x0f, 0x00, 0x00, 0x00, 0x0f, 0x00, 0x00,
    0x00, 0x0f, 0x00, 0x00, 0x00, 0x0f, 0x00, 0x00, 0x00, 0x0f, 0x00, 0x00, 0x00, 0x0f, 0x00, 0x00,
    0x00, 0x0f, 0x00, 0x00, 0x00, 0x0f, 0x00, 0x00, 0x00, 0x0f, 0x00, 0x00, 0x00, 0x0f, 0x00, 0x00,
    0x00, 0x0f, 0x00, 0x00, 0x00, 0x0f, 0x00, 0x00, 0x00, 0x0f, 0x00, 0x00, 0x00, 0x0f, 0x00, 0x00,
    0x00, 0x00, 0x00, 0x00, 0x00, 0x00, 0x00, 0x00, 0x00, 0x00, 0x00, 0x00, 0x00, 0x00, 0x00, 0x00,
    0x00, 0x00, 0x00, 0x00, 0x00, 0x00, 0x00, 0x00, 0x00, 0x00, 0x00, 0x00, 0x00, 0x00, 0x00, 0x00,
    0x00, 0x00, 0x00, 0x00, 0x00, 0x00, 0x00, 0x00, 0x00, 0x00, 0x00, 0x00, 0x00, 0x00, 0x00, 0x00,
    0x00, 0x00, 0x00, 0x00, 0x00, 0x00, 0x00, 0x00, 0x00, 0x00, 0x00, 0x00, 0x00, 0x00, 0x00, 0x00,
    0x00, 0x00, 0x00, 0x00, 0x00, 0x00, 0x00, 0x00, 0x00, 0x00, 0x00, 0x00, 0x00, 0x00, 0x00, 0x00,
    0x00, 0x00, 0x00, 0x00, 0x00, 0x00, 0x00, 0x00, 0x00, 0x00, 0x00, 0x00, 0x00, 0x00, 0x00, 0x00,
    0x00, 0x7f, 0xfe, 0x00, 0x01, 0xff, 0xff, 0x80, 0x03, 0xff, 0xff, 0xc0, 0x07, 0xff, 0xff, 0xe0,
    0x07, 0xc0, 0x03, 0xe0, 0x0f, 0x80, 0x01, 0xf0, 0x0f, 0x00, 0x00, 0xf0, 0x0f, 0x00, 0x00, 0xf0,
    0x0f, 0x00, 0x00, 0xf0, 0x0f, 0x00, 0x00, 0xf0, 0x0f, 0x00, 0x00, 0xf0, 0x0f, 0x00, 0x00, 0xf0,
    0x0f, 0x00, 0x00, 0xf0, 0x0f, 0x00, 0x00, 0xf0, 0x07, 0x80, 0x01, 0xe0, 0x03, 0xc0, 0x03, 0xc0,
    0x01, 0xff, 0xff, 0x80, 0x00, 0xff, 0xff, 0x00, 0x00, 0xff, 0xff, 0x00, 0x01, 0xff, 0xff, 0x80,
    0x03, 0xc0, 0x03, 0xc0, 0x07, 0x80, 0x01, 0xe0, 0x0f, 0x00, 0x00, 0xf0, 0x0f, 0x00, 0x00, 0xf0,
    0x0f, 0x00, 0x00, 0xf0, 0x0f, 0x00, 0x00, 0xf0, 0x0f, 0x00, 0x00, 0xf0, 0x0f, 0x00, 0x00, 0xf0,
    0x0f, 0x00, 0x00, 0xf0, 0x0f, 0x00, 0x00, 0xf0, 0x0f, 0x00, 0x00, 0xf0, 0x0f, 0x00, 0x00, 0xf0,
    0x0f, 0x00, 0x00, 0xf0, 0x0f, 0x00, 0x00, 0xf0, 0x0f, 0x80, 0x01, 0xf0, 0x07, 0xc0, 0x03, 0xe0,
    0x07, 0xff, 0xff, 0xe0, 0x03, 0xff, 0xff, 0xc0, 0x01, 0xff, 0xff, 0x80, 0x00, 0x7f, 0xfe, 0x00,
    0x00, 0x00, 0x00, 0x00, 0x00, 0x00, 0x00, 0x00, 0x00, 0x00, 0x00, 0x00, 0x00, 0x00, 0x00, 0x00,
    0x00, 0x00, 0x00, 0x00, 0x00, 0x00, 0x00, 0x00, 0x00, 0x00, 0x00, 0x00, 0x00, 0x00, 0x00, 0x00,
    0x00, 0x00, 0x00, 0x00, 0x00, 0x00, 0x00, 0x00, 0x00, 0x00, 0x00, 0x00, 0x00, 0x00, 0x00, 0x00,
    0x00, 0x00, 0x00, 0x00, 0x00, 0x00, 0x00, 0x00, 0x00, 0x00, 0x00, 0x00, 0x00, 0x00, 0x00, 0x00,
    0x00, 0x00, 0x00, 0x00, 0x00, 0x00, 0x00, 0x00, 0x00, 0x00, 0x00, 0x00, 0x00, 0x00, 0x00, 0x00,
    0x00, 0x00, 0x00, 0x00, 0x00, 0x00, 0x00, 0x00, 0x00, 0x00, 0x00, 0x00, 0x00, 0x00, 0x00, 0x00,
    0x00, 0x7f, 0xfe, 0x00, 0x01, 0xff, 0xff, 0x80, 0x03, 0xff, 0xff, 0xc0, 0x07, 0xff, 0xff, 0xe0,
    0x07, 0xc0, 0x03, 0xe0, 0x0f, 0x80, 0x01, 0xf0, 0x0f, 0x00, 0x00, 0xf0, 0x0f, 0x00, 0x00, 0xf0,
    0x0f, 0x00, 0x00, 0xf0, 0x0f, 0x00, 0x00, 0xf0, 0x0f, 0x00, 0x00, 0xf0, 0x0f, 0x00, 0x00, 0xf0,
    0x0f, 0x00, 0x00, 0xf0, 0x0f, 0x00, 0x00, 0xf0, 0x0f, 0x00, 0x00, 0xf0, 0x0f, 0x00, 0x00, 0xf0,
    0x0f, 0x00, 0x00, 0xf0, 0x0f, 0x00, 0x00, 0xf0, 0x0f, 0x80, 0x00, 0xf0, 0x07, 0xc0, 0x00, 0xf0,
    0x07, 0xff, 0xff, 0xf0, 0x03, 0xff, 0xff, 0xf0, 0x01, 0xff, 0xff, 0xf0, 0x00, 0x7f, 0xff, 0xf0,
    0x00, 0x00, 0x00, 0xf0, 0x00, 0x00, 0x00, 0xf0, 0x00, 0x00, 0x00, 0xf0, 0x00, 0x00, 0x00, 0xf0,
    0x00, 0x00, 0x00, 0xf0, 0x00, 0x00, 0x00, 0xf0, 0x00, 0x00, 0x00, 0xf0, 0x00, 0x00, 0x00, 0xf0,
    0x0f, 0x00, 0x00, 0xf0, 0x0f, 0x00, 0x00, 0xf0, 0x0f, 0x80, 0x01, 0xf0, 0x07, 0xc0, 0x03, 0xe0,
    0x07, 0xff, 0xff, 0xe0, 0x03, 0xff, 0xff, 0xc0, 0x01, 0xff, 0xff, 0x80, 0x00, 0x7f, 0xfe, 0x00,
    0x00, 0x00, 0x00, 0x00, 0x00, 0x00, 0x00, 0x00, 0x00, 0x00, 0x00, 0x00, 0x00, 0x00, 0x00, 0x00,
    0x00, 0x00, 0x00, 0x00, 0x00, 0x00, 0x00, 0x00, 0x00, 0x00, 0x00, 0x00, 0x00, 0x00, 0x00, 0x00,
    0x00, 0x00, 0x00, 0x00, 0x00, 0x00, 0x00, 0x00, 0x00, 0x00, 0x00, 0x00, 0x00, 0x00, 0x00, 0x00,
    0x00, 0x00, 0x00, 0x00, 0x00, 0x00, 0x00, 0x00, 0x00, 0x00, 0x00, 0x00, 0x00, 0x00, 0x00, 0x00,
    0x00, 0x00, 0x00, 0x00, 0x00, 0x00, 0x00, 0x00, 0x00, 0x00, 0x00, 0x00, 0x00, 0x00, 0x00, 0x00,
    0x00, 0x00, 0x00, 0x00, 0x00, 0x00, 0x00, 0x00, 0x00, 0x00, 0x00, 0x00, 0x00, 0x00, 0x00, 0x00,
    0x00, 0x00, 0x00, 0x00, 0x00, 0x00, 0x00, 0x00, 0x00, 0x00, 0x00, 0x00, 0x00, 0x00, 0x00, 0x00,
    0x00, 0x00, 0x00, 0x00, 0x00, 0x00, 0x00, 0x00, 0x00, 0x00, 0x00, 0x00, 0x00, 0x00, 0x00, 0x00,
    0x00, 0x00, 0x00, 0x00, 0x00, 0x00, 0x00, 0x00, 0x00, 0x00, 0x00, 0x00, 0x00, 0x00, 0x00, 0x00,
    0x00, 0x00, 0x00, 0x00, 0x00, 0x00, 0x00, 0x00, 0x00, 0x03, 0xc0, 0x00, 0x00, 0x03, 0xc0, 0x00,
    0x00, 0x03, 0xc0, 0x00, 0x00, 0x03, 0xc0, 0x00, 0x00, 0x03, 0xc0, 0x00, 0x00, 0x03, 0xc0, 0x00,
    0x00, 0x00, 0x00, 0x00, 0x00, 0x00, 0x00, 0x00, 0x00, 0x00, 0x00, 0x00, 0x00, 0x00, 0x00, 0x00,
    0x00, 0x00, 0x00, 0x00, 0x00, 0x00, 0x00, 0x00, 0x00, 0x00, 0x00, 0x00, 0x00, 0x00, 0x00, 0x00,
    0x00, 0x00, 0x00, 0x00, 0x00, 0x00, 0x00, 0x00, 0x00, 0x00, 0x00, 0x00, 0x00, 0x00, 0x00, 0x00,
    0x00, 0x00, 0x00, 0x00, 0x00, 0x00, 0x00, 0x00, 0x00, 0x03, 0xc0, 0x00, 0x00, 0x03, 0xc0, 0x00,
    0x00, 0x03, 0xc0, 0x00, 0x00, 0x03, 0xc0, 0x00, 0x00, 0x03, 0xc0, 0x00, 0x00, 0x03, 0xc0, 0x00,
    0x00, 0x00, 0x00, 0x00, 0x00, 0x00, 0x00, 0x00, 0x00, 0x00, 0x00, 0x00, 0x00, 0x00, 0x00, 0x00,
    0x00, 0x00, 0x00, 0x00, 0x00, 0x00, 0x00, 0x00, 0x00, 0x00, 0x00, 0x00, 0x00, 0x00, 0x00, 0x00,
    0x00, 0x00, 0x00, 0x00, 0x00, 0x00, 0x00, 0x00, 0x00, 0x00, 0x00, 0x00, 0x00, 0x00, 0x00, 0x00,
    0x00, 0x00, 0x00, 0x00, 0x00, 0x00, 0x00, 0x00, 0x00, 0x00, 0x00, 0x00, 0x00, 0x00, 0x00, 0x00,
    0x00, 0x00, 0x00, 0x00, 0x00, 0x00, 0x00, 0x00, 0x00, 0x00, 0x00, 0x00, 0x00, 0x00, 0x00, 0x00,
    0x00, 0x00, 0x00, 0x00, 0x00, 0x00, 0x00, 0x00, 0x00, 0x00, 0x00, 0x00, 0x00, 0x00, 0x00, 0x00,
    0x00, 0x00, 0x00, 0x00, 0x00, 0x00, 0x00, 0x00, 0x00, 0x00, 0x00, 0x00, 0x00, 0x00, 0x00, 0x00,
    0x00, 0x00, 0x00, 0x00, 0x00, 0x00, 0x00, 0x00, 0x00, 0x00, 0x00, 0x00, 0x00, 0x00, 0x00, 0x00,
    0x00, 0x00, 0x00, 0x00, 0x00, 0x00, 0x00, 0x00, 0x00, 0x00, 0x00, 0x00, 0x00, 0x00, 0x00, 0x00,
    0x00, 0x00, 0x00, 0x00, 0x00, 0x00, 0x00, 0x00, 0x00, 0x03, 0xc0, 0x00, 0x00, 0x03, 0xc0, 0x00,
    0x00, 0x03, 0xc0, 0x00, 0x00, 0x03, 0xc0, 0x00, 0x00, 0x03, 0xc0, 0x00, 0x00, 0x03, 0xc0, 0x00,
    0x00, 0x00, 0x00, 0x00, 0x00, 0x00, 0x00, 0x00, 0x00, 0x00, 0x00, 0x00, 0x00, 0x00, 0x00, 0x00,
    0x00, 0x00, 0x00, 0x00, 0x00, 0x00, 0x00, 0x00, 0x00, 0x00, 0x00, 0x00, 0x00, 0x00, 0x00, 0x00,
    0x00, 0x00, 0x00, 0x00, 0x00, 0x00, 0x00, 0x00, 0x00, 0x00, 0x00, 0x00, 0x00, 0x00, 0x00, 0x00,
    0x00, 0x03, 0xc0, 0x00, 0x00, 0x03, 0xc0, 0x00, 0x00, 0x03, 0xc0, 0x00, 0x00, 0x03, 0xc0, 0x00,
    0x00, 0x03, 0xc0, 0x00, 0x00, 0x03, 0xc0, 0x00, 0x00, 0x07, 0xc0, 0x00, 0x00, 0x0f, 0x80, 0x00,
    0x00, 0x3f, 0x80, 0x00, 0x00, 0x3f, 0x00, 0x00, 0x00, 0x3e, 0x00, 0x00, 0x00, 0x38, 0x00, 0x00,
    0x00, 0x00, 0x00, 0x00, 0x00, 0x00, 0x00, 0x00, 0x00, 0x00, 0x00, 0x00, 0x00, 0x00, 0x00, 0x00,
    0x00, 0x00, 0x00, 0x00, 0x00, 0x00, 0x00, 0x00, 0x00, 0x00, 0x00, 0x00, 0x00, 0x00, 0x00, 0x00,
    0x00, 0x00, 0x00, 0x00, 0x00, 0x00, 0x00, 0x00, 0x00, 0x00, 0x00, 0x00, 0x00, 0x00, 0x00, 0x00,
    0x00, 0x00, 0x00, 0x00, 0x00, 0x00, 0x00, 0x00, 0x00, 0x00, 0x00, 0x00, 0x00, 0x00, 0x00, 0x00,
    0x00, 0x00, 0x00, 0x00, 0x00, 0x00, 0x00, 0x00, 0x00, 0x00, 0x00, 0x00, 0x00, 0x00, 0x00, 0x00,
    0x00, 0x00, 0x03, 0xf0, 0x00, 0x00, 0x07, 0xe0, 0x00, 0x00, 0x0f, 0xc0, 0x00, 0x00, 0x1f, 0x80,
    0x00, 0x00, 0x3f, 0x00, 0x00, 0x00, 0x7e, 0x00, 0x00, 0x00, 0xfc, 0x00, 0x00, 0x01, 0xf8, 0x00,
    0x00, 0x03, 0xf0, 0x00, 0x00, 0x07, 0xe0, 0x00, 0x00, 0x0f, 0xc0, 0x00, 0x00, 0x1f, 0x80, 0x00,
    0x00, 0x3f, 0x00, 0x00, 0x00, 0x7e, 0x00, 0x00, 0x00, 0xfc, 0x00, 0x00, 0x01, 0xf8, 0x00, 0x00,
    0x03, 0xf0, 0x00, 0x00, 0x07, 0xe0, 0x00, 0x00, 0x0f, 0xc0, 0x00, 0x00, 0x0f, 0xc0, 0x00, 0x00,
    0x0f, 0xc0, 0x00, 0x00, 0x0f, 0xc0, 0x00, 0x00, 0x07, 0xe0, 0x00, 0x00, 0x03, 0xf0, 0x00, 0x00,
    0x01, 0xf8, 0x00, 0x00, 0x00, 0xfc, 0x00, 0x00, 0x00, 0x7e, 0x00, 0x00, 0x00, 0x3f, 0x00, 0x00,
    0x00, 0x1f, 0x80, 0x00, 0x00, 0x0f, 0xc0, 0x00, 0x00, 0x07, 0xe0, 0x00, 0x00, 0x03, 0xf0, 0x00,
    0x00, 0x01, 0xf8, 0x00, 0x00, 0x00, 0xfc, 0x00, 0x00, 0x00, 0x7e, 0x00, 0x00, 0x00, 0x3f, 0x00,
    0x00, 0x00, 0x1f, 0x80, 0x00, 0x00, 0x0f, 0xc0, 0x00, 0x00, 0x07, 0xe0, 0x00, 0x00, 0x03, 0xf0,
    0x00, 0x00, 0x00, 0x00, 0x00, 0x00, 0x00, 0x00, 0x00, 0x00, 0x00, 0x00, 0x00, 0x00, 0x00, 0x00,
    0x00, 0x00, 0x00, 0x00, 0x00, 0x00, 0x00, 0x00, 0x00, 0x00, 0x00, 0x00, 0x00, 0x00, 0x00, 0x00,
    0x00, 0x00, 0x00, 0x00, 0x00, 0x00, 0x00, 0x00, 0x00, 0x00, 0x00, 0x00, 0x00, 0x00, 0x00, 0x00,
    0x00, 0x00, 0x00, 0x00, 0x00, 0x00, 0x00, 0x00, 0x00, 0x00, 0x00, 0x00, 0x00, 0x00, 0x00, 0x00,
    0x00, 0x00, 0x00, 0x00, 0x00, 0x00, 0x00, 0x00, 0x00, 0x00, 0x00, 0x00, 0x00, 0x00, 0x00, 0x00,
    0x00, 0x00, 0x00, 0x00, 0x00, 0x00, 0x00, 0x00, 0x00, 0x00, 0x00, 0x00, 0x00, 0x00, 0x00, 0x00,
    0x00, 0x00, 0x00, 0x00, 0x00, 0x00, 0x00, 0x00, 0x00, 0x00, 0x00, 0x00, 0x00, 0x00, 0x00, 0x00,
    0x00, 0x00, 0x00, 0x00, 0x00, 0x00, 0x00, 0x00, 0x00, 0x00, 0x00, 0x00, 0x00, 0x00, 0x00, 0x00,
    0x00, 0x00, 0x00, 0x00, 0x00, 0x00, 0x00, 0x00, 0x00, 0x00, 0x00, 0x00, 0x00, 0x00, 0x00, 0x00,
    0x0f, 0xff, 0xff, 0xf0, 0x0f, 0xff, 0xff, 0xf0, 0x0f, 0xff, 0xff, 0xf0, 0x0f, 0xff, 0xff, 0xf0,
    0x00, 0x00, 0x00, 0x00, 0x00, 0x00, 0x00, 0x00, 0x00, 0x00, 0x00, 0x00, 0x00, 0x00, 0x00, 0x00,
    0x00, 0x00, 0x00, 0x00, 0x00, 0x00, 0x00, 0x00, 0x00, 0x00, 0x00, 0x00, 0x00, 0x00, 0x00, 0x00,
    0x0f, 0xff, 0xff, 0xf0, 0x0f, 0xff, 0xff, 0xf0, 0x0f, 0xff, 0xff, 0xf0, 0x0f, 0xff, 0xff, 0xf0,
    0x00, 0x00, 0x00, 0x00, 0x00, 0x00, 0x00, 0x00, 0x00, 0x00, 0x00, 0x00, 0x00, 0x00, 0x00, 0x00,
    0x00, 0x00, 0x00, 0x00, 0x00, 0x00, 0x00, 0x00, 0x00, 0x00, 0x00, 0x00, 0x00, 0x00, 0x00, 0x00,
    0x00, 0x00, 0x00, 0x00, 0x00, 0x00, 0x00, 0x00, 0x00, 0x00, 0x00, 0x00, 0x00, 0x00, 0x00, 0x00,
    0x00, 0x00, 0x00, 0x00, 0x00, 0x00, 0x00, 0x00, 0x00, 0x00, 0x00, 0x00, 0x00, 0x00, 0x00, 0x00,
    0x00, 0x00, 0x00, 0x00, 0x00, 0x00, 0x00, 0x00, 0x00, 0x00, 0x00, 0x00, 0x00, 0x00, 0x00, 0x00,
    0x00, 0x00, 0x00, 0x00, 0x00, 0x00, 0x00, 0x00, 0x00, 0x00, 0x00, 0x00, 0x00, 0x00, 0x00, 0x00,
    0x00, 0x00, 0x00, 0x00, 0x00, 0x00, 0x00, 0x00, 0x00, 0x00, 0x00, 0x00, 0x00, 0x00, 0x00, 0x00,
    0x00, 0x00, 0x00, 0x00, 0x00, 0x00, 0x00, 0x00, 0x00, 0x00, 0x00, 0x00, 0x00, 0x00, 0x00, 0x00,
    0x00, 0x00, 0x00, 0x00, 0x00, 0x00, 0x00, 0x00, 0x00, 0x00, 0x00, 0x00, 0x00, 0x00, 0x00, 0x00,
    0x0f, 0xc0, 0x00, 0x00, 0x07, 0xe0, 0x00, 0x00, 0x03, 0xf0, 0x00, 0x00, 0x01, 0xf8, 0x00, 0x00,
    0x00, 0xfc, 0x00, 0x00, 0x00, 0x7e, 0x00, 0x00, 0x00, 0x3f, 0x00, 0x00, 0x00, 0x1f, 0x80, 0x00,
    0x00, 0x0f, 0xc0, 0x00, 0x00, 0x07, 0xe0, 0x00, 0x00, 0x03, 0xf0, 0x00, 0x00, 0x01, 0xf8, 0x00,
    0x00, 0x00, 0xfc, 0x00, 0x00, 0x00, 0x7e, 0x00, 0x00, 0x00, 0x3f, 0x00, 0x00, 0x00, 0x1f, 0x80,
    0x00, 0x00, 0x0f, 0xc0, 0x00, 0x00, 0x07, 0xe0, 0x00, 0x00, 0x03, 0xf0, 0x00, 0x00, 0x03, 0xf0,
    0x00, 0x00, 0x03, 0xf0, 0x00, 0x00, 0x03, 0xf0, 0x00, 0x00, 0x07, 0xe0, 0x00, 0x00, 0x0f, 0xc0,
    0x00, 0x00, 0x1f, 0x80, 0x00, 0x00, 0x3f, 0x00, 0x00, 0x00, 0x7e, 0x00, 0x00, 0x00, 0xfc, 0x00,
    0x00, 0x01, 0xf8, 0x00, 0x00, 0x03, 0xf0, 0x00, 0x00, 0x07, 0xe0, 0x00, 0x00, 0x0f, 0xc0, 0x00,
    0x00, 0x1f, 0x80, 0x00, 0x00, 0x3f, 0x00, 0x00, 0x00, 0x7e, 0x00, 0x00, 0x00, 0xfc, 0x00, 0x00,
    0x01, 0xf8, 0x00, 0x00, 0x03, 0xf0, 0x00, 0x00, 0x07, 0xe0, 0x00, 0x00, 0x0f, 0xc0, 0x00, 0x00,
    0x00, 0x00, 0x00, 0x00, 0x00, 0x00, 0x00, 0x00, 0x00, 0x00, 0x00, 0x00, 0x00, 0x00, 0x00, 0x00,
    0x00, 0x00, 0x00, 0x00, 0x00, 0x00, 0x00, 0x00, 0x00, 0x00, 0x00, 0x00, 0x00, 0x00, 0x00, 0x00,
    0x00, 0x00, 0x00, 0x00, 0x00, 0x00, 0x00, 0x00, 0x00, 0x00, 0x00, 0x00, 0x00, 0x00, 0x00, 0x00,
    0x00, 0x00, 0x00, 0x00, 0x00, 0x00, 0x00, 0x00, 0x00, 0x00, 0x00, 0x00, 0x00, 0x00, 0x00, 0x00,
    0x00, 0x00, 0x00, 0x00, 0x00, 0x00, 0x00, 0x00, 0x00, 0x00, 0x00, 0x00, 0x00, 0x00, 0x00, 0x00,
    0x00, 0x00, 0x00, 0x00, 0x00, 0x00, 0x00, 0x00, 0x00, 0x00, 0x00, 0x00, 0x00, 0x00, 0x00, 0x00,
    0x00, 0x7f, 0xfe, 0x00, 0x01, 0xff, 0xff, 0x80, 0x03, 0xff, 0xff, 0xc0, 0x07, 0xff, 0xff, 0xe0,
    0x07, 0xc0, 0x03, 0xe0, 0x0f, 0x80, 0x01, 0xf0, 0x0f, 0x00, 0x00, 0xf0, 0x0f, 0x00, 0x00, 0xf0,
    0x00, 0x00, 0x00, 0xf0, 0x00, 0x00, 0x00, 0xf0, 0x00, 0x00, 0x00, 0xf0, 0x00, 0x00, 0x00, 0xf0,
    0x00, 0x00, 0x01, 0xe0, 0x00, 0x00, 0x03, 0xc0, 0x00, 0x00, 0x07, 0x80, 0x00, 0x00, 0x0f, 0x00,
    0x00, 0x00, 0x1e, 0x00, 0x00, 0x00, 0x3c, 0x00, 0x00, 0x00, 0x78, 0x00, 0x00, 0x00, 0x78, 0x00,
    0x00, 0x00, 0xf0, 0x00, 0x00, 0x00, 0xf0, 0x00, 0x00, 0x01, 0xe0, 0x00, 0x00, 0x01, 0xe0, 0x00,
    0x00, 0x03, 0xc0, 0x00, 0x00, 0x03, 0xc0, 0x00, 0x00, 0x03, 0xc0, 0x00, 0x00, 0x03, 0xc0, 0x00,
    0x00, 0x00, 0x00, 0x00, 0x00, 0x00, 0x00, 0x00, 0x00, 0x00, 0x00, 0x00, 0x00, 0x00, 0x00, 0x00,
    0x00, 0x00, 0x00, 0x00, 0x00, 0x00, 0x00, 0x00, 0x00, 0x03, 0xc0, 0x00, 0x00, 0x03, 0xc0, 0x00,
    0x00, 0x03, 0xc0, 0x00, 0x00, 0x03, 0xc0, 0x00, 0x00, 0x03, 0xc0, 0x00, 0x00, 0x03, 0xc0, 0x00,
    0x00, 0x00, 0x00, 0x00, 0x00, 0x00, 0x00, 0x00, 0x00, 0x00, 0x00, 0x00, 0x00, 0x00, 0x00, 0x00,
    0x00, 0x00, 0x00, 0x00, 0x00, 0x00, 0x00, 0x00, 0x00, 0x00, 0x00, 0x00, 0x00, 0x00, 0x00, 0x00,
    0x00, 0x00, 0x00, 0x00, 0x00, 0x00, 0x00, 0x00, 0x00, 0x00, 0x00, 0x00, 0x00, 0x00, 0x00, 0x00,
    0x00, 0x00, 0x00, 0x00, 0x00, 0x00, 0x00, 0x00, 0x00, 0x00, 0x00, 0x00, 0x00, 0x00, 0x00, 0x00,
    0x00, 0x00, 0x00, 0x00, 0x00, 0x00, 0x00, 0x00, 0x00, 0x00, 0x00, 0x00, 0x00, 0x00, 0x00, 0x00,
    0x00, 0x00, 0x00, 0x00, 0x00, 0x00, 0x00, 0x00, 0x00, 0x00, 0x00, 0x00, 0x00, 0x00, 0x00, 0x00,
    0x00, 0x00, 0x00, 0x00, 0x00, 0x00, 0x00, 0x00, 0x00, 0x00, 0x00, 0x00, 0x00, 0x00, 0x00, 0x00,
    0x00, 0x7f, 0xfe, 0x00, 0x01, 0xff, 0xff, 0x80, 0x03, 0xff, 0xff, 0xc0, 0x07, 0xff, 0xff, 0xe0,
    0x07, 0xc0, 0x03, 0xe0, 0x0f, 0x80, 0x01, 0xf0, 0x0f, 0x00, 0x00, 0xf0, 0x0f, 0x00, 0x00, 0xf0,
    0x0f, 0x00, 0x00, 0xf0, 0x0f, 0x00, 0x00, 0xf0, 0x0f, 0x03, 0xf0, 0xf0, 0x0f, 0x03, 0xf0, 0xf0,
    0x0f, 0x03, 0xf0, 0xf0, 0x0f, 0x03, 0xf0, 0xf0, 0x0f, 0x03, 0xf0, 0xf0, 0x0f, 0x03, 0xf0, 0xf0,
    0x0f, 0x03, 0xf0, 0xf0, 0x0f, 0x03, 0xf0, 0xf0, 0x0f, 0x03, 0xf0, 0xf0, 0x0f, 0x03, 0xf0, 0xf0,
    0x0f, 0x03, 0xf0, 0xf0, 0x0f, 0x03, 0xf0, 0xf0, 0x0f, 0x03, 0xff, 0xf0, 0x0f, 0x03, 0xff, 0xf0,
    0x0f, 0x03, 0xff, 0xf0, 0x0f, 0x03, 0xff, 0xf0, 0x0f, 0x00, 0x00, 0x00, 0x0f, 0x00, 0x00, 0x00,
    0x0f, 0x00, 0x00, 0x00, 0x0f, 0x00, 0x00, 0x00, 0x0f, 0x80, 0x00, 0x00, 0x07, 0xc0, 0x00, 0x00,
    0x07, 0xff, 0xff, 0xc0, 0x03, 0xff, 0xff, 0xc0, 0x01, 0xff, 0xff, 0xc0, 0x00, 0x7f, 0xff, 0xc0,
    0x00, 0x00, 0x00, 0x00, 0x00, 0x00, 0x00, 0x00, 0x00, 0x00, 0x00, 0x00, 0x00, 0x00, 0x00, 0x00,
    0x00, 0x00, 0x00, 0x00, 0x00, 0x00, 0x00, 0x00, 0x00, 0x00, 0x00, 0x00, 0x00, 0x00, 0x00, 0x00,
    0x00, 0x00, 0x00, 0x00, 0x00, 0x00, 0x00, 0x00, 0x00, 0x00, 0x00, 0x00, 0x00, 0x00, 0x00, 0x00,
    0x00, 0x00, 0x00, 0x00, 0x00, 0x00, 0x00, 0x00, 0x00, 0x00, 0x00, 0x00, 0x00, 0x00, 0x00, 0x00,
    0x00, 0x00, 0x00, 0x00, 0x00, 0x00, 0x00, 0x00, 0x00, 0x00, 0x00, 0x00, 0x00, 0x00, 0x00, 0x00,
    0x00, 0x00, 0x00, 0x00, 0x00, 0x00, 0x00, 0x00, 0x00, 0x00, 0x00, 0x00, 0x00, 0x00, 0x00, 0x00,
    0x00, 0x7f, 0xfe, 0x00, 0x01, 0xff, 0xff, 0x80, 0x03, 0xff, 0xff, 0xc0, 0x07, 0xff, 0xff, 0xe0,
    0x07, 0xc0, 0x03, 0xe0, 0x0f, 0x80, 0x01, 0xf0, 0x0f, 0x00, 0x00, 0xf0, 0x0f, 0x00, 0x00, 0xf0,
    0x0f, 0x00, 0x00, 0xf0, 0x0f, 0x00, 0x00, 0xf0, 0x0f, 0x00, 0x00, 0xf0, 0x0f, 0x00, 0x00, 0xf0,
    0x0f, 0x00, 0x00, 0xf0, 0x0f, 0x00, 0x00, 0xf0, 0x0f, 0x00, 0x00, 0xf0, 0x0f, 0x00, 0x00, 0xf0,
    0x0f, 0x00, 0x00, 0xf0, 0x0f, 0x00, 0x00, 0xf0, 0x0f, 0xff, 0xff, 0xf0, 0x0f, 0xff, 0xff, 0xf0,
    0x0f, 0xff, 0xff, 0xf0, 0x0f, 0xff, 0xff, 0xf0, 0x0f, 0x00, 0x00, 0xf0, 0x0f, 0x00, 0x00, 0xf0,
    0x0f, 0x00, 0x00, 0xf0, 0x0f, 0x00, 0x00, 0xf0, 0x0f, 0x00, 0x00, 0xf0, 0x0f, 0x00, 0x00, 0xf0,
    0x0f, 0x00, 0x00, 0xf0, 0x0f, 0x00, 0x00, 0xf0, 0x0f, 0x00, 0x00, 0xf0, 0x0f, 0x00, 0x00, 0xf0,
    0x0f, 0x00, 0x00, 0xf0, 0x0f, 0x00, 0x00, 0xf0, 0x0f, 0x00, 0x00, 0xf0, 0x0f, 0x00, 0x00, 0xf0,
    0x0f, 0x00, 0x00, 0xf0, 0x0f, 0x00, 0x00, 0xf0, 0x0f, 0x00, 0x00, 0xf0, 0x0f, 0x00, 0x00, 0xf0,
    0x00, 0x00, 0x00, 0x00, 0x00, 0x00, 0x00, 0x00, 0x00, 0x00, 0x00, 0x00, 0x00, 0x00, 0x00, 0x00,
    0x00, 0x00, 0x00, 0x00, 0x00, 0x00, 0x00, 0x00, 0x00, 0x00, 0x00, 0x00, 0x00, 0x00, 0x00, 0x00,
    0x00, 0x00, 0x00, 0x00, 0x00, 0x00, 0x00, 0x00, 0x00, 0x00, 0x00, 0x00, 0x00, 0x00, 0x00, 0x00,
    0x00, 0x00, 0x00, 0x00, 0x00, 0x00, 0x00, 0x00, 0x00, 0x00, 0x00, 0x00, 0x00, 0x00, 0x00, 0x00,
    0x00, 0x00, 0x00, 0x00, 0x00, 0x00, 0x00, 0x00, 0x00, 0x00, 0x00, 0x00, 0x00, 0x00, 0x00, 0x00,
    0x00, 0x00, 0x00, 0x00, 0x00, 0x00, 0x00, 0x00, 0x00, 0x00, 0x00, 0x00, 0x00, 0x00, 0x00, 0x00,
    0x0f, 0xff, 0xfe, 0x00, 0x0f, 0xff, 0xff, 0x80, 0x0f, 0xff, 0xff, 0xc0, 0x0f, 0xff, 0xff, 0xe0,
    0x0f, 0x00, 0x03, 0xe0, 0x0f, 0x00, 0x01, 0xf0, 0x0f, 0x00, 0x00, 0xf0, 0x0f, 0x00, 0x00, 0xf0,
    0x0f, 0x00, 0x00, 0xf0, 0x0f, 0x00, 0x00, 0xf0, 0x0f, 0x00, 0x00, 0xf0, 0x0f, 0x00, 0x00, 0xf0,
    0x0f, 0x00, 0x00, 0xf0, 0x0f, 0x00, 0x00, 0xf0, 0x0f, 0x00, 0x01, 0xe0, 0x0f, 0x00, 0x03, 0xc0,
    0x0f, 0xff, 0xff, 0x80, 0x0f, 0xff, 0xff, 0x00, 0x0f, 0xff, 0xff, 0x00, 0x0f, 0xff, 0xff, 0x80,
    0x0f, 0x00, 0x03, 0xc0, 0x0f, 0x00, 0x01, 0xe0, 0x0f, 0x00, 0x00, 0xf0, 0x0f, 0x00, 0x00, 0xf0,
    0x0f, 0x00, 0x00, 0xf0, 0x0f, 0x00, 0x00, 0xf0, 0x0f, 0x00, 0x00, 0xf0, 0x0f, 0x00, 0x00, 0xf0,
    0x0f, 0x00, 0x00, 0xf0, 0x0f, 0x00, 0x00, 0xf0, 0x0f, 0x00, 0x00, 0xf0, 0x0f, 0x00, 0x00, 0xf0,
    0x0f, 0x00, 0x00, 0xf0, 0x0f, 0x00, 0x00, 0xf0, 0x0f, 0x00, 0x01, 0xf0, 0x0f, 0x00, 0x03, 0xe0,
    0x0f, 0xff, 0xff, 0xe0, 0x0f, 0xff, 0xff, 0xc0, 0x0f, 0xff, 0xff, 0x80, 0x0f, 0xff, 0xfe, 0x00,
    0x00, 0x00, 0x00, 0x00, 0x00, 0x00, 0x00, 0x00, 0x00, 0x00, 0x00, 0x00, 0x00, 0x00, 0x00, 0x00,
    0x00, 0x00, 0x00, 0x00, 0x00, 0x00, 0x00, 0x00, 0x00, 0x00, 0x00, 0x00, 0x00, 0x00, 0x00, 0x00,
    0x00, 0x00, 0x00, 0x00, 0x00, 0x00, 0x00, 0x00, 0x00, 0x00, 0x00, 0x00, 0x00, 0x00, 0x00, 0x00,
    0x00, 0x00, 0x00, 0x00, 0x00, 0x00, 0x00, 0x00, 0x00, 0x00, 0x00, 0x00, 0x00, 0x00, 0x00, 0x00,
    0x00, 0x00, 0x00, 0x00, 0x00, 0x00, 0x00, 0x00, 0x00, 0x00, 0x00, 0x00, 0x00, 0x00, 0x00, 0x00,
    0x00, 0x00, 0x00, 0x00, 0x00, 0x00, 0x00, 0x00, 0x00, 0x00, 0x00, 0x00, 0x00, 0x00, 0x00, 0x00,
    0x00, 0x7f, 0xff, 0xf0, 0x01, 0xff, 0xff, 0xf0, 0x03, 0xff, 0xff, 0xf0, 0x07, 0xff, 0xff, 0xf0,
    0x07, 0xc0, 0x00, 0x00, 0x0f, 0x80, 0x00, 0x00, 0x0f, 0x00, 0x00, 0x00, 0x0f, 0x00, 0x00, 0x00,
    0x0f, 0x00, 0x00, 0x00, 0x0f, 0x00, 0x00, 0x00, 0x0f, 0x00, 0x00, 0x00, 0x0f, 0x00, 0x00, 0x00,
    0x0f, 0x00, 0x00, 0x00, 0x0f, 0x00, 0x00, 0x00, 0x0f, 0x00, 0x00, 0x00, 0x0f, 0x00, 0x00, 0x00,
    0x0f, 0x00, 0x00, 0x00, 0x0f, 0x00, 0x00, 0x00, 0x0f, 0x00, 0x00, 0x00, 0x0f, 0x00, 0x00, 0x00,
    0x0f, 0x00, 0x00, 0x00, 0x0f, 0x00, 0x00, 0x00, 0x0f, 0x00, 0x00, 0x00, 0x0f, 0x00, 0x00, 0x00,
    0x0f, 0x00, 0x00, 0x00, 0x0f, 0x00, 0x00, 0x00, 0x0f, 0x00, 0x00, 0x00, 0x0f, 0x00, 0x00, 0x00,
    0x0f, 0x00, 0x00, 0x00, 0x0f, 0x00, 0x00, 0x00, 0x0f, 0x00, 0x00, 0x00, 0x0f, 0x00, 0x00, 0x00,
    0x0f, 0x00, 0x00, 0x00, 0x0f, 0x00, 0x00, 0x00, 0x0f, 0x80, 0x00, 0x00, 0x07, 0xc0, 0x00, 0x00,
    0x07, 0xff, 0xff, 0xf0, 0x03, 0xff, 0xff, 0xf0, 0x01, 0xff, 0xff, 0xf0, 0x00, 0x7f, 0xff, 0xf0,
    0x00, 0x00, 0x00, 0x00, 0x00, 0x00, 0x00, 0x00, 0x00, 0x00, 0x00, 0x00, 0x00, 0x00, 0x00, 0x00,
    0x00, 0x00, 0x00, 0x00, 0x00, 0x00, 0x00, 0x00, 0x00, 0x00, 0x00, 0x00, 0x00, 0x00, 0x00, 0x00,
    0x00, 0x00, 0x00, 0x00, 0x00, 0x00, 0x00, 0x00, 0x00, 0x00, 0x00, 0x00, 0x00, 0x00, 0x00, 0x00,
    0x00, 0x00, 0x00, 0x00, 0x00, 0x00, 0x00, 0x00, 0x00, 0x00, 0x00, 0x00, 0x00, 0x00, 0x00, 0x00,
    0x00, 0x00, 0x00, 0x00, 0x00, 0x00, 0x00, 0x00, 0x00, 0x00, 0x00, 0x00, 0x00, 0x00, 0x00, 0x00,
    0x00, 0x00, 0x00, 0x00, 0x00, 0x00, 0x00, 0x00, 0x00, 0x00, 0x00, 0x00, 0x00, 0x00, 0x00, 0x00,
    0x0f, 0xff, 0xfe, 0x00, 0x0f, 0xff, 0xff, 0x80, 0x0f, 0xff, 0xff, 0xc0, 0x0f, 0xff, 0xff, 0xe0,
    0x0f, 0x00, 0x03, 0xe0, 0x0f, 0x00, 0x01, 0xf0, 0x0f, 0x00, 0x00, 0xf0, 0x0f, 0x00, 0x00, 0xf0,
    0x0f, 0x00, 0x00, 0xf0, 0x0f, 0x00, 0x00, 0xf0, 0x0f, 0x00, 0x00, 0xf0, 0x0f, 0x00, 0x00, 0xf0,
    0x0f, 0x00, 0x00, 0xf0, 0x0f, 0x00, 0x00, 0xf0, 0x0f, 0x00, 0x00, 0xf0, 0x0f, 0x00, 0x00, 0xf0,
    0x0f, 0x00, 0x00, 0xf0, 0x0f, 0x00, 0x00, 0xf0, 0x0f, 0x00, 0x00, 0xf0, 0x0f, 0x00, 0x00, 0xf0,
    0x0f, 0x00, 0x00, 0xf0, 0x0f, 0x00, 0x00, 0xf0, 0x0f, 0x00, 0x00, 0xf0, 0x0f, 0x00, 0x00, 0xf0,
    0x0f, 0x00, 0x00, 0xf0, 0x0f, 0x00, 0x00, 0xf0, 0x0f, 0x00, 0x00, 0xf0, 0x0f, 0x00, 0x00, 0xf0,
    0x0f, 0x00, 0x00, 0xf0, 0x0f, 0x00, 0x00, 0xf0, 0x0f, 0x00, 0x00, 0xf0, 0x0f, 0x00, 0x00, 0xf0,
    0x0f, 0x00, 0x00, 0xf0, 0x0f, 0x00, 0x00, 0xf0, 0x0f, 0x00, 0x01, 0xf0, 0x0f, 0x00, 0x03, 0xe0,
    0x0f, 0xff, 0xff, 0xe0, 0x0f, 0xff, 0xff, 0xc0, 0x0f, 0xff, 0xff, 0x80, 0x0f, 0xff, 0xfe, 0x00,
    0x00, 0x00, 0x00, 0x00, 0x00, 0x00, 0x00, 0x00, 0x00, 0x00, 0x00, 0x00, 0x00, 0x00, 0x00, 0x00,
    0x00, 0x00, 0x00, 0x00, 0x00, 0x00, 0x00, 0x00, 0x00, 0x00, 0x00, 0x00, 0x00, 0x00, 0x00, 0x00,
    0x00, 0x00, 0x00, 0x00, 0x00, 0x00, 0x00, 0x00, 0x00, 0x00, 0x00, 0x00, 0x00, 0x00, 0x00, 0x00,
    0x00, 0x00, 0x00, 0x00, 0x00, 0x00, 0x00, 0x00, 0x00, 0x00, 0x00, 0x00, 0x00, 0x00, 0x00, 0x00,
    0x00, 0x00, 0x00, 0x00, 0x00, 0x00, 0x00, 0x00, 0x00, 0x00, 0x00, 0x00, 0x00, 0x00, 0x00, 0x00,
    0x00, 0x00, 0x00, 0x00, 0x00, 0x00, 0x00, 0x00, 0x00, 0x00, 0x00, 0x00, 0x00, 0x00, 0x00, 0x00,
    0x00, 0x7f, 0xff, 0xf0, 0x01, 0xff, 0xff, 0xf0, 0x03, 0xff, 0xff, 0xf0, 0x07, 0xff, 0xff, 0xf0,
    0x07, 0xc0, 0x00, 0x00, 0x0f, 0x80, 0x00, 0x00, 0x0f, 0x00, 0x00, 0x00, 0x0f, 0x00, 0x00, 0x00,
    0x0f, 0x00, 0x00, 0x00, 0x0f, 0x00, 0x00, 0x00, 0x0f, 0x00, 0x00, 0x00, 0x0f, 0x00, 0x00, 0x00,
    0x0f, 0x00, 0x00, 0x00, 0x0f, 0x00, 0x00, 0x00, 0x0f, 0x00, 0x00, 0x00, 0x0f, 0x00, 0x00, 0x00,
    0x0f, 0x00, 0x00, 0x00, 0x0f, 0x00, 0x00, 0x00, 0x0f, 0xff, 0xfc, 0x00, 0x0f, 0xff, 0xfc, 0x00,
    0x0f, 0xff, 0xfc, 0x00, 0x0f, 0xff, 0xfc, 0x00, 0x0f, 0x00, 0x00, 0x00, 0x0f, 0x00, 0x00, 0x00,
    0x0f, 0x00, 0x00, 0x00, 0x0f, 0x00, 0x00, 0x00, 0x0f, 0x00, 0x00, 0x00, 0x0f, 0x00, 0x00, 0x00,
    0x0f, 0x00, 0x00, 0x00, 0x0f, 0x00, 0x00, 0x00, 0x0f, 0x00, 0x00, 0x00, 0x0f, 0x00, 0x00, 0x00,
    0x0f, 0x00, 0x00, 0x00, 0x0f, 0x00, 0x00, 0x00, 0x0f, 0x80, 0x00, 0x00, 0x07, 0xc0, 0x00, 0x00,
    0x07, 0xff, 0xff, 0xf0, 0x03, 0xff, 0xff, 0xf0, 0x01, 0xff, 0xff, 0xf0, 0x00, 0x7f, 0xff, 0xf0,
    0x00, 0x00, 0x00, 0x00, 0x00, 0x00, 0x00, 0x00, 0x00, 0x00, 0x00, 0x00, 0x00, 0x00, 0x00, 0x00,
    0x00, 0x00, 0x00, 0x00, 0x00, 0x00, 0x00, 0x00, 0x00, 0x00, 0x00, 0x00, 0x00, 0x00, 0x00, 0x00,
    0x00, 0x00, 0x00, 0x00, 0x00, 0x00, 0x00, 0x00, 0x00, 0x00, 0x00, 0x00, 0x00, 0x00, 0x00, 0x00,
    0x00, 0x00, 0x00, 0x00, 0x00, 0x00, 0x00, 0x00, 0x00, 0x00, 0x00, 0x00, 0x00, 0x00, 0x00, 0x00,
    0x00, 0x00, 0x00, 0x00, 0x00, 0x00, 0x00, 0x00, 0x00, 0x00, 0x00, 0x00, 0x00, 0x00, 0x00, 0x00,
    0x00, 0x00, 0x00, 0x00, 0x00, 0x00, 0x00, 0x00, 0x00, 0x00, 0x00, 0x00, 0x00, 0x00, 0x00, 0x00,
    0x00, 0x7f, 0xff, 0xf0, 0x01, 0xff, 0xff, 0xf0, 0x03, 0xff, 0xff, 0xf0, 0x07, 0xff, 0xff, 0xf0,
    0x07, 0xc0, 0x00, 0x00, 0x0f, 0x80, 0x00, 0x00, 0x0f, 0x00, 0x00, 0x00, 0x0f, 0x00, 0x00, 0x00,
    0x0f, 0x00, 0x00, 0x00, 0x0f, 0x00, 0x00, 0x00, 0x0f, 0x00, 0x00, 0x00, 0x0f, 0x00, 0x00, 0x00,
    0x0f, 0x00, 0x00, 0x00, 0x0f, 0x00, 0x00, 0x00, 0x0f, 0x00, 0x00, 0x00, 0x0f, 0x00, 0x00, 0x00,
    0x0f, 0x00, 0x00, 0x00, 0x0f, 0x00, 0x00, 0x00, 0x0f, 0xff, 0xfc, 0x00, 0x0f, 0xff, 0xfc, 0x00,
    0x0f, 0xff, 0xfc, 0x00, 0x0f, 0xff, 0xfc, 0x00, 0x0f, 0x00, 0x00, 0x00, 0x0f, 0x00, 0x00, 0x00,
    0x0f, 0x00, 0x00, 0x00, 0x0f, 0x00, 0x00, 0x00, 0x0f, 0x00, 0x00, 0x00, 0x0f, 0x00, 0x00, 0x00,
    0x0f, 0x00, 0x00, 0x00, 0x0f, 0x00, 0x00, 0x00, 0x0f, 0x00, 0x00, 0x00, 0x0f, 0x00, 0x00, 0x00,
    0x0f, 0x00, 0x00, 0x00, 0x0f, 0x00, 0x00, 0x00, 0x0f, 0x00, 0x00, 0x00, 0x0f, 0x00, 0x00, 0x00,
    0x0f, 0x00, 0x00, 0x00, 0x0f, 0x00, 0x00, 0x00, 0x0f, 0x00, 0x00, 0x00, 0x0f, 0x00, 0x00, 0x00,
    0x00, 0x00, 0x00, 0x00, 0x00, 0x00, 0x00, 0x00, 0x00, 0x00, 0x00, 0x00, 0x00, 0x00, 0x00, 0x00,
    0x00, 0x00, 0x00, 0x00, 0x00, 0x00, 0x00, 0x00, 0x00, 0x00, 0x00, 0x00, 0x00, 0x00, 0x00, 0x00,
    0x00, 0x00, 0x00, 0x00, 0x00, 0x00, 0x00, 0x00, 0x00, 0x00, 0x00, 0x00, 0x00, 0x00, 0x00, 0x00,
    0x00, 0x00, 0x00, 0x00, 0x00, 0x00, 0x00, 0x00, 0x00, 0x00, 0x00, 0x00, 0x00, 0x00, 0x00, 0x00,
    0x00, 0x00, 0x00, 0x00, 0x00, 0x00, 0x00, 0x00, 0x00, 0x00, 0x00, 0x00, 0x00, 0x00, 0x00, 0x00,
    0x00, 0x00, 0x00, 0x00, 0x00, 0x00, 0x00, 0x00, 0x00, 0x00, 0x00, 0x00, 0x00, 0x00, 0x00, 0x00,
    0x00, 0x7f, 0xff, 0xf0, 0x01, 0xff, 0xff, 0xf0, 0x03, 0xff, 0xff, 0xf0, 0x07, 0xff, 0xff, 0xf0,
    0x07, 0xc0, 0x00, 0x00, 0x0f, 0x80, 0x00, 0x00, 0x0f, 0x00, 0x00, 0x00, 0x0f, 0x00, 0x00, 0x00,
    0x0f, 0x00, 0x00, 0x00, 0x0f, 0x00, 0x00, 0x00, 0x0f, 0x00, 0x00, 0x00, 0x0f, 0x00, 0x00, 0x00,
    0x0f, 0x00, 0x00, 0x00, 0x0f, 0x00, 0x00, 0x00, 0x0f, 0x00, 0x00, 0x00, 0x0f, 0x00, 0x00, 0x00,
    0x0f, 0x00, 0x00, 0x00, 0x0f, 0x00, 0x00, 0x00, 0x0f, 0x00, 0xff, 0xf0, 0x0f, 0x00, 0xff, 0xf0,
    0x0f, 0x00, 0xff, 0xf0, 0x0f, 0x00, 0xff, 0xf0, 0x0f, 0x00, 0x00, 0xf0, 0x0f, 0x00, 0x00, 0xf0,
    0x0f, 0x00, 0x00, 0xf0, 0x0f, 0x00, 0x00, 0xf0, 0x0f, 0x00, 0x00, 0xf0, 0x0f, 0x00, 0x00, 0xf0,
    0x0f, 0x00, 0x00, 0xf0, 0x0f, 0x00, 0x00, 0xf0, 0x0f, 0x00, 0x00, 0xf0, 0x0f, 0x00, 0x00, 0xf0,
    0x0f, 0x00, 0x00, 0xf0, 0x0f, 0x00, 0x00, 0xf0, 0x0f, 0x80, 0x00, 0xf0, 0x07, 0xc0, 0x00, 0xf0,
    0x07, 0xff, 0xff, 0xf0, 0x03, 0xff, 0xff, 0xf0, 0x01, 0xff, 0xff, 0xf0, 0x00, 0x7f, 0xff, 0xf0,
    0x00, 0x00, 0x00, 0x00, 0x00, 0x00, 0x00, 0x00, 0x00, 0x00, 0x00, 0x00, 0x00, 0x00, 0x00, 0x00,
    0x00, 0x00, 0x00, 0x00, 0x00, 0x00, 0x00, 0x00, 0x00, 0x00, 0x00, 0x00, 0x00, 0x00, 0x00, 0x00,
    0x00, 0x00, 0x00, 0x00, 0x00, 0x00, 0x00, 0x00, 0x00, 0x00, 0x00, 0x00, 0x00, 0x00, 0x00, 0x00,
    0x00, 0x00, 0x00, 0x00, 0x00, 0x00, 0x00, 0x00, 0x00, 0x00, 0x00, 0x00, 0x00, 0x00, 0x00, 0x00,
    0x00, 0x00, 0x00, 0x00, 0x00, 0x00, 0x00, 0x00, 0x00, 0x00, 0x00, 0x00, 0x00, 0x00, 0x00, 0x00,
    0x00, 0x00, 0x00, 0x00, 0x00, 0x00, 0x00, 0x00, 0x00, 0x00, 0x00, 0x00, 0x00, 0x00, 0x00, 0x00,
    0x0f, 0x00, 0x00, 0xf0, 0x0f, 0x00, 0x00, 0xf0, 0x0f, 0x00, 0x00, 0xf0, 0x0f, 0x00, 0x00, 0xf0,
    0x0f, 0x00, 0x00, 0xf0, 0x0f, 0x00, 0x00, 0xf0, 0x0f, 0x00, 0x00, 0xf0, 0x0f, 0x00, 0x00, 0xf0,
    0x0f, 0x00, 0x00, 0xf0, 0x0f, 0x00, 0x00, 0xf0, 0x0f, 0x00, 0x00, 0xf0, 0x0f, 0x00, 0x00, 0xf0,
    0x0f, 0x00, 0x00, 0xf0, 0x0f, 0x00, 0x00, 0xf0, 0x0f, 0x00, 0x00, 0xf0, 0x0f, 0x00, 0x00, 0xf0,
    0x0f, 0x00, 0x00, 0xf0, 0x0f, 0x00, 0x00, 0xf0, 0x0f, 0xff, 0xff, 0xf0, 0x0f, 0xff, 0xff, 0xf0,
    0x0f, 0xff, 0xff, 0xf0, 0x0f, 0xff, 0xff, 0xf0, 0x0f, 0x00, 0x00, 0xf0, 0x0f, 0x00, 0x00, 0xf0,
    0x0f, 0x00, 0x00, 0xf0, 0x0f, 0x00, 0x00, 0xf0, 0x0f, 0x00, 0x00, 0xf0, 0x0f, 0x00, 0x00, 0xf0,
    0x0f, 0x00, 0x00, 0xf0, 0x0f, 0x00, 0x00, 0xf0, 0x0f, 0x00, 0x00, 0xf0, 0x0f, 0x00, 0x00, 0xf0,
    0x0f, 0x00, 0x00, 0xf0, 0x0f, 0x00, 0x00, 0xf0, 0x0f, 0x00, 0x00, 0xf0, 0x0f, 0x00, 0x00, 0xf0,
    0x0f, 0x00, 0x00, 0xf0, 0x0f, 0x00, 0x00, 0xf0, 0x0f, 0x00, 0x00, 0xf0, 0x0f, 0x00, 0x00, 0xf0,
    0x00, 0x00, 0x00, 0x00, 0x00, 0x00, 0x00, 0x00, 0x00, 0x00, 0x00, 0x00, 0x00, 0x00, 0x00, 0x00,
    0x00, 0x00, 0x00, 0x00, 0x00, 0x00, 0x00, 0x00, 0x00, 0x00, 0x00, 0x00, 0x00, 0x00, 0x00, 0x00,
    0x00, 0x00, 0x00, 0x00, 0x00, 0x00, 0x00, 0x00, 0x00, 0x00, 0x00, 0x00, 0x00, 0x00, 0x00, 0x00,
    0x00, 0x00, 0x00, 0x00, 0x00, 0x00, 0x00, 0x00, 0x00, 0x00, 0x00, 0x00, 0x00, 0x00, 0x00, 0x00,
    0x00, 0x00, 0x00, 0x00, 0x00, 0x00, 0x00, 0x00, 0x00, 0x00, 0x00, 0x00, 0x00, 0x00, 0x00, 0x00,
    0x00, 0x00, 0x00, 0x00, 0x00, 0x00, 0x00, 0x00, 0x00, 0x00, 0x00, 0x00, 0x00, 0x00, 0x00, 0x00,
    0x03, 0xff, 0xff, 0xc0, 0x03, 0xff, 0xff, 0xc0, 0x03, 0xff, 0xff, 0xc0, 0x03, 0xff, 0xff, 0xc0,
    0x00, 0x03, 0xc0, 0x00, 0x00, 0x03, 0xc0, 0x00, 0x00, 0x03, 0xc0, 0x00, 0x00, 0x03, 0xc0, 0x00,
    0x00, 0x03, 0xc0, 0x00, 0x00, 0x03, 0xc0, 0x00, 0x00, 0x03, 0xc0, 0x00, 0x00, 0x03, 0xc0, 0x00,
    0x00, 0x03, 0xc0, 0x00, 0x00, 0x03, 0xc0, 0x00, 0x00, 0x03, 0xc0, 0x00, 0x00, 0x03, 0xc0, 0x00,
    0x00, 0x03, 0xc0, 0x00, 0x00, 0x03, 0xc0, 0x00, 0x00, 0x03, 0xc0, 0x00, 0x00, 0x03, 0xc0, 0x00,
    0x00, 0x03, 0xc0, 0x00, 0x00, 0x03, 0xc0, 0x00, 0x00, 0x03, 0xc0, 0x00, 0x00, 0x03, 0xc0, 0x00,
    0x00, 0x03, 0xc0, 0x00, 0x00, 0x03, 0xc0, 0x00, 0x00, 0x03, 0xc0, 0x00, 0x00, 0x03, 0xc0, 0x00,
    0x00, 0x03, 0xc0, 0x00, 0x00, 0x03, 0xc0, 0x00, 0x00, 0x03, 0xc0, 0x00, 0x00, 0x03, 0xc0, 0x00,
    0x00, 0x03, 0xc0, 0x00, 0x00, 0x03, 0xc0, 0x00, 0x00, 0x03, 0xc0, 0x00, 0x00, 0x03, 0xc0, 0x00,
    0x03, 0xff, 0xff, 0xc0, 0x03, 0xff, 0xff, 0xc0, 0x03, 0xff, 0xff, 0xc0, 0x03, 0xff, 0xff, 0xc0,
    0x00, 0x00, 0x00, 0x00, 0x00, 0x00, 0x00, 0x00, 0x00, 0x00, 0x00, 0x00, 0x00, 0x00, 0x00, 0x00,
    0x00, 0x00, 0x00, 0x00, 0x00, 0x00, 0x00, 0x00, 0x00, 0x00, 0x00, 0x00, 0x00, 0x00, 0x00, 0x00,
    0x00, 0x00, 0x00, 0x00, 0x00, 0x00, 0x00, 0x00, 0x00, 0x00, 0x00, 0x00, 0x00, 0x00, 0x00, 0x00,
    0x00, 0x00, 0x00, 0x00, 0x00, 0x00, 0x00, 0x00, 0x00, 0x00, 0x00, 0x00, 0x00, 0x00, 0x00, 0x00,
    0x00, 0x00, 0x00, 0x00, 0x00, 0x00, 0x00, 0x00, 0x00, 0x00, 0x00, 0x00, 0x00, 0x00, 0x00, 0x00,
    0x00, 0x00, 0x00, 0x00, 0x00, 0x00, 0x00, 0x00, 0x00, 0x00, 0x00, 0x00, 0x00, 0x00, 0x00, 0x00,
    0x03, 0xff, 0xff, 0xc0, 0x03, 0xff, 0xff, 0xc0, 0x03, 0xff, 0xff, 0xc0, 0x03, 0xff, 0xff, 0xc0,
    0x00, 0x03, 0xc0, 0x00, 0x00, 0x03, 0xc0, 0x00, 0x00, 0x03, 0xc0, 0x00, 0x00, 0x03, 0xc0, 0x00,
    0x00, 0x03, 0xc0, 0x00, 0x00, 0x03, 0xc0, 0x00, 0x00, 0x03, 0xc0, 0x00, 0x00, 0x03, 0xc0, 0x00,
    0x00, 0x03, 0xc0, 0x00, 0x00, 0x03, 0xc0, 0x00, 0x00, 0x03, 0xc0, 0x00, 0x00, 0x03, 0xc0, 0x00,
    0x00, 0x03, 0xc0, 0x00, 0x00, 0x03, 0xc0, 0x00, 0x00, 0x03, 0xc0, 0x00, 0x00, 0x03, 0xc0, 0x00,
    0x00, 0x03, 0xc0, 0x00, 0x00, 0x03, 0xc0, 0x00, 0x00, 0x03, 0xc0, 0x00, 0x00, 0x03, 0xc0, 0x00,
    0x00, 0x03, 0xc0, 0x00, 0x00, 0x03, 0xc0, 0x00, 0x00, 0x03, 0xc0, 0x00, 0x00, 0x03, 0xc0, 0x00,
    0x00, 0x03, 0xc0, 0x00, 0x00, 0x03, 0xc0, 0x00, 0x00, 0x03, 0xc0, 0x00, 0x00, 0x03, 0xc0, 0x00,
    0x00, 0x03, 0xc0, 0x00, 0x00, 0x03, 0xc0, 0x00, 0x00, 0x07, 0xc0, 0x00, 0x00, 0x0f, 0x80, 0x00,
    0x3f, 0xff, 0x80, 0x00, 0x3f, 0xff, 0x00, 0x00, 0x3f, 0xfe, 0x00, 0x00, 0x3f, 0xf8, 0x00, 0x00,
    0x00, 0x00, 0x00, 0x00, 0x00, 0x00, 0x00, 0x00, 0x00, 0x00, 0x00, 0x00, 0x00, 0x00, 0x00, 0x00,
    0x00, 0x00, 0x00, 0x00, 0x00, 0x00, 0x00, 0x00, 0x00, 0x00, 0x00, 0x00, 0x00, 0x00, 0x00, 0x00,
    0x00, 0x00, 0x00, 0x00, 0x00, 0x00, 0x00, 0x00, 0x00, 0x00, 0x00, 0x00, 0x00, 0x00, 0x00, 0x00,
    0x00, 0x00, 0x00, 0x00, 0x00, 0x00, 0x00, 0x00, 0x00, 0x00, 0x00, 0x00, 0x00, 0x00, 0x00, 0x00,
    0x00, 0x00, 0x00, 0x00, 0x00, 0x00, 0x00, 0x00, 0x00, 0x00, 0x00, 0x00, 0x00, 0x00, 0x00, 0x00,
    0x00, 0x00, 0x00, 0x00, 0x00, 0x00, 0x00, 0x00, 0x00, 0x00, 0x00, 0x00, 0x00, 0x00, 0x00, 0x00,
    0x0f, 0x00, 0x00, 0xf0, 0x0f, 0x00, 0x00, 0xf0, 0x0f, 0x00, 0x00, 0xf0, 0x0f, 0x00, 0x00, 0xf0,
    0x0f, 0x00, 0x00, 0xf0, 0x0f, 0x00, 0x00, 0xf0, 0x0f, 0x00, 0x00, 0xf0, 0x0f, 0x00, 0x00, 0xf0,
    0x0f, 0x00, 0x00, 0xf0, 0x0f, 0x00, 0x00, 0xf0, 0x0f, 0x00, 0x00, 0xf0, 0x0f, 0x00, 0x00, 0xf0,
    0x0f, 0x00, 0x00, 0xf0, 0x0f, 0x00, 0x01, 0xf0, 0x0f, 0x00, 0x03, 0xe0, 0x0f, 0x00, 0x07, 0xc0,
    0x0f, 0x00, 0x0f, 0x80, 0x0f, 0x00, 0x1f, 0x00, 0x0f, 0xff, 0xfe, 0x00, 0x0f, 0xff, 0xfc, 0x00,
    0x0f, 0xff, 0xfc, 0x00, 0x0f, 0xff, 0xfe, 0x00, 0x0f, 0x00, 0x1f, 0x00, 0x0f, 0x00, 0x0f, 0x80,
    0x0f, 0x00, 0x07, 0xc0, 0x0f, 0x00, 0x03, 0xe0, 0x0f, 0x00, 0x01, 0xf0, 0x0f, 0x00, 0x00, 0xf0,
    0x0f, 0x00, 0x00, 0xf0, 0x0f, 0x00, 0x00, 0xf0, 0x0f, 0x00, 0x00, 0xf0, 0x0f, 0x00, 0x00, 0xf0,
    0x0f, 0x00, 0x00, 0xf0, 0x0f, 0x00, 0x00, 0xf0, 0x0f, 0x00, 0x00, 0xf0, 0x0f, 0x00, 0x00, 0xf0,
    0x0f, 0x00, 0x00, 0xf0, 0x0f, 0x00, 0x00, 0xf0, 0x0f, 0x00, 0x00, 0xf0, 0x0f, 0x00, 0x00, 0xf0,
    0x00, 0x00, 0x00, 0x00, 0x00, 0x00, 0x00, 0x00, 0x00, 0x00, 0x00, 0x00, 0x00, 0x00, 0x00, 0x00,
    0x00, 0x00, 0x00, 0x00, 0x00, 0x00, 0x00, 0x00, 0x00, 0x00, 0x00, 0x00, 0x00, 0x00, 0x00, 0x00,
    0x00, 0x00, 0x00, 0x00, 0x00, 0x00, 0x00, 0x00, 0x00, 0x00, 0x00, 0x00, 0x00, 0x00, 0x00, 0x00,
    0x00, 0x00, 0x00, 0x00, 0x00, 0x00, 0x00, 0x00, 0x00, 0x00, 0x00, 0x00, 0x00, 0x00, 0x00, 0x00,
    0x00, 0x00, 0x00, 0x00, 0x00, 0x00, 0x00, 0x00, 0x00, 0x00, 0x00, 0x00, 0x00, 0x00, 0x00, 0x00,
    0x00, 0x00, 0x00, 0x00, 0x00, 0x00, 0x00, 0x00, 0x00, 0x00, 0x00, 0x00, 0x00, 0x00, 0x00, 0x00,
    0x0f, 0x00, 0x00, 0x00, 0x0f, 0x00, 0x00, 0x00, 0x0f, 0x00, 0x00, 0x00, 0x0f, 0x00, 0x00, 0x00,
    0x0f, 0x00, 0x00, 0x00, 0x0f, 0x00, 0x00, 0x00, 0x0f, 0x00, 0x00, 0x00, 0x0f, 0x00, 0x00, 0x00,
    0x0f, 0x00, 0x00, 0x00, 0x0f, 0x00, 0x00, 0x00, 0x0f, 0x00, 0x00, 0x00, 0x0f, 0x00, 0x00, 0x00,
    0x0f, 0x00, 0x00, 0x00, 0x0f, 0x00, 0x00, 0x00, 0x0f, 0x00, 0x00, 0x00, 0x0f, 0x00, 0x00, 0x00,
    0x0f, 0x00, 0x00, 0x00, 0x0f, 0x00, 0x00, 0x00, 0x0f, 0x00, 0x00, 0x00, 0x0f, 0x00, 0x00, 0x00,
    0x0f, 0x00, 0x00, 0x00, 0x0f, 0x00, 0x00, 0x00, 0x0f, 0x00, 0x00, 0x00, 0x0f, 0x00, 0x00, 0x00,
    0x0f, 0x00, 0x00, 0x00, 0x0f, 0x00, 0x00, 0x00, 0x0f, 0x00, 0x00, 0x00, 0x0f, 0x00, 0x00, 0x00,
    0x0f, 0x00, 0x00, 0x00, 0x0f, 0x00, 0x00, 0x00, 0x0f, 0x00, 0x00, 0x00, 0x0f, 0x00, 0x00, 0x00,
    0x0f, 0x00, 0x00, 0x00, 0x0f, 0x00, 0x00, 0x00, 0x0f, 0x80, 0x00, 0x00, 0x07, 0xc0, 0x00, 0x00,
    0x07, 0xff, 0xff, 0xf0, 0x03, 0xff, 0xff, 0xf0, 0x01, 0xff, 0xff, 0xf0, 0x00, 0x7f, 0xff, 0xf0,
    0x00, 0x00, 0x00, 0x00, 0x00, 0x00, 0x00, 0x00, 0x00, 0x00, 0x00, 0x00, 0x00, 0x00, 0x00, 0x00,
    0x00, 0x00, 0x00, 0x00, 0x00, 0x00, 0x00, 0x00, 0x00, 0x00, 0x00, 0x00, 0x00, 0x00, 0x00, 0x00,
    0x00, 0x00, 0x00, 0x00, 0x00, 0x00, 0x00, 0x00, 0x00, 0x00, 0x00, 0x00, 0x00, 0x00, 0x00, 0x00,
    0x00, 0x00, 0x00, 0x00, 0x00, 0x00, 0x00, 0x00, 0x00, 0x00, 0x00, 0x00, 0x00, 0x00, 0x00, 0x00,
    0x00, 0x00, 0x00, 0x00, 0x00, 0x00, 0x00, 0x00, 0x00, 0x00, 0x00, 0x00, 0x00, 0x00, 0x00, 0x00,
    0x00, 0x00, 0x00, 0x00, 0x00, 0x00, 0x00, 0x00, 0x00, 0x00, 0x00, 0x00, 0x00, 0x00, 0x00, 0x00,
    0x0f, 0x00, 0x00, 0xf0, 0x0f, 0x80, 0x01, 0xf0, 0x0f, 0xc0, 0x03, 0xf0, 0x0f, 0xe0, 0x07, 0xf0,
    0x0f, 0xf0, 0x0f, 0xf0, 0x0f, 0xf8, 0x1f, 0xf0, 0x0f, 0xfc, 0x3f, 0xf0, 0x0f, 0x7e, 0x7e, 0xf0,
    0x0f, 0x3f, 0xfc, 0xf0, 0x0f, 0x1f, 0xf8, 0xf0, 0x0f, 0x0f, 0xf0, 0xf0, 0x0f, 0x07, 0xe0, 0xf0,
    0x0f, 0x03, 0xc0, 0xf0, 0x0f, 0x01, 0x80, 0xf0, 0x0f, 0x00, 0x00, 0xf0, 0x0f, 0x00, 0x00, 0xf0,
    0x0f, 0x00, 0x00, 0xf0, 0x0f, 0x00, 0x00, 0xf0, 0x0f, 0x00, 0x00, 0xf0, 0x0f, 0x00, 0x00, 0xf0,
    0x0f, 0x00, 0x00, 0xf0, 0x0f, 0x00, 0x00, 0xf0, 0x0f, 0x00, 0x00, 0xf0, 0x0f, 0x00, 0x00, 0xf0,
    0x0f, 0x00, 0x00, 0xf0, 0x0f, 0x00, 0x00, 0xf0, 0x0f, 0x00, 0x00, 0xf0, 0x0f, 0x00, 0x00, 0xf0,
    0x0f, 0x00, 0x00, 0xf0, 0x0f, 0x00, 0x00, 0xf0, 0x0f, 0x00, 0x00, 0xf0, 0x0f, 0x00, 0x00, 0xf0,
    0x0f, 0x00, 0x00, 0xf0, 0x0f, 0x00, 0x00, 0xf0, 0x0f, 0x00, 0x00, 0xf0, 0x0f, 0x00, 0x00, 0xf0,
    0x0f, 0x00, 0x00, 0xf0, 0x0f, 0x00, 0x00, 0xf0, 0x0f, 0x00, 0x00, 0xf0, 0x0f, 0x00, 0x00, 0xf0,
    0x00, 0x00, 0x00, 0x00, 0x00, 0x00, 0x00, 0x00, 0x00, 0x00, 0x00, 0x00, 0x00, 0x00, 0x00, 0x00,
    0x00, 0x00, 0x00, 0x00, 0x00, 0x00, 0x00, 0x00, 0x00, 0x00, 0x00, 0x00, 0x00, 0x00, 0x00, 0x00,
    0x00, 0x00, 0x00, 0x00, 0x00, 0x00, 0x00, 0x00, 0x00, 0x00, 0x00, 0x00, 0x00, 0x00, 0x00, 0x00,
    0x00, 0x00, 0x00, 0x00, 0x00, 0x00, 0x00, 0x00, 0x00, 0x00, 0x00, 0x00, 0x00, 0x00, 0x00, 0x00,
    0x00, 0x00, 0x00, 0x00, 0x00, 0x00, 0x00, 0x00, 0x00, 0x00, 0x00, 0x00, 0x00, 0x00, 0x00, 0x00,
    0x00, 0x00, 0x00, 0x00, 0x00, 0x00, 0x00, 0x00, 0x00, 0x00, 0x00, 0x00, 0x00, 0x00, 0x00, 0x00,
    0x0f, 0x00, 0x00, 0xf0, 0x0f, 0x00, 0x00, 0xf0, 0x0f, 0x80, 0x00, 0xf0, 0x0f, 0x80, 0x00, 0xf0,
    0x0f, 0xc0, 0x00, 0xf0, 0x0f, 0xc0, 0x00, 0xf0, 0x0f, 0xe0, 0x00, 0xf0, 0x0f, 0xe0, 0x00, 0xf0,
    0x0f, 0xf0, 0x00, 0xf0, 0x0f, 0xf0, 0x00, 0xf0, 0x0f, 0xf8, 0x00, 0xf0, 0x0f, 0xf8, 0x00, 0xf0,
    0x0f, 0x7c, 0x00, 0xf0, 0x0f, 0x7c, 0x00, 0xf0, 0x0f, 0x3e, 0x00, 0xf0, 0x0f, 0x3e, 0x00, 0xf0,
    0x0f, 0x1f, 0x00, 0xf0, 0x0f, 0x1f, 0x00, 0xf0, 0x0f, 0x0f, 0x80, 0xf0, 0x0f, 0x0f, 0x80, 0xf0,
    0x0f, 0x07, 0xc0, 0xf0, 0x0f, 0x07, 0xc0, 0xf0, 0x0f, 0x03, 0xe0, 0xf0, 0x0f, 0x03, 0xe0, 0xf0,
    0x0f, 0x01, 0xf0, 0xf0, 0x0f, 0x01, 0xf0, 0xf0, 0x0f, 0x00, 0xf8, 0xf0, 0x0f, 0x00, 0xf8, 0xf0,
    0x0f, 0x00, 0x7c, 0xf0, 0x0f, 0x00, 0x7c, 0xf0, 0x0f, 0x00, 0x3e, 0xf0, 0x0f, 0x00, 0x3e, 0xf0,
    0x0f, 0x00, 0x1f, 0xf0, 0x0f, 0x00, 0x1f, 0xf0, 0x0f, 0x00, 0x0f, 0xf0, 0x0f, 0x00, 0x0f, 0xf0,
    0x0f, 0x00, 0x07, 0xf0, 0x0f, 0x00, 0x07, 0xf0, 0x0f, 0x00, 0x03, 0xf0, 0x0f, 0x00, 0x03, 0xf0,
    0x00, 0x00, 0x00, 0x00, 0x00, 0x00, 0x00, 0x00, 0x00, 0x00, 0x00, 0x00, 0x00, 0x00, 0x00, 0x00,
    0x00, 0x00, 0x00, 0x00, 0x00, 0x00, 0x00, 0x00, 0x00, 0x00, 0x00, 0x00, 0x00, 0x00, 0x00, 0x00,
    0x00, 0x00, 0x00, 0x00, 0x00, 0x00, 0x00, 0x00, 0x00, 0x00, 0x00, 0x00, 0x00, 0x00, 0x00, 0x00,
    0x00, 0x00, 0x00, 0x00, 0x00, 0x00, 0x00, 0x00, 0x00, 0x00, 0x00, 0x00, 0x00, 0x00, 0x00, 0x00,
    0x00, 0x00, 0x00, 0x00, 0x00, 0x00, 0x00, 0x00, 0x00, 0x00, 0x00, 0x00, 0x00, 0x00, 0x00, 0x00,
    0x00, 0x00, 0x00, 0x00, 0x00, 0x00, 0x00, 0x00, 0x00, 0x00, 0x00, 0x00, 0x00, 0x00, 0x00, 0x00,
    0x00, 0x7f, 0xfe, 0x00, 0x01, 0xff, 0xff, 0x80, 0x03, 0xff, 0xff, 0xc0, 0x07, 0xff, 0xff, 0xe0,
    0x07, 0xc0, 0x03, 0xe0, 0x0f, 0x80, 0x01, 0xf0, 0x0f, 0x00, 0x00, 0xf0, 0x0f, 0x00, 0x00, 0xf0,
    0x0f, 0x00, 0x00, 0xf0, 0x0f, 0x00, 0x00, 0xf0, 0x0f, 0x00, 0x00, 0xf0, 0x0f, 0x00, 0x00, 0xf0,
    0x0f, 0x00, 0x00, 0xf0, 0x0f, 0x00, 0x00, 0xf0, 0x0f, 0x00, 0x00, 0xf0, 0x0f, 0x00, 0x00, 0xf0,
    0x0f, 0x00, 0x00, 0xf0, 0x0f, 0x00, 0x00, 0xf0, 0x0f, 0x00, 0x00, 0xf0, 0x0f, 0x00, 0x00, 0xf0,
    0x0f, 0x00, 0x00, 0xf0, 0x0f, 0x00, 0x00, 0xf0, 0x0f, 0x00, 0x00, 0xf0, 0x0f, 0x00, 0x00, 0xf0,
    0x0f, 0x00, 0x00, 0xf0, 0x0f, 0x00, 0x00, 0xf0, 0x0f, 0x00, 0x00, 0xf0, 0x0f, 0x00, 0x00, 0xf0,
    0x0f, 0x00, 0x00, 0xf0, 0x0f, 0x00, 0x00, 0xf0, 0x0f, 0x00, 0x00, 0xf0, 0x0f, 0x00, 0x00, 0xf0,
    0x0f, 0x00, 0x00, 0xf0, 0x0f, 0x00, 0x00, 0xf0, 0x0f, 0x80, 0x01, 0xf0, 0x07, 0xc0, 0x03, 0xe0,
    0x07, 0xff, 0xff, 0xe0, 0x03, 0xff, 0xff, 0xc0, 0x01, 0xff, 0xff, 0x80, 0x00, 0x7f, 0xfe, 0x00,
    0x00, 0x00, 0x00, 0x00, 0x00, 0x00, 0x00, 0x00, 0x00, 0x00, 0x00, 0x00, 0x00, 0x00, 0x00, 0x00,
    0x00, 0x00, 0x00, 0x00, 0x00, 0x00, 0x00, 0x00, 0x00, 0x00, 0x00, 0x00, 0x00, 0x00, 0x00, 0x00,
    0x00, 0x00, 0x00, 0x00, 0x00, 0x00, 0x00, 0x00, 0x00, 0x00, 0x00, 0x00, 0x00, 0x00, 0x00, 0x00,
    0x00, 0x00, 0x00, 0x00, 0x00, 0x00, 0x00, 0x00, 0x00, 0x00, 0x00, 0x00, 0x00, 0x00, 0x00, 0x00,
    0x00, 0x00, 0x00, 0x00, 0x00, 0x00, 0x00, 0x00, 0x00, 0x00, 0x00, 0x00, 0x00, 0x00, 0x00, 0x00,
    0x00, 0x00, 0x00, 0x00, 0x00, 0x00, 0x00, 0x00, 0x00, 0x00, 0x00, 0x00, 0x00, 0x00, 0x00, 0x00,
    0x0f, 0xff, 0xfe, 0x00, 0x0f, 0xff, 0xff, 0x80, 0x0f, 0xff, 0xff, 0xc0, 0x0f, 0xff, 0xff, 0xe0,
    0x0f, 0x00, 0x03, 0xe0, 0x0f, 0x00, 0x01, 0xf0, 0x0f, 0x00, 0x00, 0xf0, 0x0f, 0x00, 0x00, 0xf0,
    0x0f, 0x00, 0x00, 0xf0, 0x0f, 0x00, 0x00, 0xf0, 0x0f, 0x00, 0x00, 0xf0, 0x0f, 0x00, 0x00, 0xf0,
    0x0f, 0x00, 0x00, 0xf0, 0x0f, 0x00, 0x00, 0xf0, 0x0f, 0x00, 0x00, 0xf0, 0x0f, 0x00, 0x00, 0xf0,
    0x0f, 0x00, 0x01, 0xf0, 0x0f, 0x00, 0x03, 0xe0, 0x0f, 0xff, 0xff, 0xe0, 0x0f, 0xff, 0xff, 0xc0,
    0x0f, 0xff, 0xff, 0x80, 0x0f, 0xff, 0xfe, 0x00, 0x0f, 0x00, 0x00, 0x00, 0x0f, 0x00, 0x00, 0x00,
    0x0f, 0x00, 0x00, 0x00, 0x0f, 0x00, 0x00, 0x00, 0x0f, 0x00, 0x00, 0x00, 0x0f, 0x00, 0x00, 0x00,
    0x0f, 0x00, 0x00, 0x00, 0x0f, 0x00, 0x00, 0x00, 0x0f, 0x00, 0x00, 0x00, 0x0f, 0x00, 0x00, 0x00,
    0x0f, 0x00, 0x00, 0x00, 0x0f, 0x00, 0x00, 0x00, 0x0f, 0x00, 0x00, 0x00, 0x0f, 0x00, 0x00, 0x00,
    0x0f, 0x00, 0x00, 0x00, 0x0f, 0x00, 0x00, 0x00, 0x0f, 0x00, 0x00, 0x00, 0x0f, 0x00, 0x00, 0x00,
    0x00, 0x00, 0x00, 0x00, 0x00, 0x00, 0x00, 0x00, 0x00, 0x00, 0x00, 0x00, 0x00, 0x00, 0x00, 0x00,
    0x00, 0x00, 0x00, 0x00, 0x00, 0x00, 0x00, 0x00, 0x00, 0x00, 0x00, 0x00, 0x00, 0x00, 0x00, 0x00,
    0x00, 0x00, 0x00, 0x00, 0x00, 0x00, 0x00, 0x00, 0x00, 0x00, 0x00, 0x00, 0x00, 0x00, 0x00, 0x00,
    0x00, 0x00, 0x00, 0x00, 0x00, 0x00, 0x00, 0x00, 0x00, 0x00, 0x00, 0x00, 0x00, 0x00, 0x00, 0x00,
    0x00, 0x00, 0x00, 0x00, 0x00, 0x00, 0x00, 0x00, 0x00, 0x00, 0x00, 0x00, 0x00, 0x00, 0x00, 0x00,
    0x00, 0x00, 0x00, 0x00, 0x00, 0x00, 0x00, 0x00, 0x00, 0x00, 0x00, 0x00, 0x00, 0x00, 0x00, 0x00,
    0x00, 0x7f, 0xfe, 0x00, 0x01, 0xff, 0xff, 0x80, 0x03, 0xff, 0xff, 0xc0, 0x07, 0xff, 0xff, 0xe0,
    0x07, 0xc0, 0x03, 0xe0, 0x0f, 0x80, 0x01, 0xf0, 0x0f, 0x00, 0x00, 0xf0, 0x0f, 0x00, 0x00, 0xf0,
    0x0f, 0x00, 0x00, 0xf0, 0x0f, 0x00, 0x00, 0xf0, 0x0f, 0x00, 0x00, 0xf0, 0x0f, 0x00, 0x00, 0xf0,
    0x0f, 0x00, 0x00, 0xf0, 0x0f, 0x00, 0x00, 0xf0, 0x0f, 0x00, 0x00, 0xf0, 0x0f, 0x00, 0x00, 0xf0,
    0x0f, 0x00, 0x00, 0xf0, 0x0f, 0x00, 0x00, 0xf0, 0x0f, 0x00, 0x00, 0xf0, 0x0f, 0x00, 0x00, 0xf0,
    0x0f, 0x00, 0x00, 0xf0, 0x0f, 0x00, 0x00, 0xf0, 0x0f, 0x00, 0x00, 0xf0, 0x0f, 0x00, 0x00, 0xf0,
    0x0f, 0x00, 0x00, 0xf0, 0x0f, 0x00, 0x00, 0xf0, 0x0f, 0x00, 0x00, 0xf0, 0x0f, 0x00, 0x00, 0xf0,
    0x0f, 0x03, 0xc0, 0xf0, 0x0f, 0x03, 0xc0, 0xf0, 0x0f, 0x03, 0xe0, 0xf0, 0x0f, 0x03, 0xe0, 0xf0,
    0x0f, 0x01, 0xf0, 0xf0, 0x0f, 0x01, 0xf0, 0xf0, 0x0f, 0x80, 0xf9, 0xf0, 0x07, 0xc0, 0xfb, 0xe0,
    0x07, 0xff, 0xff, 0xe0, 0x03, 0xff, 0xff, 0xc0, 0x01, 0xff, 0xff, 0x80, 0x00, 0x7f, 0xfe, 0x00,
    0x00, 0x00, 0x1f, 0x00, 0x00, 0x00, 0x1f, 0x00, 0x00, 0x00, 0x0f, 0x80, 0x00, 0x00, 0x0f, 0x80,
    0x00, 0x00, 0x07, 0xc0, 0x00, 0x00, 0x07, 0xc0, 0x00, 0x00, 0x03, 0xc0, 0x00, 0x00, 0x03, 0xc0,
    0x00, 0x00, 0x00, 0x00, 0x00, 0x00, 0x00, 0x00, 0x00, 0x00, 0x00, 0x00, 0x00, 0x00, 0x00, 0x00,
    0x00, 0x00, 0x00, 0x00, 0x00, 0x00, 0x00, 0x00, 0x00, 0x00, 0x00, 0x00, 0x00, 0x00, 0x00, 0x00,
    0x00, 0x00, 0x00, 0x00, 0x00, 0x00, 0x00, 0x00, 0x00, 0x00, 0x00, 0x00, 0x00, 0x00, 0x00, 0x00,
    0x00, 0x00, 0x00, 0x00, 0x00, 0x00, 0x00, 0x00, 0x00, 0x00, 0x00, 0x00, 0x00, 0x00, 0x00, 0x00,
    0x0f, 0xff, 0xfe, 0x00, 0x0f, 0xff, 0xff, 0x80, 0x0f, 0xff, 0xff, 0xc0, 0x0f, 0xff, 0xff, 0xe0,
    0x0f, 0x00, 0x03, 0xe0, 0x0f, 0x00, 0x01, 0xf0, 0x0f, 0x00, 0x00, 0xf0, 0x0f, 0x00, 0x00, 0xf0,
    0x0f, 0x00, 0x00, 0xf0, 0x0f, 0x00, 0x00, 0xf0, 0x0f, 0x00, 0x00, 0xf0, 0x0f, 0x00, 0x00, 0xf0,
    0x0f, 0x00, 0x00, 0xf0, 0x0f, 0x00, 0x00, 0xf0, 0x0f, 0x00, 0x00, 0xf0, 0x0f, 0x00, 0x01, 0xf0,
    0x0f, 0x00, 0x03, 0xe0, 0x0f, 0x00, 0x07, 0xc0, 0x0f, 0xff, 0xff, 0x80, 0x0f, 0xff, 0xff, 0x00,
    0x0f, 0xff, 0xff, 0x00, 0x0f, 0xff, 0xff, 0x80, 0x0f, 0x00, 0x07, 0xc0, 0x0f, 0x00, 0x03, 0xe0,
    0x0f, 0x00, 0x01, 0xf0, 0x0f, 0x00, 0x00, 0xf0, 0x0f, 0x00, 0x00, 0xf0, 0x0f, 0x00, 0x00, 0xf0,
    0x0f, 0x00, 0x00, 0xf0, 0x0f, 0x00, 0x00, 0xf0, 0x0f, 0x00, 0x00, 0xf0, 0x0f, 0x00, 0x00, 0xf0,
    0x0f, 0x00, 0x00, 0xf0, 0x0f, 0x00, 0x00, 0xf0, 0x0f, 0x00, 0x00, 0xf0, 0x0f, 0x00, 0x00, 0xf0,
    0x0f, 0x00, 0x00, 0xf0, 0x0f, 0x00, 0x00, 0xf0, 0x0f, 0x00, 0x00, 0xf0, 0x0f, 0x00, 0x00, 0xf0,
    0x00, 0x00, 0x00, 0x00, 0x00, 0x00, 0x00, 0x00, 0x00, 0x00, 0x00, 0x00, 0x00, 0x00, 0x00, 0x00,
    0x00, 0x00, 0x00, 0x00, 0x00, 0x00, 0x00, 0x00, 0x00, 0x00, 0x00, 0x00, 0x00, 0x00, 0x00, 0x00,
    0x00, 0x00, 0x00, 0x00, 0x00, 0x00, 0x00, 0x00, 0x00, 0x00, 0x00, 0x00, 0x00, 0x00, 0x00, 0x00,
    0x00, 0x00, 0x00, 0x00, 0x00, 0x00, 0x00, 0x00, 0x00, 0x00, 0x00, 0x00, 0x00, 0x00, 0x00, 0x00,
    0x00, 0x00, 0x00, 0x00, 0x00, 0x00, 0x00, 0x00, 0x00, 0x00, 0x00, 0x00, 0x00, 0x00, 0x00, 0x00,
    0x00, 0x00, 0x00, 0x00, 0x00, 0x00, 0x00, 0x00, 0x00, 0x00, 0x00, 0x00, 0x00, 0x00, 0x00, 0x00,
    0x00, 0x7f, 0xff, 0xf0, 0x01, 0xff, 0xff, 0xf0, 0x03, 0xff, 0xff, 0xf0, 0x07, 0xff, 0xff, 0xf0,
    0x07, 0xc0, 0x00, 0x00, 0x0f, 0x80, 0x00, 0x00, 0x0f, 0x00, 0x00, 0x00, 0x0f, 0x00, 0x00, 0x00,
    0x0f, 0x00, 0x00, 0x00, 0x0f, 0x00, 0x00, 0x00, 0x0f, 0x00, 0x00, 0x00, 0x0f, 0x00, 0x00, 0x00,
    0x0f, 0x00, 0x00, 0x00, 0x0f, 0x00, 0x00, 0x00, 0x0f, 0x00, 0x00, 0x00, 0x0f, 0x00, 0x00, 0x00,
    0x0f, 0x80, 0x00, 0x00, 0x07, 0xc0, 0x00, 0x00, 0x07, 0xff, 0xfe, 0x00, 0x03, 0xff, 0xff, 0x80,
    0x01, 0xff, 0xff, 0xc0, 0x00, 0x7f, 0xff, 0xe0, 0x00, 0x00, 0x03, 0xe0, 0x00, 0x00, 0x01, 0xf0,
    0x00, 0x00, 0x00, 0xf0, 0x00, 0x00, 0x00, 0xf0, 0x00, 0x00, 0x00, 0xf0, 0x00, 0x00, 0x00, 0xf0,
    0x00, 0x00, 0x00, 0xf0, 0x00, 0x00, 0x00, 0xf0, 0x00, 0x00, 0x00, 0xf0, 0x00, 0x00, 0x00, 0xf0,
    0x00, 0x00, 0x00, 0xf0, 0x00, 0x00, 0x00, 0xf0, 0x00, 0x00, 0x01, 0xf0, 0x00, 0x00, 0x03, 0xe0,
    0x0f, 0xff, 0xff, 0xe0, 0x0f, 0xff, 0xff, 0xc0, 0x0f, 0xff, 0xff, 0x80, 0x0f, 0xff, 0xfe, 0x00,
    0x00, 0x00, 0x00, 0x00, 0x00, 0x00, 0x00, 0x00, 0x00, 0x00, 0x00, 0x00, 0x00, 0x00, 0x00, 0x00,
    0x00, 0x00, 0x00, 0x00, 0x00, 0x00, 0x00, 0x00, 0x00, 0x00, 0x00, 0x00, 0x00, 0x00, 0x00, 0x00,
    0x00, 0x00, 0x00, 0x00, 0x00, 0x00, 0x00, 0x00, 0x00, 0x00, 0x00, 0x00, 0x00, 0x00, 0x00, 0x00,
    0x00, 0x00, 0x00, 0x00, 0x00, 0x00, 0x00, 0x00, 0x00, 0x00, 0x00, 0x00, 0x00, 0x00, 0x00, 0x00,
    0x00, 0x00, 0x00, 0x00, 0x00, 0x00, 0x00, 0x00, 0x00, 0x00, 0x00, 0x00, 0x00, 0x00, 0x00, 0x00,
    0x00, 0x00, 0x00, 0x00, 0x00, 0x00, 0x00, 0x00, 0x00, 0x00, 0x00, 0x00, 0x00, 0x00, 0x00, 0x00,
    0x3f, 0xff, 0xff, 0xfc, 0x3f, 0xff, 0xff, 0xfc, 0x3f, 0xff, 0xff, 0xfc, 0x3f, 0xff, 0xff, 0xfc,
    0x00, 0x03, 0xc0, 0x00, 0x00, 0x03, 0xc0, 0x00, 0x00, 0x03, 0xc0, 0x00, 0x00, 0x03, 0xc0, 0x00,
    0x00, 0x03, 0xc0, 0x00, 0x00, 0x03, 0xc0, 0x00, 0x00, 0x03, 0xc0, 0x00, 0x00, 0x03, 0xc0, 0x00,
    0x00, 0x03, 0xc0, 0x00, 0x00, 0x03, 0xc0, 0x00, 0x00, 0x03, 0xc0, 0x00, 0x00, 0x03, 0xc0, 0x00,
    0x00, 0x03, 0xc0, 0x00, 0x00, 0x03, 0xc0, 0x00, 0x00, 0x03, 0xc0, 0x00, 0x00, 0x03, 0xc0, 0x00,
    0x00, 0x03, 0xc0, 0x00, 0x00, 0x03, 0xc0, 0x00, 0x00, 0x03, 0xc0, 0x00, 0x00, 0x03, 0xc0, 0x00,
    0x00, 0x03, 0xc0, 0x00, 0x00, 0x03, 0xc0, 0x00, 0x00, 0x03, 0xc0, 0x00, 0x00, 0x03, 0xc0, 0x00,
    0x00, 0x03, 0xc0, 0x00, 0x00, 0x03, 0xc0, 0x00, 0x00, 0x03, 0xc0, 0x00, 0x00, 0x03, 0xc0, 0x00,
    0x00, 0x03, 0xc0, 0x00, 0x00, 0x03, 0xc0, 0x00, 0x00, 0x03, 0xc0, 0x00, 0x00, 0x03, 0xc0, 0x00,
    0x00, 0x03, 0xc0, 0x00, 0x00, 0x03, 0xc0, 0x00, 0x00, 0x03, 0xc0, 0x00, 0x00, 0x03, 0xc0, 0x00,
    0x00, 0x00, 0x00, 0x00, 0x00, 0x00, 0x00, 0x00, 0x00, 0x00, 0x00, 0x00, 0x00, 0x00, 0x00, 0x00,
    0x00, 0x00, 0x00, 0x00, 0x00, 0x00, 0x00, 0x00, 0x00, 0x00, 0x00, 0x00, 0x00, 0x00, 0x00, 0x00,
    0x00, 0x00, 0x00, 0x00, 0x00, 0x00, 0x00, 0x00, 0x00, 0x00, 0x00, 0x00, 0x00, 0x00, 0x00, 0x00,
    0x00, 0x00, 0x00, 0x00, 0x00, 0x00, 0x00, 0x00, 0x00, 0x00, 0x00, 0x00, 0x00, 0x00, 0x00, 0x00,
    0x00, 0x00, 0x00, 0x00, 0x00, 0x00, 0x00, 0x00, 0x00, 0x00, 0x00, 0x00, 0x00, 0x00, 0x00, 0x00,
    0x00, 0x00, 0x00, 0x00, 0x00, 0x00, 0x00, 0x00, 0x00, 0x00, 0x00, 0x00, 0x00, 0x00, 0x00, 0x00,
    0x0f, 0x00, 0x00, 0xf0, 0x0f, 0x00, 0x00, 0xf0, 0x0f, 0x00, 0x00, 0xf0, 0x0f, 0x00, 0x00, 0xf0,
    0x0f, 0x00, 0x00, 0xf0, 0x0f, 0x00, 0x00, 0xf0, 0x0f, 0x00, 0x00, 0xf0, 0x0f, 0x00, 0x00, 0xf0,
    0x0f, 0x00, 0x00, 0xf0, 0x0f, 0x00, 0x00, 0xf0, 0x0f, 0x00, 0x00, 0xf0, 0x0f, 0x00, 0x00, 0xf0,
    0x0f, 0x00, 0x00, 0xf0, 0x0f, 0x00, 0x00, 0xf0, 0x0f, 0x00, 0x00, 0xf0, 0x0f, 0x00, 0x00, 0xf0,
    0x0f, 0x00, 0x00, 0xf0, 0x0f, 0x00, 0x00, 0xf0, 0x0f, 0x00, 0x00, 0xf0, 0x0f, 0x00, 0x00, 0xf0,
    0x0f, 0x00, 0x00, 0xf0, 0x0f, 0x00, 0x00, 0xf0, 0x0f, 0x00, 0x00, 0xf0, 0x0f, 0x00, 0x00, 0xf0,
    0x0f, 0x00, 0x00, 0xf0, 0x0f, 0x00, 0x00, 0xf0, 0x0f, 0x00, 0x00, 0xf0, 0x0f, 0x00, 0x00, 0xf0,
    0x0f, 0x00, 0x00, 0xf0, 0x0f, 0x00, 0x00, 0xf0, 0x0f, 0x00, 0x00, 0xf0, 0x0f, 0x00, 0x00, 0xf0,
    0x0f, 0x00, 0x00, 0xf0, 0x0f, 0x00, 0x00, 0xf0, 0x0f, 0x80, 0x00, 0xf0, 0x07, 0xc0, 0x00, 0xf0,
    0x07, 0xff, 0xff, 0xf0, 0x03, 0xff, 0xff, 0xf0, 0x01, 0xff, 0xff, 0xf0, 0x00, 0x7f, 0xff, 0xf0,
    0x00, 0x00, 0x00, 0x00, 0x00, 0x00, 0x00, 0x00, 0x00, 0x00, 0x00, 0x00, 0x00, 0x00, 0x00, 0x00,
    0x00, 0x00, 0x00, 0x00, 0x00, 0x00, 0x00, 0x00, 0x00, 0x00, 0x00, 0x00, 0x00, 0x00, 0x00, 0x00,
    0x00, 0x00, 0x00, 0x00, 0x00, 0x00, 0x00, 0x00, 0x00, 0x00, 0x00, 0x00, 0x00, 0x00, 0x00, 0x00,
    0x00, 0x00, 0x00, 0x00, 0x00, 0x00, 0x00, 0x00, 0x00, 0x00, 0x00, 0x00, 0x00, 0x00, 0x00, 0x00,
    0x00, 0x00, 0x00, 0x00, 0x00, 0x00, 0x00, 0x00, 0x00, 0x00, 0x00, 0x00, 0x00, 0x00, 0x00, 0x00,
    0x00, 0x00, 0x00, 0x00, 0x00, 0x00, 0x00, 0x00, 0x00, 0x00, 0x00, 0x00, 0x00, 0x00, 0x00, 0x00,
    0x0f, 0x00, 0x00, 0xf0, 0x0f, 0x00, 0x00, 0xf0, 0x0f, 0x00, 0x00, 0xf0, 0x0f, 0x00, 0x00, 0xf0,
    0x0f, 0x00, 0x00, 0xf0, 0x0f, 0x00, 0x00, 0xf0, 0x0f, 0x00, 0x00, 0xf0, 0x0f, 0x00, 0x00, 0xf0,
    0x0f, 0x00, 0x00, 0xf0, 0x0f, 0x00, 0x00, 0xf0, 0x0f, 0x00, 0x00, 0xf0, 0x0f, 0x00, 0x00, 0xf0,
    0x0f, 0x00, 0x00, 0xf0, 0x0f, 0x00, 0x00, 0xf0, 0x0f, 0x00, 0x00, 0xf0, 0x0f, 0x00, 0x00, 0xf0,
    0x0f, 0x00, 0x00, 0xf0, 0x0f, 0x00, 0x00, 0xf0, 0x0f, 0x00, 0x00, 0xf0, 0x0f, 0x00, 0x00, 0xf0,
    0x0f, 0x00, 0x00, 0xf0, 0x0f, 0x00, 0x00, 0xf0, 0x0f, 0x00, 0x00, 0xf0, 0x0f, 0x00, 0x00, 0xf0,
    0x0f, 0x00, 0x00, 0xf0, 0x0f, 0x00, 0x00, 0xf0, 0x0f, 0x00, 0x00, 0xf0, 0x0f, 0x00, 0x00, 0xf0,
    0x0f, 0x80, 0x01, 0xf0, 0x0f, 0xc0, 0x03, 0xf0, 0x07, 0xe0, 0x07, 0xe0, 0x03, 0xf0, 0x0f, 0xc0,
    0x01, 0xf8, 0x1f, 0x80, 0x00, 0xfc, 0x3f, 0x00, 0x00, 0x7e, 0x7e, 0x00, 0x00, 0x3f, 0xfc, 0x00,
    0x00, 0x1f, 0xf8, 0x00, 0x00, 0x0f, 0xf0, 0x00, 0x00, 0x07, 0xe0, 0x00, 0x00, 0x03, 0xc0, 0x00,
    0x00, 0x00, 0x00, 0x00, 0x00, 0x00, 0x00, 0x00, 0x00, 0x00, 0x00, 0x00, 0x00, 0x00, 0x00, 0x00,
    0x00, 0x00, 0x00, 0x00, 0x00, 0x00, 0x00, 0x00, 0x00, 0x00, 0x00, 0x00, 0x00, 0x00, 0x00, 0x00,
    0x00, 0x00, 0x00, 0x00, 0x00, 0x00, 0x00, 0x00, 0x00, 0x00, 0x00, 0x00, 0x00, 0x00, 0x00, 0x00,
    0x00, 0x00, 0x00, 0x00, 0x00, 0x00, 0x00, 0x00, 0x00, 0x00, 0x00, 0x00, 0x00, 0x00, 0x00, 0x00,
    0x00, 0x00, 0x00, 0x00, 0x00, 0x00, 0x00, 0x00, 0x00, 0x00, 0x00, 0x00, 0x00, 0x00, 0x00, 0x00,
    0x00, 0x00, 0x00, 0x00, 0x00, 0x00, 0x00, 0x00, 0x00, 0x00, 0x00, 0x00, 0x00, 0x00, 0x00, 0x00,
    0x0f, 0x00, 0x00, 0xf0, 0x0f, 0x00, 0x00, 0xf0, 0x0f, 0x00, 0x00, 0xf0, 0x0f, 0x00, 0x00, 0xf0,
    0x0f, 0x00, 0x00, 0xf0, 0x0f, 0x00, 0x00, 0xf0, 0x0f, 0x00, 0x00, 0xf0, 0x0f, 0x00, 0x00, 0xf0,
    0x0f, 0x00, 0x00, 0xf0, 0x0f, 0x00, 0x00, 0xf0, 0x0f, 0x00, 0x00, 0xf0, 0x0f, 0x00, 0x00, 0xf0,
    0x0f, 0x00, 0x00, 0xf0, 0x0f, 0x00, 0x00, 0xf0, 0x0f, 0x00, 0x00, 0xf0, 0x0f, 0x00, 0x00, 0xf0,
    0x0f, 0x00, 0x00, 0xf0, 0x0f, 0x00, 0x00, 0xf0, 0x0f, 0x00, 0x00, 0xf0, 0x0f, 0x00, 0x00, 0xf0,
    0x0f, 0x00, 0x00, 0xf0, 0x0f, 0x00, 0x00, 0xf0, 0x0f, 0x00, 0x00, 0xf0, 0x0f, 0x00, 0x00, 0xf0,
    0x0f, 0x00, 0x00, 0xf0, 0x0f, 0x00, 0x00, 0xf0, 0x0f, 0x01, 0x80, 0xf0, 0x0f, 0x03, 0xc0, 0xf0,
    0x0f, 0x07, 0xe0, 0xf0, 0x0f, 0x0f, 0xf0, 0xf0, 0x0f, 0x1f, 0xf8, 0xf0, 0x0f, 0x3f, 0xfc, 0xf0,
    0x0f, 0x7e, 0x7e, 0xf0, 0x0f, 0xfc, 0x3f, 0xf0, 0x0f, 0xf8, 0x1f, 0xf0, 0x0f, 0xf0, 0x0f, 0xf0,
    0x0f, 0xe0, 0x07, 0xf0, 0x0f, 0xc0, 0x03, 0xf0, 0x0f, 0x80, 0x01, 0xf0, 0x0f, 0x00, 0x00, 0xf0,
    0x00, 0x00, 0x00, 0x00, 0x00, 0x00, 0x00, 0x00, 0x00, 0x00, 0x00, 0x00, 0x00, 0x00, 0x00, 0x00,
    0x00, 0x00, 0x00, 0x00, 0x00, 0x00, 0x00, 0x00, 0x00, 0x00, 0x00, 0x00, 0x00, 0x00, 0x00, 0x00,
    0x00, 0x00, 0x00, 0x00, 0x00, 0x00, 0x00, 0x00, 0x00, 0x00, 0x00, 0x00, 0x00, 0x00, 0x00, 0x00,
    0x00, 0x00, 0x00, 0x00, 0x00, 0x00, 0x00, 0x00, 0x00, 0x00, 0x00, 0x00, 0x00, 0x00, 0x00, 0x00,
    0x00, 0x00, 0x00, 0x00, 0x00, 0x00, 0x00, 0x00, 0x00, 0x00, 0x00, 0x00, 0x00, 0x00, 0x00, 0x00,
    0x00, 0x00, 0x00, 0x00, 0x00, 0x00, 0x00, 0x00, 0x00, 0x00, 0x00, 0x00, 0x00, 0x00, 0x00, 0x00,
    0x0f, 0x00, 0x00, 0xf0, 0x0f, 0x00, 0x00, 0xf0, 0x0f, 0x00, 0x00, 0xf0, 0x0f, 0x00, 0x00, 0xf0,
    0x0f, 0x00, 0x00, 0xf0, 0x0f, 0x00, 0x00, 0xf0, 0x0f, 0x00, 0x00, 0xf0, 0x0f, 0x00, 0x00, 0xf0,
    0x0f, 0x00, 0x00, 0xf0, 0x0f, 0x00, 0x00, 0xf0, 0x0f, 0x00, 0x00, 0xf0, 0x0f, 0x00, 0x00, 0xf0,
    0x0f, 0x00, 0x00, 0xf0, 0x0f, 0x80, 0x01, 0xf0, 0x0f, 0xc0, 0x03, 0xf0, 0x07, 0xe0, 0x07, 0xe0,
    0x03, 0xf0, 0x0f, 0xc0, 0x01, 0xf8, 0x1f, 0x80, 0x00, 0xff, 0xff, 0x00, 0x00, 0x7f, 0xfe, 0x00,
    0x00, 0x7f, 0xfe, 0x00, 0x00, 0xff, 0xff, 0x00, 0x01, 0xf8, 0x1f, 0x80, 0x03, 0xf0, 0x0f, 0xc0,
    0x07, 0xe0, 0x07, 0xe0, 0x0f, 0xc0, 0x03, 0xf0, 0x0f, 0x80, 0x01, 0xf0, 0x0f, 0x00, 0x00, 0xf0,
    0x0f, 0x00, 0x00, 0xf0, 0x0f, 0x00, 0x00, 0xf0, 0x0f, 0x00, 0x00, 0xf0, 0x0f, 0x00, 0x00, 0xf0,
    0x0f, 0x00, 0x00, 0xf0, 0x0f, 0x00, 0x00, 0xf0, 0x0f, 0x00, 0x00, 0xf0, 0x0f, 0x00, 0x00, 0xf0,
    0x0f, 0x00, 0x00, 0xf0, 0x0f, 0x00, 0x00, 0xf0, 0x0f, 0x00, 0x00, 0xf0, 0x0f, 0x00, 0x00, 0xf0,
    0x00, 0x00, 0x00, 0x00, 0x00, 0x00, 0x00, 0x00, 0x00, 0x00, 0x00, 0x00, 0x00, 0x00, 0x00, 0x00,
    0x00, 0x00, 0x00, 0x00, 0x00, 0x00, 0x00, 0x00, 0x00, 0x00, 0x00, 0x00, 0x00, 0x00, 0x00, 0x00,
    0x00, 0x00, 0x00, 0x00, 0x00, 0x00, 0x00, 0x00, 0x00, 0x00, 0x00, 0x00, 0x00, 0x00, 0x00, 0x00,
    0x00, 0x00, 0x00, 0x00, 0x00, 0x00, 0x00, 0x00, 0x00, 0x00, 0x00, 0x00, 0x00, 0x00, 0x00, 0x00,
    0x00, 0x00, 0x00, 0x00, 0x00, 0x00, 0x00, 0x00, 0x00, 0x00, 0x00, 0x00, 0x00, 0x00, 0x00, 0x00,
    0x00, 0x00, 0x00, 0x00, 0x00, 0x00, 0x00, 0x00, 0x00, 0x00, 0x00, 0x00, 0x00, 0x00, 0x00, 0x00,
    0x0f, 0x00, 0x00, 0xf0, 0x0f, 0x00, 0x00, 0xf0, 0x0f, 0x00, 0x00, 0xf0, 0x0f, 0x00, 0x00, 0xf0,
    0x0f, 0x00, 0x00, 0xf0, 0x0f, 0x00, 0x00, 0xf0, 0x0f, 0x00, 0x00, 0xf0, 0x0f, 0x00, 0x00, 0xf0,
    0x0f, 0x00, 0x00, 0xf0, 0x0f, 0x00, 0x00, 0xf0, 0x0f, 0x00, 0x00, 0xf0, 0x0f, 0x00, 0x00, 0xf0,
    0x0f, 0x00, 0x00, 0xf0, 0x0f, 0x00, 0x00, 0xf0, 0x0f, 0x00, 0x00, 0xf0, 0x0f, 0x00, 0x00, 0xf0,
    0x0f, 0x80, 0x00, 0xf0, 0x07, 0xc0, 0x00, 0xf0, 0x07, 0xff, 0xff, 0xf0, 0x03, 0xff, 0xff, 0xf0,
    0x01, 0xff, 0xff, 0xf0, 0x00, 0x7f, 0xff, 0xf0, 0x00, 0x00, 0x00, 0xf0, 0x00, 0x00, 0x00, 0xf0,
    0x00, 0x00, 0x00, 0xf0, 0x00, 0x00, 0x00, 0xf0, 0x00, 0x00, 0x00, 0xf0, 0x00, 0x00, 0x00, 0xf0,
    0x00, 0x00, 0x00, 0xf0, 0x00, 0x00, 0x00, 0xf0, 0x00, 0x00, 0x00, 0xf0, 0x00, 0x00, 0x00, 0xf0,
    0x00, 0x00, 0x00, 0xf0, 0x00, 0x00, 0x00, 0xf0, 0x00, 0x00, 0x01, 0xf0, 0x00, 0x00, 0x03, 0xe0,
    0x0f, 0xff, 0xff, 0xe0, 0x0f, 0xff, 0xff, 0xc0, 0x0f, 0xff, 0xff, 0x80, 0x0f, 0xff, 0xfe, 0x00,
    0x00, 0x00, 0x00, 0x00, 0x00, 0x00, 0x00, 0x00, 0x00, 0x00, 0x00, 0x00, 0x00, 0x00, 0x00, 0x00,
    0x00, 0x00, 0x00, 0x00, 0x00, 0x00, 0x00, 0x00, 0x00, 0x00, 0x00, 0x00, 0x00, 0x00, 0x00, 0x00,
    0x00, 0x00, 0x00, 0x00, 0x00, 0x00, 0x00, 0x00, 0x00, 0x00, 0x00, 0x00, 0x00, 0x00, 0x00, 0x00,
    0x00, 0x00, 0x00, 0x00, 0x00, 0x00, 0x00, 0x00, 0x00, 0x00, 0x00, 0x00, 0x00, 0x00, 0x00, 0x00,
    0x00, 0x00, 0x00, 0x00, 0x00, 0x00, 0x00, 0x00, 0x00, 0x00, 0x00, 0x00, 0x00, 0x00, 0x00, 0x00,
    0x00, 0x00, 0x00, 0x00, 0x00, 0x00, 0x00, 0x00, 0x00, 0x00, 0x00, 0x00, 0x00, 0x00, 0x00, 0x00,
    0x0f, 0xff, 0xff, 0xf0, 0x0f, 0xff, 0xff, 0xf0, 0x0f, 0xff, 0xff, 0xf0, 0x0f, 0xff, 0xff, 0xf0,
    0x00, 0x00, 0x00, 0xf0, 0x00, 0x00, 0x00, 0xf0, 0x00, 0x00, 0x00, 0xf0, 0x00, 0x00, 0x00, 0xf0,
    0x00, 0x00, 0x00, 0xf0, 0x00, 0x00, 0x00, 0xf0, 0x00, 0x00, 0x00, 0xf0, 0x00, 0x00, 0x01, 0xf0,
    0x00, 0x00, 0x03, 0xe0, 0x00, 0x00, 0x07, 0xc0, 0x00, 0x00, 0x0f, 0x80, 0x00, 0x00, 0x1f, 0x00,
    0x00, 0x00, 0x3e, 0x00, 0x00, 0x00, 0x7c, 0x00, 0x00, 0x00, 0xf8, 0x00, 0x00, 0x01, 0xf0, 0x00,
    0x00, 0x03, 0xe0, 0x00, 0x00, 0x07, 0xc0, 0x00, 0x00, 0x0f, 0x80, 0x00, 0x00, 0x1f, 0x00, 0x00,
    0x00, 0x3e, 0x00, 0x00, 0x00, 0x7c, 0x00, 0x00, 0x00, 0xf8, 0x00, 0x00, 0x01, 0xf0, 0x00, 0x00,
    0x03, 0xe0, 0x00, 0x00, 0x07, 0xc0, 0x00, 0x00, 0x0f, 0x80, 0x00, 0x00, 0x0f, 0x00, 0x00, 0x00,
    0x0f, 0x00, 0x00, 0x00, 0x0f, 0x00, 0x00, 0x00, 0x0f, 0x00, 0x00, 0x00, 0x0f, 0x00, 0x00, 0x00,
    0x0f, 0xff, 0xff, 0xf0, 0x0f, 0xff, 0xff, 0xf0, 0x0f, 0xff, 0xff, 0xf0, 0x0f, 0xff, 0xff, 0xf0,
    0x00, 0x00, 0x00, 0x00, 0x00, 0x00, 0x00, 0x00, 0x00, 0x00, 0x00, 0x00, 0x00, 0x00, 0x00, 0x00,
    0x00, 0x00, 0x00, 0x00, 0x00, 0x00, 0x00, 0x00, 0x00, 0x00, 0x00, 0x00, 0x00, 0x00, 0x00, 0x00,
    0x00, 0x00, 0x00, 0x00, 0x00, 0x00, 0x00, 0x00, 0x00, 0x00, 0x00, 0x00, 0x00, 0x00, 0x00, 0x00,
    0x00, 0x00, 0x00, 0x00, 0x00, 0x00, 0x00, 0x00, 0x00, 0x00, 0x00, 0x00, 0x00, 0x00, 0x00, 0x00,
    0x00, 0xff, 0xff, 0xf0, 0x00, 0xff, 0xff, 0xf0, 0x00, 0xff, 0xff, 0xf0, 0x00, 0xff, 0xff, 0xf0,
    0x00, 0xf0, 0x00, 0x00, 0x00, 0xf0, 0x00, 0x00, 0x00, 0xf0, 0x00, 0x00, 0x00, 0xf0, 0x00, 0x00,
    0x00, 0xf0, 0x00, 0x00, 0x00, 0xf0, 0x00, 0x00, 0x00, 0xf0, 0x00, 0x00, 0x00, 0xf0, 0x00, 0x00,
    0x00, 0xf0, 0x00, 0x00, 0x00, 0xf0, 0x00, 0x00, 0x00, 0xf0, 0x00, 0x00, 0x00, 0xf0, 0x00, 0x00,
    0x00, 0xf0, 0x00, 0x00, 0x00, 0xf0, 0x00, 0x00, 0x00, 0xf0, 0x00, 0x00, 0x00, 0xf0, 0x00, 0x00,
    0x00, 0xf0, 0x00, 0x00, 0x00, 0xf0, 0x00, 0x00, 0x00, 0xf0, 0x00, 0x00, 0x00, 0xf0, 0x00, 0x00,
    0x00, 0xf0, 0x00, 0x00, 0x00, 0xf0, 0x00, 0x00, 0x00, 0xf0, 0x00, 0x00, 0x00, 0xf0, 0x00, 0x00,
    0x00, 0xf0, 0x00, 0x00, 0x00, 0xf0, 0x00, 0x00, 0x00, 0xf0, 0x00, 0x00, 0x00, 0xf0, 0x00, 0x00,
    0x00, 0xf0, 0x00, 0x00, 0x00, 0xf0, 0x00, 0x00, 0x00, 0xf0, 0x00, 0x00, 0x00, 0xf0, 0x00, 0x00,
    0x00, 0xf0, 0x00, 0x00, 0x00, 0xf0, 0x00, 0x00, 0x00, 0xf0, 0x00, 0x00, 0x00, 0xf0, 0x00, 0x00,
    0x00, 0xf0, 0x00, 0x00, 0x00, 0xf0, 0x00, 0x00, 0x00, 0xf0, 0x00, 0x00, 0x00, 0xf0, 0x00, 0x00,
    0x00, 0xf0, 0x00, 0x00, 0x00, 0xf0, 0x00, 0x00, 0x00, 0xf0, 0x00, 0x00, 0x00, 0xf0, 0x00, 0x00,
    0x00, 0xf0, 0x00, 0x00, 0x00, 0xf0, 0x00, 0x00, 0x00, 0xf0, 0x00, 0x00, 0x00, 0xf0, 0x00, 0x00,
    0x00, 0xff, 0xff, 0xf0, 0x00, 0xff, 0xff, 0xf0, 0x00, 0xff, 0xff, 0xf0, 0x00, 0xff, 0xff, 0xf0,
    0x00, 0x00, 0x00, 0x00, 0x00, 0x00, 0x00, 0x00, 0x00, 0x00, 0x00, 0x00, 0x00, 0x00, 0x00, 0x00,
    0x00, 0x00, 0x00, 0x00, 0x00, 0x00, 0x00, 0x00, 0x00, 0x00, 0x00, 0x00, 0x00, 0x00, 0x00, 0x00,
    0x00, 0x00, 0x00, 0x00, 0x00, 0x00, 0x00, 0x00, 0x3c, 0x00, 0x00, 0x00, 0x3c, 0x00, 0x00, 0x00,
    0x3e, 0x00, 0x00, 0x00, 0x3e, 0x00, 0x00, 0x00, 0x1f, 0x00, 0x00, 0x00, 0x1f, 0x00, 0x00, 0x00,
    0x0f, 0x80, 0x00, 0x00, 0x0f, 0x80, 0x00, 0x00, 0x07, 0xc0, 0x00, 0x00, 0x07, 0xc0, 0x00, 0x00,
    0x03, 0xe0, 0x00, 0x00, 0x03, 0xe0, 0x00, 0x00, 0x01, 0xf0, 0x00, 0x00, 0x01, 0xf0, 0x00, 0x00,
    0x00, 0xf8, 0x00, 0x00, 0x00, 0xf8, 0x00, 0x00, 0x00, 0x7c, 0x00, 0x00, 0x00, 0x7c, 0x00, 0x00,
    0x00, 0x3e, 0x00, 0x00, 0x00, 0x3e, 0x00, 0x00, 0x00, 0x1f, 0x00, 0x00, 0x00, 0x1f, 0x00, 0x00,
    0x00, 0x0f, 0x80, 0x00, 0x00, 0x0f, 0x80, 0x00, 0x00, 0x07, 0xc0, 0x00, 0x00, 0x07, 0xc0, 0x00,
    0x00, 0x03, 0xe0, 0x00, 0x00, 0x03, 0xe0, 0x00, 0x00, 0x01, 0xf0, 0x00, 0x00, 0x01, 0xf0, 0x00,
    0x00, 0x00, 0xf8, 0x00, 0x00, 0x00, 0xf8, 0x00, 0x00, 0x00, 0x7c, 0x00, 0x00, 0x00, 0x7c, 0x00,
    0x00, 0x00, 0x3e, 0x00, 0x00, 0x00, 0x3e, 0x00, 0x00, 0x00, 0x1f, 0x00, 0x00, 0x00, 0x1f, 0x00,
    0x00, 0x00, 0x0f, 0x80, 0x00, 0x00, 0x0f, 0x80, 0x00, 0x00, 0x07, 0xc0, 0x00, 0x00, 0x07, 0xc0,
    0x00, 0x00, 0x03, 0xe0, 0x00, 0x00, 0x03, 0xe0, 0x00, 0x00, 0x01, 0xf0, 0x00, 0x00, 0x01, 0xf0,
    0x00, 0x00, 0x00, 0xf8, 0x00, 0x00, 0x00, 0xf8, 0x00, 0x00, 0x00, 0x7c, 0x00, 0x00, 0x00, 0x7c,
    0x00, 0x00, 0x00, 0x3c, 0x00, 0x00, 0x00, 0x3c, 0x00, 0x00, 0x00, 0x00, 0x00, 0x00, 0x00, 0x00,
    0x00, 0x00, 0x00, 0x00, 0x00, 0x00, 0x00, 0x00, 0x00, 0x00, 0x00, 0x00, 0x00, 0x00, 0x00, 0x00,
    0x00, 0x00, 0x00, 0x00, 0x00, 0x00, 0x00, 0x00, 0x00, 0x00, 0x00, 0x00, 0x00, 0x00, 0x00, 0x00,
    0x0f, 0xff, 0xff, 0x00, 0x0f, 0xff, 0xff, 0x00, 0x0f, 0xff, 0xff, 0x00, 0x0f, 0xff, 0xff, 0x00,
    0x00, 0x00, 0x0f, 0x00, 0x00, 0x00, 0x0f, 0x00, 0x00, 0x00, 0x0f, 0x00, 0x00, 0x00, 0x0f, 0x00,
    0x00, 0x00, 0x0f, 0x00, 0x00, 0x00, 0x0f, 0x00, 0x00, 0x00, 0x0f, 0x00, 0x00, 0x00, 0x0f, 0x00,
    0x00, 0x00, 0x0f, 0x00, 0x00, 0x00, 0x0f, 0x00, 0x00, 0x00, 0x0f, 0x00, 0x00, 0x00, 0x0f, 0x00,
    0x00, 0x00, 0x0f, 0x00, 0x00, 0x00, 0x0f, 0x00, 0x00, 0x00, 0x0f, 0x00, 0x00, 0x00, 0x0f, 0x00,
    0x00, 0x00, 0x0f, 0x00, 0x00, 0x00, 0x0f, 0x00, 0x00, 0x00, 0x0f, 0x00, 0x00, 0x00, 0x0f, 0x00,
    0x00, 0x00, 0x0f, 0x00, 0x00, 0x00, 0x0f, 0x00, 0x00, 0x00, 0x0f, 0x00, 0x00, 0x00, 0x0f, 0x00,
    0x00, 0x00, 0x0f, 0x00, 0x00, 0x00, 0x0f, 0x00, 0x00, 0x00, 0x0f, 0x00, 0x00, 0x00, 0x0f, 0x00,
    0x00, 0x00, 0x0f, 0x00, 0x00, 0x00, 0x0f, 0x00, 0x00, 0x00, 0x0f, 0x00, 0x00, 0x00, 0x0f, 0x00,
    0x00, 0x00, 0x0f, 0x00, 0x00, 0x00, 0x0f, 0x00, 0x00, 0x00, 0x0f, 0x00, 0x00, 0x00, 0x0f, 0x00,
    0x00, 0x00, 0x0f, 0x00, 0x00, 0x00, 0x0f, 0x00, 0x00, 0x00, 0x0f, 0x00, 0x00, 0x00, 0x0f, 0x00,
    0x00, 0x00, 0x0f, 0x00, 0x00, 0x00, 0x0f, 0x00, 0x00, 0x00, 0x0f, 0x00, 0x00, 0x00, 0x0f, 0x00,
    0x00, 0x00, 0x0f, 0x00, 0x00, 0x00, 0x0f, 0x00, 0x00, 0x00, 0x0f, 0x00, 0x00, 0x00, 0x0f, 0x00,
    0x0f, 0xff, 0xff, 0x00, 0x0f, 0xff, 0xff, 0x00, 0x0f, 0xff, 0xff, 0x00, 0x0f, 0xff, 0xff, 0x00,
    0x00, 0x00, 0x00, 0x00, 0x00, 0x00, 0x00, 0x00, 0x00, 0x00, 0x00, 0x00, 0x00, 0x00, 0x00, 0x00,
    0x00, 0x00, 0x00, 0x00, 0x00, 0x00, 0x00, 0x00, 0x00, 0x00, 0x00, 0x00, 0x00, 0x00, 0x00, 0x00,
    0x00, 0x00, 0x00, 0x00, 0x00, 0x00, 0x00, 0x00, 0x00, 0x00, 0x00, 0x00, 0x00, 0x00, 0x00, 0x00,
    0x00, 0x03, 0xc0, 0x00, 0x00, 0x07, 0xe0, 0x00, 0x00, 0x0f, 0xf0, 0x00, 0x00, 0x1f, 0xf8, 0x00,
    0x00, 0x3f, 0xfc, 0x00, 0x00, 0x7f, 0xfe, 0x00, 0x00, 0xfc, 0x3f, 0x00, 0x01, 0xf8, 0x1f, 0x80,
    0x03, 0xf0, 0x0f, 0xc0, 0x07, 0xe0, 0x07, 0xe0, 0x0f, 0xc0, 0x03, 0xf0, 0x1f, 0x80, 0x01, 0xf8,
    0x3f, 0x00, 0x00, 0xfc, 0x3e, 0x00, 0x00, 0x7c, 0x3c, 0x00, 0x00, 0x3c, 0x38, 0x00, 0x00, 0x1c,
    0x00, 0x00, 0x00, 0x00, 0x00, 0x00, 0x00, 0x00, 0x00, 0x00, 0x00, 0x00, 0x00, 0x00, 0x00, 0x00,
    0x00, 0x00, 0x00, 0x00, 0x00, 0x00, 0x00, 0x00, 0x00, 0x00, 0x00, 0x00, 0x00, 0x00, 0x00, 0x00,
    0x00, 0x00, 0x00, 0x00, 0x00, 0x00, 0x00, 0x00, 0x00, 0x00, 0x00, 0x00, 0x00, 0x00, 0x00, 0x00,
    0x00, 0x00, 0x00, 0x00, 0x00, 0x00, 0x00, 0x00, 0x00, 0x00, 0x00, 0x00, 0x00, 0x00, 0x00, 0x00,
    0x00, 0x00, 0x00, 0x00, 0x00, 0x00, 0x00, 0x00, 0x00, 0x00, 0x00, 0x00, 0x00, 0x00, 0x00, 0x00,
    0x00, 0x00, 0x00, 0x00, 0x00, 0x00, 0x00, 0x00, 0x00, 0x00, 0x00, 0x00, 0x00, 0x00, 0x00, 0x00,
    0x00, 0x00, 0x00, 0x00, 0x00, 0x00, 0x00, 0x00, 0x00, 0x00, 0x00, 0x00, 0x00, 0x00, 0x00, 0x00,
    0x00, 0x00, 0x00, 0x00, 0x00, 0x00, 0x00, 0x00, 0x00, 0x00, 0x00, 0x00, 0x00, 0x00, 0x00, 0x00,
    0x00, 0x00, 0x00, 0x00, 0x00, 0x00, 0x00, 0x00, 0x00, 0x00, 0x00, 0x00, 0x00, 0x00, 0x00, 0x00,
    0x00, 0x00, 0x00, 0x00, 0x00, 0x00, 0x00, 0x00, 0x00, 0x00, 0x00, 0x00, 0x00, 0x00, 0x00, 0x00,
    0x00, 0x00, 0x00, 0x00, 0x00, 0x00, 0x00, 0x00, 0x00, 0x00, 0x00, 0x00, 0x00, 0x00, 0x00, 0x00,
    0x00, 0x00, 0x00, 0x00, 0x00, 0x00, 0x00, 0x00, 0x00, 0x00, 0x00, 0x00, 0x00, 0x00, 0x00, 0x00,
    0x00, 0x00, 0x00, 0x00, 0x00, 0x00, 0x00, 0x00, 0x00, 0x00, 0x00, 0x00, 0x00, 0x00, 0x00, 0x00,
    0x00, 0x00, 0x00, 0x00, 0x00, 0x00, 0x00, 0x00, 0x00, 0x00, 0x00, 0x00, 0x00, 0x00, 0x00, 0x00,
    0x00, 0x00, 0x00, 0x00, 0x00, 0x00, 0x00, 0x00, 0x00, 0x00, 0x00, 0x00, 0x00, 0x00, 0x00, 0x00,
    0x00, 0x00, 0x00, 0x00, 0x00, 0x00, 0x00, 0x00, 0x00, 0x00, 0x00, 0x00, 0x00, 0x00, 0x00, 0x00,
    0x00, 0x00, 0x00, 0x00, 0x00, 0x00, 0x00, 0x00, 0x00, 0x00, 0x00, 0x00, 0x00, 0x00, 0x00, 0x00,
    0x00, 0x00, 0x00, 0x00, 0x00, 0x00, 0x00, 0x00, 0x00, 0x00, 0x00, 0x00, 0x00, 0x00, 0x00, 0x00,
    0x00, 0x00, 0x00, 0x00, 0x00, 0x00, 0x00, 0x00, 0x00, 0x00, 0x00, 0x00, 0x00, 0x00, 0x00, 0x00,
    0x00, 0x00, 0x00, 0x00, 0x00, 0x00, 0x00, 0x00, 0x00, 0x00, 0x00, 0x00, 0x00, 0x00, 0x00, 0x00,
    0x00, 0x00, 0x00, 0x00, 0x00, 0x00, 0x00, 0x00, 0x00, 0x00, 0x00, 0x00, 0x00, 0x00, 0x00, 0x00,
    0x00, 0x00, 0x00, 0x00, 0x00, 0x00, 0x00, 0x00, 0x00, 0x00, 0x00, 0x00, 0x00, 0x00, 0x00, 0x00,
    0x00, 0x00, 0x00, 0x00, 0x00, 0x00, 0x00, 0x00, 0x00, 0x00, 0x00, 0x00, 0x00, 0x00, 0x00, 0x00,
    0x00, 0x00, 0x00, 0x00, 0x00, 0x00, 0x00, 0x00, 0x00, 0x00, 0x00, 0x00, 0x00, 0x00, 0x00, 0x00,
    0x3f, 0xff, 0xff, 0xfc, 0x3f, 0xff, 0xff, 0xfc, 0x3f, 0xff, 0xff, 0xfc, 0x3f, 0xff, 0xff, 0xfc,
    0x00, 0x00, 0x00, 0x00, 0x00, 0x00, 0x00, 0x00, 0x00, 0x00, 0x00, 0x00, 0x00, 0x00, 0x00, 0x00,
    0x00, 0x00, 0x00, 0x00, 0x00, 0x00, 0x00, 0x00, 0x00, 0x00, 0x00, 0x00, 0x00, 0x00, 0x00, 0x00,
    0x00, 0x00, 0x00, 0x00, 0x00, 0x00, 0x00, 0x00, 0x00, 0x00, 0x00, 0x00, 0x00, 0x00, 0x00, 0x00,
    0x00, 0x38, 0x00, 0x00, 0x00, 0x3c, 0x00, 0x00, 0x00, 0x3e, 0x00, 0x00, 0x00, 0x3f, 0x00, 0x00,
    0x00, 0x1f, 0x80, 0x00, 0x00, 0x0f, 0xc0, 0x00, 0x00, 0x07, 0xe0, 0x00, 0x00, 0x03, 0xf0, 0x00,
    0x00, 0x01, 0xf8, 0x00, 0x00, 0x00, 0xfc, 0x00, 0x00, 0x00, 0x7c, 0x00, 0x00, 0x00, 0x3c, 0x00,
    0x00, 0x00, 0x00, 0x00, 0x00, 0x00, 0x00, 0x00, 0x00, 0x00, 0x00, 0x00, 0x00, 0x00, 0x00, 0x00,
    0x00, 0x00, 0x00, 0x00, 0x00, 0x00, 0x00, 0x00, 0x00, 0x00, 0x00, 0x00, 0x00, 0x00, 0x00, 0x00,
    0x00, 0x00, 0x00, 0x00, 0x00, 0x00, 0x00, 0x00, 0x00, 0x00, 0x00, 0x00, 0x00, 0x00, 0x00, 0x00,
    0x00, 0x00, 0x00, 0x00, 0x00, 0x00, 0x00, 0x00, 0x00, 0x00, 0x00, 0x00, 0x00, 0x00, 0x00, 0x00,
    0x00, 0x00, 0x00, 0x00, 0x00, 0x00, 0x00, 0x00, 0x00, 0x00, 0x00, 0x00, 0x00, 0x00, 0x00, 0x00,
    0x00, 0x00, 0x00, 0x00, 0x00, 0x00, 0x00, 0x00, 0x00, 0x00, 0x00, 0x00, 0x00, 0x00, 0x00, 0x00,
    0x00, 0x00, 0x00, 0x00, 0x00, 0x00, 0x00, 0x00, 0x00, 0x00, 0x00, 0x00, 0x00, 0x00, 0x00, 0x00,
    0x00, 0x00, 0x00, 0x00, 0x00, 0x00, 0x00, 0x00, 0x00, 0x00, 0x00, 0x00, 0x00, 0x00, 0x00, 0x00,
    0x00, 0x00, 0x00, 0x00, 0x00, 0x00, 0x00, 0x00, 0x00, 0x00, 0x00, 0x00, 0x00, 0x00, 0x00, 0x00,
    0x00, 0x00, 0x00, 0x00, 0x00, 0x00, 0x00, 0x00, 0x00, 0x00, 0x00, 0x00, 0x00, 0x00, 0x00, 0x00,
    0x00, 0x00, 0x00, 0x00, 0x00, 0x00, 0x00, 0x00, 0x00, 0x00, 0x00, 0x00, 0x00, 0x00, 0x00, 0x00,
    0x00, 0x00, 0x00, 0x00, 0x00, 0x00, 0x00, 0x00, 0x00, 0x00, 0x00, 0x00, 0x00, 0x00, 0x00, 0x00,
    0x00, 0x00, 0x00, 0x00, 0x00, 0x00, 0x00, 0x00, 0x00, 0x00, 0x00, 0x00, 0x00, 0x00, 0x00, 0x00,
    0x00, 0x00, 0x00, 0x00, 0x00, 0x00, 0x00, 0x00, 0x00, 0x00, 0x00, 0x00, 0x00, 0x00, 0x00, 0x00,
    0x00, 0x00, 0x00, 0x00, 0x00, 0x00, 0x00, 0x00, 0x00, 0x00, 0x00, 0x00, 0x00, 0x00, 0x00, 0x00,
    0x00, 0x00, 0x00, 0x00, 0x00, 0x00, 0x00, 0x00, 0x00, 0x00, 0x00, 0x00, 0x00, 0x00, 0x00, 0x00,
    0x00, 0x00, 0x00, 0x00, 0x00, 0x00, 0x00, 0x00, 0x00, 0x00, 0x00, 0x00, 0x00, 0x00, 0x00, 0x00,
    0x03, 0xff, 0xfe, 0x00, 0x03, 0xff, 0xff, 0x80, 0x03, 0xff, 0xff, 0xc0, 0x03, 0xff, 0xff, 0xe0,
    0x00, 0x00, 0x03, 0xe0, 0x00, 0x00, 0x01, 0xf0, 0x00, 0x00, 0x00, 0xf0, 0x00, 0x00, 0x00, 0xf0,
    0x00, 0x00, 0x00, 0xf0, 0x00, 0x00, 0x00, 0xf0, 0x00, 0x7f, 0xff, 0xf0, 0x01, 0xff, 0xff, 0xf0,
    0x03, 0xff, 0xff, 0xf0, 0x07, 0xff, 0xff, 0xf0, 0x07, 0xc0, 0x00, 0xf0, 0x0f, 0x80, 0x00, 0xf0,
    0x0f, 0x00, 0x00, 0xf0, 0x0f, 0x00, 0x00, 0xf0, 0x0f, 0x00, 0x00, 0xf0, 0x0f, 0x00, 0x00, 0xf0,
    0x0f, 0x00, 0x00, 0xf0, 0x0f, 0x00, 0x00, 0xf0, 0x0f, 0x80, 0x00, 0xf0, 0x07, 0xc0, 0x00, 0xf0,
    0x07, 0xff, 0xff, 0xf0, 0x03, 0xff, 0xff, 0xf0, 0x01, 0xff, 0xff, 0xf0, 0x00, 0x7f, 0xff, 0xf0,
    0x00, 0x00, 0x00, 0x00, 0x00, 0x00, 0x00, 0x00, 0x00, 0x00, 0x00, 0x00, 0x00, 0x00, 0x00, 0x00,
    0x00, 0x00, 0x00, 0x00, 0x00, 0x00, 0x00, 0x00, 0x00, 0x00, 0x00, 0x00, 0x00, 0x00, 0x00, 0x00,
    0x00, 0x00, 0x00, 0x00, 0x00, 0x00, 0x00, 0x00, 0x00, 0x00, 0x00, 0x00, 0x00, 0x00, 0x00, 0x00,
    0x00, 0x00, 0x00, 0x00, 0x00, 0x00, 0x00, 0x00, 0x00, 0x00, 0x00, 0x00, 0x00, 0x00, 0x00, 0x00,
    0x00, 0x00, 0x00, 0x00, 0x00, 0x00, 0x00, 0x00, 0x00, 0x00, 0x00, 0x00, 0x00, 0x00, 0x00, 0x00,
    0x00, 0x00, 0x00, 0x00, 0x00, 0x00, 0x00, 0x00, 0x00, 0x00, 0x00, 0x00, 0x00, 0x00, 0x00, 0x00,
    0x0f, 0x00, 0x00, 0x00, 0x0f, 0x00, 0x00, 0x00, 0x0f, 0x00, 0x00, 0x00, 0x0f, 0x00, 0x00, 0x00,
    0x0f, 0x00, 0x00, 0x00, 0x0f, 0x00, 0x00, 0x00, 0x0f, 0x00, 0x00, 0x00, 0x0f, 0x00, 0x00, 0x00,
    0x0f, 0x00, 0x00, 0x00, 0x0f, 0x00, 0x00, 0x00, 0x0f, 0x00, 0x00, 0x00, 0x0f, 0x00, 0x00, 0x00,
    0x0f, 0xff, 0xfe, 0x00, 0x0f, 0xff, 0xff, 0x80, 0x0f, 0xff, 0xff, 0xc0, 0x0f, 0xff, 0xff, 0xe0,
    0x0f, 0x00, 0x03, 0xe0, 0x0f, 0x00, 0x01, 0xf0, 0x0f, 0x00, 0x00, 0xf0, 0x0f, 0x00, 0x00, 0xf0,
    0x0f, 0x00, 0x00, 0xf0, 0x0f, 0x00, 0x00, 0xf0, 0x0f, 0x00, 0x00, 0xf0, 0x0f, 0x00, 0x00, 0xf0,
    0x0f, 0x00, 0x00, 0xf0, 0x0f, 0x00, 0x00, 0xf0, 0x0f, 0x00, 0x00, 0xf0, 0x0f, 0x00, 0x00, 0xf0,
    0x0f, 0x00, 0x00, 0xf0, 0x0f, 0x00, 0x00, 0xf0, 0x0f, 0x00, 0x00, 0xf0, 0x0f, 0x00, 0x00, 0xf0,
    0x0f, 0x00, 0x00, 0xf0, 0x0f, 0x00, 0x00, 0xf0, 0x0f, 0x00, 0x01, 0xf0, 0x0f, 0x00, 0x03, 0xe0,
    0x0f, 0xff, 0xff, 0xe0, 0x0f, 0xff, 0xff, 0xc0, 0x0f, 0xff, 0xff, 0x80, 0x0f, 0xff, 0xfe, 0x00,
    0x00, 0x00, 0x00, 0x00, 0x00, 0x00, 0x00, 0x00, 0x00, 0x00, 0x00, 0x00, 0x00, 0x00, 0x00, 0x00,
    0x00, 0x00, 0x00, 0x00, 0x00, 0x00, 0x00, 0x00, 0x00, 0x00, 0x00, 0x00, 0x00, 0x00, 0x00, 0x00,
    0x00, 0x00, 0x00, 0x00, 0x00, 0x00, 0x00, 0x00, 0x00, 0x00, 0x00, 0x00, 0x00, 0x00, 0x00, 0x00,
    0x00, 0x00, 0x00, 0x00, 0x00, 0x00, 0x00, 0x00, 0x00, 0x00, 0x00, 0x00, 0x00, 0x00, 0x00, 0x00,
    0x00, 0x00, 0x00, 0x00, 0x00, 0x00, 0x00, 0x00, 0x00, 0x00, 0x00, 0x00, 0x00, 0x00, 0x00, 0x00,
    0x00, 0x00, 0x00, 0x00, 0x00, 0x00, 0x00, 0x00, 0x00, 0x00, 0x00, 0x00, 0x00, 0x00, 0x00, 0x00,
    0x00, 0x00, 0x00, 0x00, 0x00, 0x00, 0x00, 0x00, 0x00, 0x00, 0x00, 0x00, 0x00, 0x00, 0x00, 0x00,
    0x00, 0x00, 0x00, 0x00, 0x00, 0x00, 0x00, 0x00, 0x00, 0x00, 0x00, 0x00, 0x00, 0x00, 0x00, 0x00,
    0x00, 0x00, 0x00, 0x00, 0x00, 0x00, 0x00, 0x00, 0x00, 0x00, 0x00, 0x00, 0x00, 0x00, 0x00, 0x00,
    0x00, 0x7f, 0xff, 0xf0, 0x01, 0xff, 0xff, 0xf0, 0x03, 0xff, 0xff, 0xf0, 0x07, 0xff, 0xff, 0xf0,
    0x07, 0xc0, 0x00, 0x00, 0x0f, 0x80, 0x00, 0x00, 0x0f, 0x00, 0x00, 0x00, 0x0f, 0x00, 0x00, 0x00,
    0x0f, 0x00, 0x00, 0x00, 0x0f, 0x00, 0x00, 0x00, 0x0f, 0x00, 0x00, 0x00, 0x0f, 0x00, 0x00, 0x00,
    0x0f, 0x00, 0x00, 0x00, 0x0f, 0x00, 0x00, 0x00, 0x0f, 0x00, 0x00, 0x00, 0x0f, 0x00, 0x00, 0x00,
    0x0f, 0x00, 0x00, 0x00, 0x0f, 0x00, 0x00, 0x00, 0x0f, 0x00, 0x00, 0x00, 0x0f, 0x00, 0x00, 0x00,
    0x0f, 0x00, 0x00, 0x00, 0x0f, 0x00, 0x00, 0x00, 0x0f, 0x80, 0x00, 0x00, 0x07, 0xc0, 0x00, 0x00,
    0x07, 0xff, 0xff, 0xf0, 0x03, 0xff, 0xff, 0xf0, 0x01, 0xff, 0xff, 0xf0, 0x00, 0x7f, 0xff, 0xf0,
    0x00, 0x00, 0x00, 0x00, 0x00, 0x00, 0x00, 0x00, 0x00, 0x00, 0x00, 0x00, 0x00, 0x00, 0x00, 0x00,
    0x00, 0x00, 0x00, 0x00, 0x00, 0x00, 0x00, 0x00, 0x00, 0x00, 0x00, 0x00, 0x00, 0x00, 0x00, 0x00,
    0x00, 0x00, 0x00, 0x00, 0x00, 0x00, 0x00, 0x00, 0x00, 0x00, 0x00, 0x00, 0x00, 0x00, 0x00, 0x00,
    0x00, 0x00, 0x00, 0x00, 0x00, 0x00, 0x00, 0x00, 0x00, 0x00, 0x00, 0x00, 0x00, 0x00, 0x00, 0x00,
    0x00, 0x00, 0x00, 0x00, 0x00, 0x00, 0x00, 0x00, 0x00, 0x00, 0x00, 0x00, 0x00, 0x00, 0x00, 0x00,
    0x00, 0x00, 0x00, 0x00, 0x00, 0x00, 0x00, 0x00, 0x00, 0x00, 0x00, 0x00, 0x00, 0x00, 0x00, 0x00,
    0x00, 0x00, 0x00, 0xf0, 0x00, 0x00, 0x00, 0xf0, 0x00, 0x00, 0x00, 0xf0, 0x00, 0x00, 0x00, 0xf0,
    0x00, 0x00, 0x00, 0xf0, 0x00, 0x00, 0x00, 0xf0, 0x00, 0x00, 0x00, 0xf0, 0x00, 0x00, 0x00, 0xf0,
    0x00, 0x00, 0x00, 0xf0, 0x00, 0x00, 0x00, 0xf0, 0x00, 0x00, 0x00, 0xf0, 0x00, 0x00, 0x00, 0xf0,
    0x00, 0x7f, 0xff, 0xf0, 0x01, 0xff, 0xff, 0xf0, 0x03, 0xff, 0xff, 0xf0, 0x07, 0xff, 0xff, 0xf0,
    0x07, 0xc0, 0x00, 0xf0, 0x0f, 0x80, 0x00, 0xf0, 0x0f, 0x00, 0x00, 0xf0, 0x0f, 0x00, 0x00, 0xf0,
    0x0f, 0x00, 0x00, 0xf0, 0x0f, 0x00, 0x00, 0xf0, 0x0f, 0x00, 0x00, 0xf0, 0x0f, 0x00, 0x00, 0xf0,
    0x0f, 0x00, 0x00, 0xf0, 0x0f, 0x00, 0x00, 0xf0, 0x0f, 0x00, 0x00, 0xf0, 0x0f, 0x00, 0x00, 0xf0,
    0x0f, 0x00, 0x00, 0xf0, 0x0f, 0x00, 0x00, 0xf0, 0x0f, 0x00, 0x00, 0xf0, 0x0f, 0x00, 0x00, 0xf0,
    0x0f, 0x00, 0x00, 0xf0, 0x0f, 0x00, 0x00, 0xf0, 0x0f, 0x80, 0x00, 0xf0, 0x07, 0xc0, 0x00, 0xf0,
    0x07, 0xff, 0xff, 0xf0, 0x03, 0xff, 0xff, 0xf0, 0x01, 0xff, 0xff, 0xf0, 0x00, 0x7f, 0xff, 0xf0,
    0x00, 0x00, 0x00, 0x00, 0x00, 0x00, 0x00, 0x00, 0x00, 0x00, 0x00, 0x00, 0x00, 0x00, 0x00, 0x00,
    0x00, 0x00, 0x00, 0x00, 0x00, 0x00, 0x00, 0x00, 0x00, 0x00, 0x00, 0x00, 0x00, 0x00, 0x00, 0x00,
    0x00, 0x00, 0x00, 0x00, 0x00, 0x00, 0x00, 0x00, 0x00, 0x00, 0x00, 0x00, 0x00, 0x00, 0x00, 0x00,
    0x00, 0x00, 0x00, 0x00, 0x00, 0x00, 0x00, 0x00, 0x00, 0x00, 0x00, 0x00, 0x00, 0x00, 0x00, 0x00,
    0x00, 0x00, 0x00, 0x00, 0x00, 0x00, 0x00, 0x00, 0x00, 0x00, 0x00, 0x00, 0x00, 0x00, 0x00, 0x00,
    0x00, 0x00, 0x00, 0x00, 0x00, 0x00, 0x00, 0x00, 0x00, 0x00, 0x00, 0x00, 0x00, 0x00, 0x00, 0x00,
    0x00, 0x00, 0x00, 0x00, 0x00, 0x00, 0x00, 0x00, 0x00, 0x00, 0x00, 0x00, 0x00, 0x00, 0x00, 0x00,
    0x00, 0x00, 0x00, 0x00, 0x00, 0x00, 0x00, 0x00, 0x00, 0x00, 0x00, 0x00, 0x00, 0x00, 0x00, 0x00,
    0x00, 0x00, 0x00, 0x00, 0x00, 0x00, 0x00, 0x00, 0x00, 0x00, 0x00, 0x00, 0x00, 0x00, 0x00, 0x00,
    0x00, 0x7f, 0xff, 0xf0, 0x01, 0xff, 0xff, 0xf0, 0x03, 0xff, 0xff, 0xf0, 0x07, 0xff, 0xff, 0xf0,
    0x07, 0xc0, 0x00, 0xf0, 0x0f, 0x80, 0x00, 0xf0, 0x0f, 0x00, 0x00, 0xf0, 0x0f, 0x00, 0x00, 0xf0,
    0x0f, 0x00, 0x00, 0xf0, 0x0f, 0x00, 0x00, 0xf0, 0x0f, 0x00, 0x00, 0xf0, 0x0f, 0x00, 0x00, 0xf0,
    0x0f, 0xff, 0xff, 0xf0, 0x0f, 0xff, 0xff, 0xf0, 0x0f, 0xff, 0xff, 0xf0, 0x0f, 0xff, 0xff, 0xf0,
    0x0f, 0x00, 0x00, 0x00, 0x0f, 0x00, 0x00, 0x00, 0x0f, 0x00, 0x00, 0x00, 0x0f, 0x00, 0x00, 0x00,
    0x0f, 0x00, 0x00, 0x00, 0x0f, 0x00, 0x00, 0x00, 0x0f, 0x80, 0x00, 0x00, 0x07, 0xc0, 0x00, 0x00,
    0x07, 0xff, 0xff, 0xf0, 0x03, 0xff, 0xff, 0xf0, 0x01, 0xff, 0xff, 0xf0, 0x00, 0x7f, 0xff, 0xf0,
    0x00, 0x00, 0x00, 0x00, 0x00, 0x00, 0x00, 0x00, 0x00, 0x00, 0x00, 0x00, 0x00, 0x00, 0x00, 0x00,
    0x00, 0x00, 0x00, 0x00, 0x00, 0x00, 0x00, 0x00, 0x00, 0x00, 0x00, 0x00, 0x00, 0x00, 0x00, 0x00,
    0x00, 0x00, 0x00, 0x00, 0x00, 0x00, 0x00, 0x00, 0x00, 0x00, 0x00, 0x00, 0x00, 0x00, 0x00, 0x00,
    0x00, 0x00, 0x00, 0x00, 0x00, 0x00, 0x00, 0x00, 0x00, 0x00, 0x00, 0x00, 0x00, 0x00, 0x00, 0x00,
    0x00, 0x00, 0x00, 0x00, 0x00, 0x00, 0x00, 0x00, 0x00, 0x00, 0x00, 0x00, 0x00, 0x00, 0x00, 0x00,
    0x00, 0x00, 0x00, 0x00, 0x00, 0x00, 0x00, 0x00, 0x00, 0x00, 0x00, 0x00, 0x00, 0x00, 0x00, 0x00,
    0x00, 0x01, 0xff, 0xc0, 0x00, 0x07, 0xff, 0xc0, 0x00, 0x0f, 0xff, 0xc0, 0x00, 0x1f, 0xff, 0xc0,
    0x00, 0x1f, 0x00, 0x00, 0x00, 0x3e, 0x00, 0x00, 0x00, 0x3c, 0x00, 0x00, 0x00, 0x3c, 0x00, 0x00,
    0x00, 0x3c, 0x00, 0x00, 0x00, 0x3c, 0x00, 0x00, 0x00, 0x3c, 0x00, 0x00, 0x00, 0x3c, 0x00, 0x00,
    0x00, 0x3c, 0x00, 0x00, 0x00, 0x3c, 0x00, 0x00, 0x00, 0x3c, 0x00, 0x00, 0x00, 0x3c, 0x00, 0x00,
    0x03, 0xff, 0xfc, 0x00, 0x03, 0xff, 0xfc, 0x00, 0x03, 0xff, 0xfc, 0x00, 0x03, 0xff, 0xfc, 0x00,
    0x00, 0x3c, 0x00, 0x00, 0x00, 0x3c, 0x00, 0x00, 0x00, 0x3c, 0x00, 0x00, 0x00, 0x3c, 0x00, 0x00,
    0x00, 0x3c, 0x00, 0x00, 0x00, 0x3c, 0x00, 0x00, 0x00, 0x3c, 0x00, 0x00, 0x00, 0x3c, 0x00, 0x00,
    0x00, 0x3c, 0x00, 0x00, 0x00, 0x3c, 0x00, 0x00, 0x00, 0x3c, 0x00, 0x00, 0x00, 0x3c, 0x00, 0x00,
    0x00, 0x3c, 0x00, 0x00, 0x00, 0x3c, 0x00, 0x00, 0x00, 0x3c, 0x00, 0x00, 0x00, 0x3c, 0x00, 0x00,
    0x00, 0x3c, 0x00, 0x00, 0x00, 0x3c, 0x00, 0x00, 0x00, 0x3c, 0x00, 0x00, 0x00, 0x3c, 0x00, 0x00,
    0x00, 0x00, 0x00, 0x00, 0x00, 0x00, 0x00, 0x00, 0x00, 0x00, 0x00, 0x00, 0x00, 0x00, 0x00, 0x00,
    0x00, 0x00, 0x00, 0x00, 0x00, 0x00, 0x00, 0x00, 0x00, 0x00, 0x00, 0x00, 0x00, 0x00, 0x00, 0x00,
    0x00, 0x00, 0x00, 0x00, 0x00, 0x00, 0x00, 0x00, 0x00, 0x00, 0x00, 0x00, 0x00, 0x00, 0x00, 0x00,
    0x00, 0x00, 0x00, 0x00, 0x00, 0x00, 0x00, 0x00, 0x00, 0x00, 0x00, 0x00, 0x00, 0x00, 0x00, 0x00,
    0x00, 0x00, 0x00, 0x00, 0x00, 0x00, 0x00, 0x00, 0x00, 0x00, 0x00, 0x00, 0x00, 0x00, 0x00, 0x00,
    0x00, 0x00, 0x00, 0x00, 0x00, 0x00, 0x00, 0x00, 0x00, 0x00, 0x00, 0x00, 0x00, 0x00, 0x00, 0x00,
    0x00, 0x00, 0x00, 0x00, 0x00, 0x00, 0x00, 0x00, 0x00, 0x00, 0x00, 0x00, 0x00, 0x00, 0x00, 0x00,
    0x00, 0x00, 0x00, 0x00, 0x00, 0x00, 0x00, 0x00, 0x00, 0x00, 0x00, 0x00, 0x00, 0x00, 0x00, 0x00,
    0x00, 0x00, 0x00, 0x00, 0x00, 0x00, 0x00, 0x00, 0x00, 0x00, 0x00, 0x00, 0x00, 0x00, 0x00, 0x00,
    0x00, 0x7f, 0xff, 0xf0, 0x01, 0xff, 0xff, 0xf0, 0x03, 0xff, 0xff, 0xf0, 0x07, 0xff, 0xff, 0xf0,
    0x07, 0xc0, 0x00, 0xf0, 0x0f, 0x80, 0x00, 0xf0, 0x0f, 0x00, 0x00, 0xf0, 0x0f, 0x00, 0x00, 0xf0,
    0x0f, 0x00, 0x00, 0xf0, 0x0f, 0x00, 0x00, 0xf0, 0x0f, 0x00, 0x00, 0xf0, 0x0f, 0x00, 0x00, 0xf0,
    0x0f, 0x00, 0x00, 0xf0, 0x0f, 0x00, 0x00, 0xf0, 0x0f, 0x00, 0x00, 0xf0, 0x0f, 0x00, 0x00, 0xf0,
    0x0f, 0x00, 0x00, 0xf0, 0x0f, 0x00, 0x00, 0xf0, 0x0f, 0x00, 0x00, 0xf0, 0x0f, 0x00, 0x00, 0xf0,
    0x0f, 0x00, 0x00, 0xf0, 0x0f, 0x00, 0x00, 0xf0, 0x0f, 0x80, 0x01, 0xf0, 0x07, 0xc0, 0x03, 0xe0,
    0x07, 0xff, 0xff, 0xc0, 0x03, 0xff, 0xff, 0x80, 0x01, 0xff, 0xff, 0x80, 0x00, 0x7f, 0xff, 0xc0,
    0x00, 0x00, 0x03, 0xe0, 0x00, 0x00, 0x01, 0xe0, 0x00, 0x00, 0x00, 0xf0, 0x00, 0x00, 0x00, 0xf0,
    0x00, 0x00, 0x00, 0xf0, 0x00, 0x00, 0x00, 0xf0, 0x00, 0x00, 0x01, 0xf0, 0x00, 0x00, 0x03, 0xe0,
    0x0f, 0xff, 0xff, 0xe0, 0x0f, 0xff, 0xff, 0xc0, 0x0f, 0xff, 0xff, 0x80, 0x0f, 0xff, 0xfe, 0x00,
    0x00, 0x00, 0x00, 0x00, 0x00, 0x00, 0x00, 0x00, 0x00, 0x00, 0x00, 0x00, 0x00, 0x00, 0x00, 0x00,
    0x00, 0x00, 0x00, 0x00, 0x00, 0x00, 0x00, 0x00, 0x00, 0x00, 0x00, 0x00, 0x00, 0x00, 0x00, 0x00,
    0x00, 0x00, 0x00, 0x00, 0x00, 0x00, 0x00, 0x00, 0x00, 0x00, 0x00, 0x00, 0x00, 0x00, 0x00, 0x00,
    0x0f, 0x00, 0x00, 0x00, 0x0f, 0x00, 0x00, 0x00, 0x0f, 0x00, 0x00, 0x00, 0x0f, 0x00, 0x00, 0x00,
    0x0f, 0x00, 0x00, 0x00, 0x0f, 0x00, 0x00, 0x00, 0x0f, 0x00, 0x00, 0x00, 0x0f, 0x00, 0x00, 0x00,
    0x0f, 0x00, 0x00, 0x00, 0x0f, 0x00, 0x00, 0x00, 0x0f, 0x00, 0x00, 0x00, 0x0f, 0x00, 0x00, 0x00,
    0x0f, 0xff, 0xfe, 0x00, 0x0f, 0xff, 0xff, 0x80, 0x0f, 0xff, 0xff, 0xc0, 0x0f, 0xff, 0xff, 0xe0,
    0x0f, 0x00, 0x03, 0xe0, 0x0f, 0x00, 0x01, 0xf0, 0x0f, 0x00, 0x00, 0xf0, 0x0f, 0x00, 0x00, 0xf0,
    0x0f, 0x00, 0x00, 0xf0, 0x0f, 0x00, 0x00, 0xf0, 0x0f, 0x00, 0x00, 0xf0, 0x0f, 0x00, 0x00, 0xf0,
    0x0f, 0x00, 0x00, 0xf0, 0x0f, 0x00, 0x00, 0xf0, 0x0f, 0x00, 0x00, 0xf0, 0x0f, 0x00, 0x00, 0xf0,
    0x0f, 0x00, 0x00, 0xf0, 0x0f, 0x00, 0x00, 0xf0, 0x0f, 0x00, 0x00, 0xf0, 0x0f, 0x00, 0x00, 0xf0,
    0x0f, 0x00, 0x00, 0xf0, 0x0f, 0x00, 0x00, 0xf0, 0x0f, 0x00, 0x00, 0xf0, 0x0f, 0x00, 0x00, 0xf0,
    0x0f, 0x00, 0x00, 0xf0, 0x0f, 0x00, 0x00, 0xf0, 0x0f, 0x00, 0x00, 0xf0, 0x0f, 0x00, 0x00, 0xf0,
    0x00, 0x00, 0x00, 0x00, 0x00, 0x00, 0x00, 0x00, 0x00, 0x00, 0x00, 0x00, 0x00, 0x00, 0x00, 0x00,
    0x00, 0x00, 0x00, 0x00, 0x00, 0x00, 0x00, 0x00, 0x00, 0x00, 0x00, 0x00, 0x00, 0x00, 0x00, 0x00,
    0x00, 0x00, 0x00, 0x00, 0x00, 0x00, 0x00, 0x00, 0x00, 0x00, 0x00, 0x00, 0x00, 0x00, 0x00, 0x00,
    0x00, 0x00, 0x00, 0x00, 0x00, 0x00, 0x00, 0x00, 0x00, 0x00, 0x00, 0x00, 0x00, 0x00, 0x00, 0x00,
    0x00, 0x00, 0x00, 0x00, 0x00, 0x00, 0x00, 0x00, 0x00, 0x00, 0x00, 0x00, 0x00, 0x00, 0x00, 0x00,
    0x00, 0x00, 0x00, 0x00, 0x00, 0x00, 0x00, 0x00, 0x00, 0x00, 0x00, 0x00, 0x00, 0x00, 0x00, 0x00,
    0x00, 0x03, 0xc0, 0x00, 0x00, 0x03, 0xc0, 0x00, 0x00, 0x03, 0xc0, 0x00, 0x00, 0x03, 0xc0, 0x00,
    0x00, 0x03, 0xc0, 0x00, 0x00, 0x03, 0xc0, 0x00, 0x00, 0x00, 0x00, 0x00, 0x00, 0x00, 0x00, 0x00,
    0x00, 0x00, 0x00, 0x00, 0x00, 0x00, 0x00, 0x00, 0x00, 0x00, 0x00, 0x00, 0x00, 0x00, 0x00, 0x00,
    0x00, 0x3f, 0xc0, 0x00, 0x00, 0x3f, 0xc0, 0x00, 0x00, 0x3f, 0xc0, 0x00, 0x00, 0x3f, 0xc0, 0x00,
    0x00, 0x03, 0xc0, 0x00, 0x00, 0x03, 0xc0, 0x00, 0x00, 0x03, 0xc0, 0x00, 0x00, 0x03, 0xc0, 0x00,
    0x00, 0x03, 0xc0, 0x00, 0x00, 0x03, 0xc0, 0x00, 0x00, 0x03, 0xc0, 0x00, 0x00, 0x03, 0xc0, 0x00,
    0x00, 0x03, 0xc0, 0x00, 0x00, 0x03, 0xc0, 0x00, 0x00, 0x03, 0xc0, 0x00, 0x00, 0x03, 0xc0, 0x00,
    0x00, 0x03, 0xc0, 0x00, 0x00, 0x03, 0xc0, 0x00, 0x00, 0x03, 0xc0, 0x00, 0x00, 0x03, 0xc0, 0x00,
    0x00, 0x03, 0xc0, 0x00, 0x00, 0x03, 0xc0, 0x00, 0x00, 0x03, 0xc0, 0x00, 0x00, 0x03, 0xc0, 0x00,
    0x00, 0x03, 0xfc, 0x00, 0x00, 0x03, 0xfc, 0x00, 0x00, 0x03, 0xfc, 0x00, 0x00, 0x03, 0xfc, 0x00,
    0x00, 0x00, 0x00, 0x00, 0x00, 0x00, 0x00, 0x00, 0x00, 0x00, 0x00, 0x00, 0x00, 0x00, 0x00, 0x00,
    0x00, 0x00, 0x00, 0x00, 0x00, 0x00, 0x00, 0x00, 0x00, 0x00, 0x00, 0x00, 0x00, 0x00, 0x00, 0x00,
    0x00, 0x00, 0x00, 0x00, 0x00, 0x00, 0x00, 0x00, 0x00, 0x00, 0x00, 0x00, 0x00, 0x00, 0x00, 0x00,
    0x00, 0x00, 0x00, 0x00, 0x00, 0x00, 0x00, 0x00, 0x00, 0x00, 0x00, 0x00, 0x00, 0x00, 0x00, 0x00,
    0x00, 0x00, 0x00, 0x00, 0x00, 0x00, 0x00, 0x00, 0x00, 0x00, 0x00, 0x00, 0x00, 0x00, 0x00, 0x00,
    0x00, 0x00, 0x00, 0x00, 0x00, 0x00, 0x00, 0x00, 0x00, 0x00, 0x00, 0x00, 0x00, 0x00, 0x00, 0x00,
    0x00, 0x03, 0xc0, 0x00, 0x00, 0x03, 0xc0, 0x00, 0x00, 0x03, 0xc0, 0x00, 0x00, 0x03, 0xc0, 0x00,
    0x00, 0x03, 0xc0, 0x00, 0x00, 0x03, 0xc0, 0x00, 0x00, 0x00, 0x00, 0x00, 0x00, 0x00, 0x00, 0x00,
    0x00, 0x00, 0x00, 0x00, 0x00, 0x00, 0x00, 0x00, 0x00, 0x00, 0x00, 0x00, 0x00, 0x00, 0x00, 0x00,
    0x00, 0x03, 0xc0, 0x00, 0x00, 0x03, 0xc0, 0x00, 0x00, 0x03, 0xc0, 0x00, 0x00, 0x03, 0xc0, 0x00,
    0x00, 0x03, 0xc0, 0x00, 0x00, 0x03, 0xc0, 0x00, 0x00, 0x03, 0xc0, 0x00, 0x00, 0x03, 0xc0, 0x00,
    0x00, 0x03, 0xc0, 0x00, 0x00, 0x03, 0xc0, 0x00, 0x00, 0x03, 0xc0, 0x00, 0x00, 0x03, 0xc0, 0x00,
    0x00, 0x03, 0xc0, 0x00, 0x00, 0x03, 0xc0, 0x00, 0x00, 0x03, 0xc0, 0x00, 0x00, 0x03, 0xc0, 0x00,
    0x00, 0x03, 0xc0, 0x00, 0x00, 0x03, 0xc0, 0x00, 0x00, 0x03, 0xc0, 0x00, 0x00, 0x03, 0xc0, 0x00,
    0x00, 0x03, 0xc0, 0x00, 0x00, 0x03, 0xc0, 0x00, 0x00, 0x03, 0xc0, 0x00, 0x00, 0x03, 0xc0, 0x00,
    0x00, 0x03, 0xc0, 0x00, 0x00, 0x03, 0xc0, 0x00, 0x00, 0x03, 0xc0, 0x00, 0x00, 0x03, 0xc0, 0x00,
    0x00, 0x03, 0xc0, 0x00, 0x00, 0x03, 0xc0, 0x00, 0x00, 0x03, 0xc0, 0x00, 0x00, 0x03, 0xc0, 0x00,
    0x00, 0x03, 0xc0, 0x00, 0x00, 0x03, 0xc0, 0x00, 0x00, 0x07, 0xc0, 0x00, 0x00, 0x0f, 0x80, 0x00,
    0x03, 0xff, 0x80, 0x00, 0x03, 0xff, 0x00, 0x00, 0x03, 0xfe, 0x00, 0x00, 0x03, 0xf8, 0x00, 0x00,
    0x00, 0x00, 0x00, 0x00, 0x00, 0x00, 0x00, 0x00, 0x00, 0x00, 0x00, 0x00, 0x00, 0x00, 0x00, 0x00,
    0x00, 0x00, 0x00, 0x00, 0x00, 0x00, 0x00, 0x00, 0x00, 0x00, 0x00, 0x00, 0x00, 0x00, 0x00, 0x00,
    0x00, 0x00, 0x00, 0x00, 0x00, 0x00, 0x00, 0x00, 0x00, 0x00, 0x00, 0x00, 0x00, 0x00, 0x00, 0x00,
    0x03, 0xc0, 0x00, 0x00, 0x03, 0xc0, 0x00, 0x00, 0x03, 0xc0, 0x00, 0x00, 0x03, 0xc0, 0x00, 0x00,
    0x03, 0xc0, 0x00, 0x00, 0x03, 0xc0, 0x00, 0x00, 0x03, 0xc0, 0x00, 0x00, 0x03, 0xc0, 0x00, 0x00,
    0x03, 0xc0, 0x00, 0x00, 0x03, 0xc0, 0x00, 0x00, 0x03, 0xc0, 0x00, 0x00, 0x03, 0xc0, 0x00, 0x00,
    0x03, 0xc0, 0x07, 0x00, 0x03, 0xc0, 0x0f, 0x00, 0x03, 0xc0, 0x1f, 0x00, 0x03, 0xc0, 0x3e, 0x00,
    0x03, 0xc0, 0x7c, 0x00, 0x03, 0xc0, 0xf8, 0x00, 0x03, 0xc1, 0xf0, 0x00, 0x03, 0xc3, 0xe0, 0x00,
    0x03, 0xc7, 0xc0, 0x00, 0x03, 0xcf, 0x80, 0x00, 0x03, 0xff, 0x00, 0x00, 0x03, 0xff, 0x00, 0x00,
    0x03, 0xff, 0x00, 0x00, 0x03, 0xff, 0x00, 0x00, 0x03, 0xcf, 0x80, 0x00, 0x03, 0xc7, 0xc0, 0x00,
    0x03, 0xc3, 0xe0, 0x00, 0x03, 0xc1, 0xf0, 0x00, 0x03, 0xc0, 0xf8, 0x00, 0x03, 0xc0, 0x7c, 0x00,
    0x03, 0xc0, 0x3e, 0x00, 0x03, 0xc0, 0x1f, 0x00, 0x03, 0xc0, 0x0f, 0x80, 0x03, 0xc0, 0x07, 0xc0,
    0x03, 0xc0, 0x03, 0xe0, 0x03, 0xc0, 0x01, 0xf0, 0x03, 0xc0, 0x00, 0xf0, 0x03, 0xc0, 0x00, 0x70,
    0x00, 0x00, 0x00, 0x00, 0x00, 0x00, 0x00, 0x00, 0x00, 0x00, 0x00, 0x00, 0x00, 0x00, 0x00, 0x00,
    0x00, 0x00, 0x00, 0x00, 0x00, 0x00, 0x00, 0x00, 0x00, 0x00, 0x00, 0x00, 0x00, 0x00, 0x00, 0x00,
    0x00, 0x00, 0x00, 0x00, 0x00, 0x00, 0x00, 0x00, 0x00, 0x00, 0x00, 0x00, 0x00, 0x00, 0x00, 0x00,
    0x00, 0x00, 0x00, 0x00, 0x00, 0x00, 0x00, 0x00, 0x00, 0x00, 0x00, 0x00, 0x00, 0x00, 0x00, 0x00,
    0x00, 0x00, 0x00, 0x00, 0x00, 0x00, 0x00, 0x00, 0x00, 0x00, 0x00, 0x00, 0x00, 0x00, 0x00, 0x00,
    0x00, 0x00, 0x00, 0x00, 0x00, 0x00, 0x00, 0x00, 0x00, 0x00, 0x00, 0x00, 0x00, 0x00, 0x00, 0x00,
    0x00, 0x3c, 0x00, 0x00, 0x00, 0x3c, 0x00, 0x00, 0x00, 0x3c, 0x00, 0x00, 0x00, 0x3c, 0x00, 0x00,
    0x00, 0x3c, 0x00, 0x00, 0x00, 0x3c, 0x00, 0x00, 0x00, 0x3c, 0x00, 0x00, 0x00, 0x3c, 0x00, 0x00,
    0x00, 0x3c, 0x00, 0x00, 0x00, 0x3c, 0x00, 0x00, 0x00, 0x3c, 0x00, 0x00, 0x00, 0x3c, 0x00, 0x00,
    0x00, 0x3c, 0x00, 0x00, 0x00, 0x3c, 0x00, 0x00, 0x00, 0x3c, 0x00, 0x00, 0x00, 0x3c, 0x00, 0x00,
    0x00, 0x3c, 0x00, 0x00, 0x00, 0x3c, 0x00, 0x00, 0x00, 0x3c, 0x00, 0x00, 0x00, 0x3c, 0x00, 0x00,
    0x00, 0x3c, 0x00, 0x00, 0x00, 0x3c, 0x00, 0x00, 0x00, 0x3c, 0x00, 0x00, 0x00, 0x3c, 0x00, 0x00,
    0x00, 0x3c, 0x00, 0x00, 0x00, 0x3c, 0x00, 0x00, 0x00, 0x3c, 0x00, 0x00, 0x00, 0x3c, 0x00, 0x00,
    0x00, 0x3c, 0x00, 0x00, 0x00, 0x3c, 0x00, 0x00, 0x00, 0x3c, 0x00, 0x00, 0x00, 0x3c, 0x00, 0x00,
    0x00, 0x3c, 0x00, 0x00, 0x00, 0x3c, 0x00, 0x00, 0x00, 0x3e, 0x00, 0x00, 0x00, 0x1f, 0x00, 0x00,
    0x00, 0x1f, 0xff, 0xc0, 0x00, 0x0f, 0xff, 0xc0, 0x00, 0x07, 0xff, 0xc0, 0x00, 0x01, 0xff, 0xc0,
    0x00, 0x00, 0x00, 0x00, 0x00, 0x00, 0x00, 0x00, 0x00, 0x00, 0x00, 0x00, 0x00, 0x00, 0x00, 0x00,
    0x00, 0x00, 0x00, 0x00, 0x00, 0x00, 0x00, 0x00, 0x00, 0x00, 0x00, 0x00, 0x00, 0x00, 0x00, 0x00,
    0x00, 0x00, 0x00, 0x00, 0x00, 0x00, 0x00, 0x00, 0x00, 0x00, 0x00, 0x00, 0x00, 0x00, 0x00, 0x00,
    0x00, 0x00, 0x00, 0x00, 0x00, 0x00, 0x00, 0x00, 0x00, 0x00, 0x00, 0x00, 0x00, 0x00, 0x00, 0x00,
    0x00, 0x00, 0x00, 0x00, 0x00, 0x00, 0x00, 0x00, 0x00, 0x00, 0x00, 0x00, 0x00, 0x00, 0x00, 0x00,
    0x00, 0x00, 0x00, 0x00, 0x00, 0x00, 0x00, 0x00, 0x00, 0x00, 0x00, 0x00, 0x00, 0x00, 0x00, 0x00,
    0x00, 0x00, 0x00, 0x00, 0x00, 0x00, 0x00, 0x00, 0x00, 0x00, 0x00, 0x00, 0x00, 0x00, 0x00, 0x00,
    0x00, 0x00, 0x00, 0x00, 0x00, 0x00, 0x00, 0x00, 0x00, 0x00, 0x00, 0x00, 0x00, 0x00, 0x00, 0x00,
    0x00, 0x00, 0x00, 0x00, 0x00, 0x00, 0x00, 0x00, 0x00, 0x00, 0x00, 0x00, 0x00, 0x00, 0x00, 0x00,
    0x0f, 0xfc, 0x3e, 0x00, 0x0f, 0xfc, 0x3f, 0x80, 0x0f, 0xfc, 0x3f, 0xc0, 0x0f, 0xfc, 0x3f, 0xe0,
    0x0f, 0x03, 0xc3, 0xe0, 0x0f, 0x03, 0xc1, 0xf0, 0x0f, 0x03, 0xc0, 0xf0, 0x0f, 0x03, 0xc0, 0xf0,
    0x0f, 0x03, 0xc0, 0xf0, 0x0f, 0x03, 0xc0, 0xf0, 0x0f, 0x03, 0xc0, 0xf0, 0x0f, 0x03, 0xc0, 0xf0,
    0x0f, 0x03, 0xc0, 0xf0, 0x0f, 0x03, 0xc0, 0xf0, 0x0f, 0x03, 0xc0, 0xf0, 0x0f, 0x03, 0xc0, 0xf0,
    0x0f, 0x03, 0xc0, 0xf0, 0x0f, 0x03, 0xc0, 0xf0, 0x0f, 0x03, 0xc0, 0xf0, 0x0f, 0x03, 0xc0, 0xf0,
    0x0f, 0x00, 0x00, 0xf0, 0x0f, 0x00, 0x00, 0xf0, 0x0f, 0x00, 0x00, 0xf0, 0x0f, 0x00, 0x00, 0xf0,
    0x0f, 0x00, 0x00, 0xf0, 0x0f, 0x00, 0x00, 0xf0, 0x0f, 0x00, 0x00, 0xf0, 0x0f, 0x00, 0x00, 0xf0,
    0x00, 0x00, 0x00, 0x00, 0x00, 0x00, 0x00, 0x00, 0x00, 0x00, 0x00, 0x00, 0x00, 0x00, 0x00, 0x00,
    0x00, 0x00, 0x00, 0x00, 0x00, 0x00, 0x00, 0x00, 0x00, 0x00, 0x00, 0x00, 0x00, 0x00, 0x00, 0x00,
    0x00, 0x00, 0x00, 0x00, 0x00, 0x00, 0x00, 0x00, 0x00, 0x00, 0x00, 0x00, 0x00, 0x00, 0x00, 0x00,
    0x00, 0x00, 0x00, 0x00, 0x00, 0x00, 0x00, 0x00, 0x00, 0x00, 0x00, 0x00, 0x00, 0x00, 0x00, 0x00,
    0x00, 0x00, 0x00, 0x00, 0x00, 0x00, 0x00, 0x00, 0x00, 0x00, 0x00, 0x00, 0x00, 0x00, 0x00, 0x00,
    0x00, 0x00, 0x00, 0x00, 0x00, 0x00, 0x00, 0x00, 0x00, 0x00, 0x00, 0x00, 0x00, 0x00, 0x00, 0x00,
    0x00, 0x00, 0x00, 0x00, 0x00, 0x00, 0x00, 0x00, 0x00, 0x00, 0x00, 0x00, 0x00, 0x00, 0x00, 0x00,
    0x00, 0x00, 0x00, 0x00, 0x00, 0x00, 0x00, 0x00, 0x00, 0x00, 0x00, 0x00, 0x00, 0x00, 0x00, 0x00,
    0x00, 0x00, 0x00, 0x00, 0x00, 0x00, 0x00, 0x00, 0x00, 0x00, 0x00, 0x00, 0x00, 0x00, 0x00, 0x00,
    0x0f, 0xff, 0xfe, 0x00, 0x0f, 0xff, 0xff, 0x80, 0x0f, 0xff, 0xff, 0xc0, 0x0f, 0xff, 0xff, 0xe0,
    0x0f, 0x00, 0x03, 0xe0, 0x0f, 0x00, 0x01, 0xf0, 0x0f, 0x00, 0x00, 0xf0, 0x0f, 0x00, 0x00, 0xf0,
    0x0f, 0x00, 0x00, 0xf0, 0x0f, 0x00, 0x00, 0xf0, 0x0f, 0x00, 0x00, 0xf0, 0x0f, 0x00, 0x00, 0xf0,
    0x0f, 0x00, 0x00, 0xf0, 0x0f, 0x00, 0x00, 0xf0, 0x0f, 0x00, 0x00, 0xf0, 0x0f, 0x00, 0x00, 0xf0,
    0x0f, 0x00, 0x00, 0xf0, 0x0f, 0x00, 0x00, 0xf0, 0x0f, 0x00, 0x00, 0xf0, 0x0f, 0x00, 0x00, 0xf0,
    0x0f, 0x00, 0x00, 0xf0, 0x0f, 0x00, 0x00, 0xf0, 0x0f, 0x00, 0x00, 0xf0, 0x0f, 0x00, 0x00, 0xf0,
    0x0f, 0x00, 0x00, 0xf0, 0x0f, 0x00, 0x00, 0xf0, 0x0f, 0x00, 0x00, 0xf0, 0x0f, 0x00, 0x00, 0xf0,
    0x00, 0x00, 0x00, 0x00, 0x00, 0x00, 0x00, 0x00, 0x00, 0x00, 0x00, 0x00, 0x00, 0x00, 0x00, 0x00,
    0x00, 0x00, 0x00, 0x00, 0x00, 0x00, 0x00, 0x00, 0x00, 0x00, 0x00, 0x00, 0x00, 0x00, 0x00, 0x00,
    0x00, 0x00, 0x00, 0x00, 0x00, 0x00, 0x00, 0x00, 0x00, 0x00, 0x00, 0x00, 0x00, 0x00, 0x00, 0x00,
    0x00, 0x00, 0x00, 0x00, 0x00, 0x00, 0x00, 0x00, 0x00, 0x00, 0x00, 0x00, 0x00, 0x00, 0x00, 0x00,
    0x00, 0x00, 0x00, 0x00, 0x00, 0x00, 0x00, 0x00, 0x00, 0x00, 0x00, 0x00, 0x00, 0x00, 0x00, 0x00,
    0x00, 0x00, 0x00, 0x00, 0x00, 0x00, 0x00, 0x00, 0x00, 0x00, 0x00, 0x00, 0x00, 0x00, 0x00, 0x00,
    0x00, 0x00, 0x00, 0x00, 0x00, 0x00, 0x00, 0x00, 0x00, 0x00, 0x00, 0x00, 0x00, 0x00, 0x00, 0x00,
    0x00, 0x00, 0x00, 0x00, 0x00, 0x00, 0x00, 0x00, 0x00, 0x00, 0x00, 0x00, 0x00, 0x00, 0x00, 0x00,
    0x00, 0x00, 0x00, 0x00, 0x00, 0x00, 0x00, 0x00, 0x00, 0x00, 0x00, 0x00, 0x00, 0x00, 0x00, 0x00,
    0x00, 0x7f, 0xfe, 0x00, 0x01, 0xff, 0xff, 0x80, 0x03, 0xff, 0xff, 0xc0, 0x07, 0xff, 0xff, 0xe0,
    0x07, 0xc0, 0x03, 0xe0, 0x0f, 0x80, 0x01, 0xf0, 0x0f, 0x00, 0x00, 0xf0, 0x0f, 0x00, 0x00, 0xf0,
    0x0f, 0x00, 0x00, 0xf0, 0x0f, 0x00, 0x00, 0xf0, 0x0f, 0x00, 0x00, 0xf0, 0x0f, 0x00, 0x00, 0xf0,
    0x0f, 0x00, 0x00, 0xf0, 0x0f, 0x00, 0x00, 0xf0, 0x0f, 0x00, 0x00, 0xf0, 0x0f, 0x00, 0x00, 0xf0,
    0x0f, 0x00, 0x00, 0xf0, 0x0f, 0x00, 0x00, 0xf0, 0x0f, 0x00, 0x00, 0xf0, 0x0f, 0x00, 0x00, 0xf0,
    0x0f, 0x00, 0x00, 0xf0, 0x0f, 0x00, 0x00, 0xf0, 0x0f, 0x80, 0x01, 0xf0, 0x07, 0xc0, 0x03, 0xe0,
    0x07, 0xff, 0xff, 0xe0, 0x03, 0xff, 0xff, 0xc0, 0x01, 0xff, 0xff, 0x80, 0x00, 0x7f, 0xfe, 0x00,
    0x00, 0x00, 0x00, 0x00, 0x00, 0x00, 0x00, 0x00, 0x00, 0x00, 0x00, 0x00, 0x00, 0x00, 0x00, 0x00,
    0x00, 0x00, 0x00, 0x00, 0x00, 0x00, 0x00, 0x00, 0x00, 0x00, 0x00, 0x00, 0x00, 0x00, 0x00, 0x00,
    0x00, 0x00, 0x00, 0x00, 0x00, 0x00, 0x00, 0x00, 0x00, 0x00, 0x00, 0x00, 0x00, 0x00, 0x00, 0x00,
    0x00, 0x00, 0x00, 0x00, 0x00, 0x00, 0x00, 0x00, 0x00, 0x00, 0x00, 0x00, 0x00, 0x00, 0x00, 0x00,
    0x00, 0x00, 0x00, 0x00, 0x00, 0x00, 0x00, 0x00, 0x00, 0x00, 0x00, 0x00, 0x00, 0x00, 0x00, 0x00,
    0x00, 0x00, 0x00, 0x00, 0x00, 0x00, 0x00, 0x00, 0x00, 0x00, 0x00, 0x00, 0x00, 0x00, 0x00, 0x00,
    0x00, 0x00, 0x00, 0x00, 0x00, 0x00, 0x00, 0x00, 0x00, 0x00, 0x00, 0x00, 0x00, 0x00, 0x00, 0x00,
    0x00, 0x00, 0x00, 0x00, 0x00, 0x00, 0x00, 0x00, 0x00, 0x00, 0x00, 0x00, 0x00, 0x00, 0x00, 0x00,
    0x00, 0x00, 0x00, 0x00, 0x00, 0x00, 0x00, 0x00, 0x00, 0x00, 0x00, 0x00, 0x00, 0x00, 0x00, 0x00,
    0x0f, 0xff, 0xfe, 0x00, 0x0f, 0xff, 0xff, 0x80, 0x0f, 0xff, 0xff, 0xc0, 0x0f, 0xff, 0xff, 0xe0,
    0x0f, 0x00, 0x03, 0xe0, 0x0f, 0x00, 0x01, 0xf0, 0x0f, 0x00, 0x00, 0xf0, 0x0f, 0x00, 0x00, 0xf0,
    0x0f, 0x00, 0x00, 0xf0, 0x0f, 0x00, 0x00, 0xf0, 0x0f, 0x00, 0x00, 0xf0, 0x0f, 0x00, 0x00, 0xf0,
    0x0f, 0x00, 0x00, 0xf0, 0x0f, 0x00, 0x00, 0xf0, 0x0f, 0x00, 0x00, 0xf0, 0x0f, 0x00, 0x00, 0xf0,
    0x0f, 0x00, 0x00, 0xf0, 0x0f, 0x00, 0x00, 0xf0, 0x0f, 0x00, 0x00, 0xf0, 0x0f, 0x00, 0x00, 0xf0,
    0x0f, 0x00, 0x00, 0xf0, 0x0f, 0x00, 0x00, 0xf0, 0x0f, 0x00, 0x01, 0xf0, 0x0f, 0x00, 0x03, 0xe0,
    0x0f, 0xff, 0xff, 0xe0, 0x0f, 0xff, 0xff, 0xc0, 0x0f, 0xff, 0xff, 0x80, 0x0f, 0xff, 0xfe, 0x00,
    0x0f, 0x00, 0x00, 0x00, 0x0f, 0x00, 0x00, 0x00, 0x0f, 0x00, 0x00, 0x00, 0x0f, 0x00, 0x00, 0x00,
    0x0f, 0x00, 0x00, 0x00, 0x0f, 0x00, 0x00, 0x00, 0x0f, 0x00, 0x00, 0x00, 0x0f, 0x00, 0x00, 0x00,
    0x0f, 0x00, 0x00, 0x00, 0x0f, 0x00, 0x00, 0x00, 0x0f, 0x00, 0x00, 0x00, 0x0f, 0x00, 0x00, 0x00,
    0x00, 0x00, 0x00, 0x00, 0x00, 0x00, 0x00, 0x00, 0x00, 0x00, 0x00, 0x00, 0x00, 0x00, 0x00, 0x00,
    0x00, 0x00, 0x00, 0x00, 0x00, 0x00, 0x00, 0x00, 0x00, 0x00, 0x00, 0x00, 0x00, 0x00, 0x00, 0x00,
    0x00, 0x00, 0x00, 0x00, 0x00, 0x00, 0x00, 0x00, 0x00, 0x00, 0x00, 0x00, 0x00, 0x00, 0x00, 0x00,
    0x00, 0x00, 0x00, 0x00, 0x00, 0x00, 0x00, 0x00, 0x00, 0x00, 0x00, 0x00, 0x00, 0x00, 0x00, 0x00,
    0x00, 0x00, 0x00, 0x00, 0x00, 0x00, 0x00, 0x00, 0x00, 0x00, 0x00, 0x00, 0x00, 0x00, 0x00, 0x00,
    0x00, 0x00, 0x00, 0x00, 0x00, 0x00, 0x00, 0x00, 0x00, 0x00, 0x00, 0x00, 0x00, 0x00, 0x00, 0x00,
    0x00, 0x7f, 0xff, 0xf0, 0x01, 0xff, 0xff, 0xf0, 0x03, 0xff, 0xff, 0xf0, 0x07, 0xff, 0xff, 0xf0,
    0x07, 0xc0, 0x00, 0xf0, 0x0f, 0x80, 0x00, 0xf0, 0x0f, 0x00, 0x00, 0xf0, 0x0f, 0x00, 0x00, 0xf0,
    0x0f, 0x00, 0x00, 0xf0, 0x0f, 0x00, 0x00, 0xf0, 0x0f, 0x00, 0x00, 0xf0, 0x0f, 0x00, 0x00, 0xf0,
    0x0f, 0x00, 0x00, 0xf0, 0x0f, 0x00, 0x00, 0xf0, 0x0f, 0x00, 0x00, 0xf0, 0x0f, 0x00, 0x00, 0xf0,
    0x0f, 0x00, 0x00, 0xf0, 0x0f, 0x00, 0x00, 0xf0, 0x0f, 0x00, 0x00, 0xf0, 0x0f, 0x00, 0x00, 0xf0,
    0x0f, 0x00, 0x00, 0xf0, 0x0f, 0x00, 0x00, 0xf0, 0x0f, 0x80, 0x00, 0xf0, 0x07, 0xc0, 0x00, 0xf0,
    0x07, 0xff, 0xff, 0xf0, 0x03, 0xff, 0xff, 0xf0, 0x01, 0xff, 0xff, 0xf0, 0x00, 0x7f, 0xff, 0xf0,
    0x00, 0x00, 0x00, 0xf0, 0x00, 0x00, 0x00, 0xf0, 0x00, 0x00, 0x00, 0xf0, 0x00, 0x00, 0x00, 0xf0,
    0x00, 0x00, 0x00, 0xf0, 0x00, 0x00, 0x00, 0xf0, 0x00, 0x00, 0x00, 0xf0, 0x00, 0x00, 0x00, 0xf0,
    0x00, 0x00, 0x00, 0xf0, 0x00, 0x00, 0x00, 0xf0, 0x00, 0x00, 0x00, 0xf0, 0x00, 0x00, 0x00, 0xf0,
    0x00, 0x00, 0x00, 0x00, 0x00, 0x00, 0x00, 0x00, 0x00, 0x00, 0x00, 0x00, 0x00, 0x00, 0x00, 0x00,
    0x00, 0x00, 0x00, 0x00, 0x00, 0x00, 0x00, 0x00, 0x00, 0x00, 0x00, 0x00, 0x00, 0x00, 0x00, 0x00,
    0x00, 0x00, 0x00, 0x00, 0x00, 0x00, 0x00, 0x00, 0x00, 0x00, 0x00, 0x00, 0x00, 0x00, 0x00, 0x00,
    0x00, 0x00, 0x00, 0x00, 0x00, 0x00, 0x00, 0x00, 0x00, 0x00, 0x00, 0x00, 0x00, 0x00, 0x00, 0x00,
    0x00, 0x00, 0x00, 0x00, 0x00, 0x00, 0x00, 0x00, 0x00, 0x00, 0x00, 0x00, 0x00, 0x00, 0x00, 0x00,
    0x00, 0x00, 0x00, 0x00, 0x00, 0x00, 0x00, 0x00, 0x00, 0x00, 0x00, 0x00, 0x00, 0x00, 0x00, 0x00,
    0x00, 0x7f, 0xff, 0xf0, 0x01, 0xff, 0xff, 0xf0, 0x03, 0xff, 0xff, 0xf0, 0x07, 0xff, 0xff, 0xf0,
    0x07, 0xc0, 0x00, 0xf0, 0x0f, 0x80, 0x00, 0xf0, 0x0f, 0x00, 0x00, 0xf0, 0x0f, 0x00, 0x00, 0xf0,
    0x0f, 0x00, 0x00, 0x00, 0x0f, 0x00, 0x00, 0x00, 0x0f, 0x00, 0x00, 0x00, 0x0f, 0x00, 0x00, 0x00,
    0x0f, 0x00, 0x00, 0x00, 0x0f, 0x00, 0x00, 0x00, 0x0f, 0x00, 0x00, 0x00, 0x0f, 0x00, 0x00, 0x00,
    0x0f, 0x00, 0x00, 0x00, 0x0f, 0x00, 0x00, 0x00, 0x0f, 0x00, 0x00, 0x00, 0x0f, 0x00, 0x00, 0x00,
    0x0f, 0x00, 0x00, 0x00, 0x0f, 0x00, 0x00, 0x00, 0x0f, 0x00, 0x00, 0x00, 0x0f, 0x00, 0x00, 0x00,
    0x0f, 0x00, 0x00, 0x00, 0x0f, 0x00, 0x00, 0x00, 0x0f, 0x00, 0x00, 0x00, 0x0f, 0x00, 0x00, 0x00,
    0x00, 0x00, 0x00, 0x00, 0x00, 0x00, 0x00, 0x00, 0x00, 0x00, 0x00, 0x00, 0x00, 0x00, 0x00, 0x00,
    0x00, 0x00, 0x00, 0x00, 0x00, 0x00, 0x00, 0x00, 0x00, 0x00, 0x00, 0x00, 0x00, 0x00, 0x00, 0x00,
    0x00, 0x00, 0x00, 0x00, 0x00, 0x00, 0x00, 0x00, 0x00, 0x00, 0x00, 0x00, 0x00, 0x00, 0x00, 0x00,
    0x00, 0x00, 0x00, 0x00, 0x00, 0x00, 0x00, 0x00, 0x00, 0x00, 0x00, 0x00, 0x00, 0x00, 0x00, 0x00,
    0x00, 0x00, 0x00, 0x00, 0x00, 0x00, 0x00, 0x00, 0x00, 0x00, 0x00, 0x00, 0x00, 0x00, 0x00, 0x00,
    0x00, 0x00, 0x00, 0x00, 0x00, 0x00, 0x00, 0x00, 0x00, 0x00, 0x00, 0x00, 0x00, 0x00, 0x00, 0x00,
    0x00, 0x00, 0x00, 0x00, 0x00, 0x00, 0x00, 0x00, 0x00, 0x00, 0x00, 0x00, 0x00, 0x00, 0x00, 0x00,
    0x00, 0x00, 0x00, 0x00, 0x00, 0x00, 0x00, 0x00, 0x00, 0x00, 0x00, 0x00, 0x00, 0x00, 0x00, 0x00,
    0x00, 0x00, 0x00, 0x00, 0x00, 0x00, 0x00, 0x00, 0x00, 0x00, 0x00, 0x00, 0x00, 0x00, 0x00, 0x00,
    0x00, 0x7f, 0xff, 0xf0, 0x01, 0xff, 0xff, 0xf0, 0x03, 0xff, 0xff, 0xf0, 0x07, 0xff, 0xff, 0xf0,
    0x07, 0xc0, 0x00, 0x00, 0x0f, 0x80, 0x00, 0x00, 0x0f, 0x00, 0x00, 0x00, 0x0f, 0x00, 0x00, 0x00,
    0x0f, 0x00, 0x00, 0x00, 0x0f, 0x00, 0x00, 0x00, 0x0f, 0x80, 0x00, 0x00, 0x07, 0xc0, 0x00, 0x00,
    0x07, 0xff, 0xfe, 0x00, 0x03, 0xff, 0xff, 0x80, 0x01, 0xff, 0xff, 0xc0, 0x00, 0x7f, 0xff, 0xe0,
    0x00, 0x00, 0x03, 0xe0, 0x00, 0x00, 0x01, 0xf0, 0x00, 0x00, 0x00, 0xf0, 0x00, 0x00, 0x00, 0xf0,
    0x00, 0x00, 0x00, 0xf0, 0x00, 0x00, 0x00, 0xf0, 0x00, 0x00, 0x01, 0xf0, 0x00, 0x00, 0x03, 0xe0,
    0x0f, 0xff, 0xff, 0xe0, 0x0f, 0xff, 0xff, 0xc0, 0x0f, 0xff, 0xff, 0x80, 0x0f, 0xff, 0xfe, 0x00,
    0x00, 0x00, 0x00, 0x00, 0x00, 0x00, 0x00, 0x00, 0x00, 0x00, 0x00, 0x00, 0x00, 0x00, 0x00, 0x00,
    0x00, 0x00, 0x00, 0x00, 0x00, 0x00, 0x00, 0x00, 0x00, 0x00, 0x00, 0x00, 0x00, 0x00, 0x00, 0x00,
    0x00, 0x00, 0x00, 0x00, 0x00, 0x00, 0x00, 0x00, 0x00, 0x00, 0x00, 0x00, 0x00, 0x00, 0x00, 0x00,
    0x00, 0x00, 0x00, 0x00, 0x00, 0x00, 0x00, 0x00, 0x00, 0x00, 0x00, 0x00, 0x00, 0x00, 0x00, 0x00,
    0x00, 0x00, 0x00, 0x00, 0x00, 0x00, 0x00, 0x00, 0x00, 0x00, 0x00, 0x00, 0x00, 0x00, 0x00, 0x00,
    0x00, 0x00, 0x00, 0x00, 0x00, 0x00, 0x00, 0x00, 0x00, 0x00, 0x00, 0x00, 0x00, 0x00, 0x00, 0x00,
    0x00, 0x3c, 0x00, 0x00, 0x00, 0x3c, 0x00, 0x00, 0x00, 0x3c, 0x00, 0x00, 0x00, 0x3c, 0x00, 0x00,
    0x00, 0x3c, 0x00, 0x00, 0x00, 0x3c, 0x00, 0x00, 0x00, 0x3c, 0x00, 0x00, 0x00, 0x3c, 0x00, 0x00,
    0x00, 0x3c, 0x00, 0x00, 0x00, 0x3c, 0x00, 0x00, 0x00, 0x3c, 0x00, 0x00, 0x00, 0x3c, 0x00, 0x00,
    0x03, 0xff, 0xfc, 0x00, 0x03, 0xff, 0xfc, 0x00, 0x03, 0xff, 0xfc, 0x00, 0x03, 0xff, 0xfc, 0x00,
    0x00, 0x3c, 0x00, 0x00, 0x00, 0x3c, 0x00, 0x00, 0x00, 0x3c, 0x00, 0x00, 0x00, 0x3c, 0x00, 0x00,
    0x00, 0x3c, 0x00, 0x00, 0x00, 0x3c, 0x00, 0x00, 0x00, 0x3c, 0x00, 0x00, 0x00, 0x3c, 0x00, 0x00,
    0x00, 0x3c, 0x00, 0x00, 0x00, 0x3c, 0x00, 0x00, 0x00, 0x3c, 0x00, 0x00, 0x00, 0x3c, 0x00, 0x00,
    0x00, 0x3c, 0x00, 0x00, 0x00, 0x3c, 0x00, 0x00, 0x00, 0x3c, 0x00, 0x00, 0x00, 0x3c, 0x00, 0x00,
    0x00, 0x3c, 0x00, 0x00, 0x00, 0x3c, 0x00, 0x00, 0x00, 0x3e, 0x00, 0x00, 0x00, 0x1f, 0x00, 0x00,
    0x00, 0x1f, 0xff, 0xc0, 0x00, 0x0f, 0xff, 0xc0, 0x00, 0x07, 0xff, 0xc0, 0x00, 0x01, 0xff, 0xc0,
    0x00, 0x00, 0x00, 0x00, 0x00, 0x00, 0x00, 0x00, 0x00, 0x00, 0x00, 0x00, 0x00, 0x00, 0x00, 0x00,
    0x00, 0x00, 0x00, 0x00, 0x00, 0x00, 0x00, 0x00, 0x00, 0x00, 0x00, 0x00, 0x00, 0x00, 0x00, 0x00,
    0x00, 0x00, 0x00, 0x00, 0x00, 0x00, 0x00, 0x00, 0x00, 0x00, 0x00, 0x00, 0x00, 0x00, 0x00, 0x00,
    0x00, 0x00, 0x00, 0x00, 0x00, 0x00, 0x00, 0x00, 0x00, 0x00, 0x00, 0x00, 0x00, 0x00, 0x00, 0x00,
    0x00, 0x00, 0x00, 0x00, 0x00, 0x00, 0x00, 0x00, 0x00, 0x00, 0x00, 0x00, 0x00, 0x00, 0x00, 0x00,
    0x00, 0x00, 0x00, 0x00, 0x00, 0x00, 0x00, 0x00, 0x00, 0x00, 0x00, 0x00, 0x00, 0x00, 0x00, 0x00,
    0x00, 0x00, 0x00, 0x00, 0x00, 0x00, 0x00, 0x00, 0x00, 0x00, 0x00, 0x00, 0x00, 0x00, 0x00, 0x00,
    0x00, 0x00, 0x00, 0x00, 0x00, 0x00, 0x00, 0x00, 0x00, 0x00, 0x00, 0x00, 0x00, 0x00, 0x00, 0x00,
    0x00, 0x00, 0x00, 0x00, 0x00, 0x00, 0x00, 0x00, 0x00, 0x00, 0x00, 0x00, 0x00, 0x00, 0x00, 0x00,
    0x0f, 0x00, 0x00, 0xf0, 0x0f, 0x00, 0x00, 0xf0, 0x0f, 0x00, 0x00, 0xf0, 0x0f, 0x00, 0x00, 0xf0,
    0x0f, 0x00, 0x00, 0xf0, 0x0f, 0x00, 0x00, 0xf0, 0x0f, 0x00, 0x00, 0xf0, 0x0f, 0x00, 0x00, 0xf0,
    0x0f, 0x00, 0x00, 0xf0, 0x0f, 0x00, 0x00, 0xf0, 0x0f, 0x00, 0x00, 0xf0, 0x0f, 0x00, 0x00, 0xf0,
    0x0f, 0x00, 0x00, 0xf0, 0x0f, 0x00, 0x00, 0xf0, 0x0f, 0x00, 0x00, 0xf0, 0x0f, 0x00, 0x00, 0xf0,
    0x0f, 0x00, 0x00, 0xf0, 0x0f, 0x00, 0x00, 0xf0, 0x0f, 0x00, 0x00, 0xf0, 0x0f, 0x00, 0x00, 0xf0,
    0x0f, 0x00, 0x00, 0xf0, 0x0f, 0x00, 0x00, 0xf0, 0x0f, 0x80, 0x00, 0xf0, 0x07, 0xc0, 0x00, 0xf0,
    0x07, 0xff, 0xff, 0xf0, 0x03, 0xff, 0xff, 0xf0, 0x01, 0xff, 0xff, 0xf0, 0x00, 0x7f, 0xff, 0xf0,
    0x00, 0x00, 0x00, 0x00, 0x00, 0x00, 0x00, 0x00, 0x00, 0x00, 0x00, 0x00, 0x00, 0x00, 0x00, 0x00,
    0x00, 0x00, 0x00, 0x00, 0x00, 0x00, 0x00, 0x00, 0x00, 0x00, 0x00, 0x00, 0x00, 0x00, 0x00, 0x00,
    0x00, 0x00, 0x00, 0x00, 0x00, 0x00, 0x00, 0x00, 0x00, 0x00, 0x00, 0x00, 0x00, 0x00, 0x00, 0x00,
    0x00, 0x00, 0x00, 0x00, 0x00, 0x00, 0x00, 0x00, 0x00, 0x00, 0x00, 0x00, 0x00, 0x00, 0x00, 0x00,
    0x00, 0x00, 0x00, 0x00, 0x00, 0x00, 0x00, 0x00, 0x00, 0x00, 0x00, 0x00, 0x00, 0x00, 0x00, 0x00,
    0x00, 0x00, 0x00, 0x00, 0x00, 0x00, 0x00, 0x00, 0x00, 0x00, 0x00, 0x00, 0x00, 0x00, 0x00, 0x00,
    0x00, 0x00, 0x00, 0x00, 0x00, 0x00, 0x00, 0x00, 0x00, 0x00, 0x00, 0x00, 0x00, 0x00, 0x00, 0x00,
    0x00, 0x00, 0x00, 0x00, 0x00, 0x00, 0x00, 0x00, 0x00, 0x00, 0x00, 0x00, 0x00, 0x00, 0x00, 0x00,
    0x00, 0x00, 0x00, 0x00, 0x00, 0x00, 0x00, 0x00, 0x00, 0x00, 0x00, 0x00, 0x00, 0x00, 0x00, 0x00,
    0x0f, 0x00, 0x00, 0xf0, 0x0f, 0x00, 0x00, 0xf0, 0x0f, 0x00, 0x00, 0xf0, 0x0f, 0x00, 0x00, 0xf0,
    0x0f, 0x00, 0x00, 0xf0, 0x0f, 0x00, 0x00, 0xf0, 0x0f, 0x00, 0x00, 0xf0, 0x0f, 0x00, 0x00, 0xf0,
    0x0f, 0x00, 0x00, 0xf0, 0x0f, 0x00, 0x00, 0xf0, 0x0f, 0x00, 0x00, 0xf0, 0x0f, 0x00, 0x00, 0xf0,
    0x0f, 0x00, 0x00, 0xf0, 0x0f, 0x00, 0x00, 0xf0, 0x0f, 0x00, 0x00, 0xf0, 0x0f, 0x00, 0x00, 0xf0,
    0x0f, 0x00, 0x00, 0xf0, 0x0f, 0x80, 0x01, 0xf0, 0x07, 0xc0, 0x03, 0xe0, 0x03, 0xe0, 0x07, 0xc0,
    0x01, 0xf0, 0x0f, 0x80, 0x00, 0xf8, 0x1f, 0x00, 0x00, 0x7c, 0x3e, 0x00, 0x00, 0x3e, 0x7c, 0x00,
    0x00, 0x1f, 0xf8, 0x00, 0x00, 0x0f, 0xf0, 0x00, 0x00, 0x07, 0xe0, 0x00, 0x00, 0x03, 0xc0, 0x00,
    0x00, 0x00, 0x00, 0x00, 0x00, 0x00, 0x00, 0x00, 0x00, 0x00, 0x00, 0x00, 0x00, 0x00, 0x00, 0x00,
    0x00, 0x00, 0x00, 0x00, 0x00, 0x00, 0x00, 0x00, 0x00, 0x00, 0x00, 0x00, 0x00, 0x00, 0x00, 0x00,
    0x00, 0x00, 0x00, 0x00, 0x00, 0x00, 0x00, 0x00, 0x00, 0x00, 0x00, 0x00, 0x00, 0x00, 0x00, 0x00,
    0x00, 0x00, 0x00, 0x00, 0x00, 0x00, 0x00, 0x00, 0x00, 0x00, 0x00, 0x00, 0x00, 0x00, 0x00, 0x00,
    0x00, 0x00, 0x00, 0x00, 0x00, 0x00, 0x00, 0x00, 0x00, 0x00, 0x00, 0x00, 0x00, 0x00, 0x00, 0x00,
    0x00, 0x00, 0x00, 0x00, 0x00, 0x00, 0x00, 0x00, 0x00, 0x00, 0x00, 0x00, 0x00, 0x00, 0x00, 0x00,
    0x00, 0x00, 0x00, 0x00, 0x00, 0x00, 0x00, 0x00, 0x00, 0x00, 0x00, 0x00, 0x00, 0x00, 0x00, 0x00,
    0x00, 0x00, 0x00, 0x00, 0x00, 0x00, 0x00, 0x00, 0x00, 0x00, 0x00, 0x00, 0x00, 0x00, 0x00, 0x00,
    0x00, 0x00, 0x00, 0x00, 0x00, 0x00, 0x00, 0x00, 0x00, 0x00, 0x00, 0x00, 0x00, 0x00, 0x00, 0x00,
    0x0f, 0x00, 0x00, 0xf0, 0x0f, 0x00, 0x00, 0xf0, 0x0f, 0x00, 0x00, 0xf0, 0x0f, 0x00, 0x00, 0xf0,
    0x0f, 0x00, 0x00, 0xf0, 0x0f, 0x00, 0x00, 0xf0, 0x0f, 0x00, 0x00, 0xf0, 0x0f, 0x00, 0x00, 0xf0,
    0x0f, 0x03, 0xc0, 0xf0, 0x0f, 0x03, 0xc0, 0xf0, 0x0f, 0x03, 0xc0, 0xf0, 0x0f, 0x03, 0xc0, 0xf0,
    0x0f, 0x03, 0xc0, 0xf0, 0x0f, 0x03, 0xc0, 0xf0, 0x0f, 0x03, 0xc0, 0xf0, 0x0f, 0x03, 0xc0, 0xf0,
    0x0f, 0x03, 0xc0, 0xf0, 0x0f, 0x03, 0xc0, 0xf0, 0x0f, 0x03, 0xc0, 0xf0, 0x0f, 0x03, 0xc0, 0xf0,
    0x0f, 0x03, 0xc0, 0xf0, 0x0f, 0x03, 0xc0, 0xf0, 0x0f, 0x83, 0xc0, 0xf0, 0x07, 0xc3, 0xc0, 0xf0,
    0x07, 0xfc, 0x3f, 0xf0, 0x03, 0xfc, 0x3f, 0xf0, 0x01, 0xfc, 0x3f, 0xf0, 0x00, 0x7c, 0x3f, 0xf0,
    0x00, 0x00, 0x00, 0x00, 0x00, 0x00, 0x00, 0x00, 0x00, 0x00, 0x00, 0x00, 0x00, 0x00, 0x00, 0x00,
    0x00, 0x00, 0x00, 0x00, 0x00, 0x00, 0x00, 0x00, 0x00, 0x00, 0x00, 0x00, 0x00, 0x00, 0x00, 0x00,
    0x00, 0x00, 0x00, 0x00, 0x00, 0x00, 0x00, 0x00, 0x00, 0x00, 0x00, 0x00, 0x00, 0x00, 0x00, 0x00,
    0x00, 0x00, 0x00, 0x00, 0x00, 0x00, 0x00, 0x00, 0x00, 0x00, 0x00, 0x00, 0x00, 0x00, 0x00, 0x00,
    0x00, 0x00, 0x00, 0x00, 0x00, 0x00, 0x00, 0x00, 0x00, 0x00, 0x00, 0x00, 0x00, 0x00, 0x00, 0x00,
    0x00, 0x00, 0x00, 0x00, 0x00, 0x00, 0x00, 0x00, 0x00, 0x00, 0x00, 0x00, 0x00, 0x00, 0x00, 0x00,
    0x00, 0x00, 0x00, 0x00, 0x00, 0x00, 0x00, 0x00, 0x00, 0x00, 0x00, 0x00, 0x00, 0x00, 0x00, 0x00,
    0x00, 0x00, 0x00, 0x00, 0x00, 0x00, 0x00, 0x00, 0x00, 0x00, 0x00, 0x00, 0x00, 0x00, 0x00, 0x00,
    0x00, 0x00, 0x00, 0x00, 0x00, 0x00, 0x00, 0x00, 0x00, 0x00, 0x00, 0x00, 0x00, 0x00, 0x00, 0x00,
    0x0f, 0x00, 0x00, 0xf0, 0x0f, 0x00, 0x00, 0xf0, 0x0f, 0x00, 0x00, 0xf0, 0x0f, 0x80, 0x01, 0xf0,
    0x07, 0xc0, 0x03, 0xe0, 0x03, 0xe0, 0x07, 0xc0, 0x01, 0xf0, 0x0f, 0x80, 0x00, 0xf8, 0x1f, 0x00,
    0x00, 0x7c, 0x3e, 0x00, 0x00, 0x3e, 0x7c, 0x00, 0x00, 0x1f, 0xf8, 0x00, 0x00, 0x0f, 0xf0, 0x00,
    0x00, 0x0f, 0xf0, 0x00, 0x00, 0x1f, 0xf8, 0x00, 0x00, 0x3e, 0x7c, 0x00, 0x00, 0x7c, 0x3e, 0x00,
    0x00, 0xf8, 0x1f, 0x00, 0x01, 0xf0, 0x0f, 0x80, 0x03, 0xe0, 0x07, 0xc0, 0x03, 0xc0, 0x03, 0xc0,
    0x07, 0xc0, 0x03, 0xe0, 0x07, 0xc0, 0x03, 0xe0, 0x0f, 0x80, 0x01, 0xf0, 0x0f, 0x80, 0x01, 0xf0,
    0x0f, 0x00, 0x00, 0xf0, 0x0f, 0x00, 0x00, 0xf0, 0x0f, 0x00, 0x00, 0xf0, 0x0f, 0x00, 0x00, 0xf0,
    0x00, 0x00, 0x00, 0x00, 0x00, 0x00, 0x00, 0x00, 0x00, 0x00, 0x00, 0x00, 0x00, 0x00, 0x00, 0x00,
    0x00, 0x00, 0x00, 0x00, 0x00, 0x00, 0x00, 0x00, 0x00, 0x00, 0x00, 0x00, 0x00, 0x00, 0x00, 0x00,
    0x00, 0x00, 0x00, 0x00, 0x00, 0x00, 0x00, 0x00, 0x00, 0x00, 0x00, 0x00, 0x00, 0x00, 0x00, 0x00,
    0x00, 0x00, 0x00, 0x00, 0x00, 0x00, 0x00, 0x00, 0x00, 0x00, 0x00, 0x00, 0x00, 0x00, 0x00, 0x00,
    0x00, 0x00, 0x00, 0x00, 0x00, 0x00, 0x00, 0x00, 0x00, 0x00, 0x00, 0x00, 0x00, 0x00, 0x00, 0x00,
    0x00, 0x00, 0x00, 0x00, 0x00, 0x00, 0x00, 0x00, 0x00, 0x00, 0x00, 0x00, 0x00, 0x00, 0x00, 0x00,
    0x00, 0x00, 0x00, 0x00, 0x00, 0x00, 0x00, 0x00, 0x00, 0x00, 0x00, 0x00, 0x00, 0x00, 0x00, 0x00,
    0x00, 0x00, 0x00, 0x00, 0x00, 0x00, 0x00, 0x00, 0x00, 0x00, 0x00, 0x00, 0x00, 0x00, 0x00, 0x00,
    0x00, 0x00, 0x00, 0x00, 0x00, 0x00, 0x00, 0x00, 0x00, 0x00, 0x00, 0x00, 0x00, 0x00, 0x00, 0x00,
    0x0f, 0x00, 0x00, 0xf0, 0x0f, 0x00, 0x00, 0xf0, 0x0f, 0x00, 0x00, 0xf0, 0x0f, 0x00, 0x00, 0xf0,
    0x0f, 0x00, 0x00, 0xf0, 0x0f, 0x00, 0x00, 0xf0, 0x0f, 0x00, 0x00, 0xf0, 0x0f, 0x00, 0x00, 0xf0,
    0x0f, 0x00, 0x00, 0xf0, 0x0f, 0x00, 0x00, 0xf0, 0x0f, 0x00, 0x00, 0xf0, 0x0f, 0x00, 0x00, 0xf0,
    0x0f, 0x00, 0x00, 0xf0, 0x0f, 0x00, 0x00, 0xf0, 0x0f, 0x00, 0x00, 0xf0, 0x0f, 0x00, 0x00, 0xf0,
    0x0f, 0x00, 0x00, 0xf0, 0x0f, 0x00, 0x00, 0xf0, 0x0f, 0x00, 0x00, 0xf0, 0x0f, 0x00, 0x00, 0xf0,
    0x0f, 0x00, 0x00, 0xf0, 0x0f, 0x00, 0x00, 0xf0, 0x0f, 0x80, 0x00, 0xf0, 0x07, 0xc0, 0x00, 0xf0,
    0x07, 0xff, 0xff, 0xf0, 0x03, 0xff, 0xff, 0xf0, 0x01, 0xff, 0xff, 0xf0, 0x00, 0x7f, 0xff, 0xf0,
    0x00, 0x00, 0x00, 0xf0, 0x00, 0x00, 0x00, 0xf0, 0x00, 0x00, 0x00, 0xf0, 0x00, 0x00, 0x00, 0xf0,
    0x00, 0x00, 0x00, 0xf0, 0x00, 0x00, 0x00, 0xf0, 0x00, 0x00, 0x01, 0xf0, 0x00, 0x00, 0x03, 0xe0,
    0x0f, 0xff, 0xff, 0xe0, 0x0f, 0xff, 0xff, 0xc0, 0x0f, 0xff, 0xff, 0x80, 0x0f, 0xff, 0xfe, 0x00,
    0x00, 0x00, 0x00, 0x00, 0x00, 0x00, 0x00, 0x00, 0x00, 0x00, 0x00, 0x00, 0x00, 0x00, 0x00, 0x00,
    0x00, 0x00, 0x00, 0x00, 0x00, 0x00, 0x00, 0x00, 0x00, 0x00, 0x00, 0x00, 0x00, 0x00, 0x00, 0x00,
    0x00, 0x00, 0x00, 0x00, 0x00, 0x00, 0x00, 0x00, 0x00, 0x00, 0x00, 0x00, 0x00, 0x00, 0x00, 0x00,
    0x00, 0x00, 0x00, 0x00, 0x00, 0x00, 0x00, 0x00, 0x00, 0x00, 0x00, 0x00, 0x00, 0x00, 0x00, 0x00,
    0x00, 0x00, 0x00, 0x00, 0x00, 0x00, 0x00, 0x00, 0x00, 0x00, 0x00, 0x00, 0x00, 0x00, 0x00, 0x00,
    0x00, 0x00, 0x00, 0x00, 0x00, 0x00, 0x00, 0x00, 0x00, 0x00, 0x00, 0x00, 0x00, 0x00, 0x00, 0x00,
    0x0f, 0xff, 0xff, 0xf0, 0x0f, 0xff, 0xff, 0xf0, 0x0f, 0xff, 0xff, 0xf0, 0x0f, 0xff, 0xff, 0xf0,
    0x00, 0x00, 0x00, 0xf0, 0x00, 0x00, 0x01, 0xf0, 0x00, 0x00, 0x03, 0xe0, 0x00, 0x00, 0x07, 0xc0,
    0x00, 0x00, 0x0f, 0x80, 0x00, 0x00, 0x1f, 0x00, 0x00, 0x00, 0x3e, 0x00, 0x00, 0x00, 0x7c, 0x00,
    0x00, 0x00, 0xf8, 0x00, 0x00, 0x01, 0xf0, 0x00, 0x00, 0x03, 0xe0, 0x00, 0x00, 0x07, 0xc0, 0x00,
    0x00, 0x0f, 0x80, 0x00, 0x00, 0x1f, 0x00, 0x00, 0x00, 0x3e, 0x00, 0x00, 0x00, 0x7c, 0x00, 0x00,
    0x00, 0xf8, 0x00, 0x00, 0x01, 0xf0, 0x00, 0x00, 0x03, 0xe0, 0x00, 0x00, 0x07, 0xc0, 0x00, 0x00,
    0x0f, 0xff, 0xff, 0xf0, 0x0f, 0xff, 0xff, 0xf0, 0x0f, 0xff, 0xff, 0xf0, 0x0f, 0xff, 0xff, 0xf0,
    0x00, 0x00, 0x00, 0x00, 0x00, 0x00, 0x00, 0x00, 0x00, 0x00, 0x00, 0x00, 0x00, 0x00, 0x00, 0x00,
    0x00, 0x00, 0x00, 0x00, 0x00, 0x00, 0x00, 0x00, 0x00, 0x00, 0x00, 0x00, 0x00, 0x00, 0x00, 0x00,
    0x00, 0x00, 0x00, 0x00, 0x00, 0x00, 0x00, 0x00, 0x00, 0x00, 0x00, 0x00, 0x00, 0x00, 0x00, 0x00,
    0x00, 0x00, 0x00, 0x00, 0x00, 0x00, 0x00, 0x00, 0x00, 0x00, 0x00, 0x00, 0x00, 0x00, 0x00, 0x00,
    0x00, 0x00, 0x7f, 0xf0, 0x00, 0x01, 0xff, 0xf0, 0x00, 0x03, 0xff, 0xf0, 0x00, 0x07, 0xff, 0xf0,
    0x00, 0x07, 0xc0, 0x00, 0x00, 0x0f, 0x80, 0x00, 0x00, 0x0f, 0x00, 0x00, 0x00, 0x0f, 0x00, 0x00,
    0x00, 0x0f, 0x00, 0x00, 0x00, 0x0f, 0x00, 0x00, 0x00, 0x0f, 0x00, 0x00, 0x00, 0x0f, 0x00, 0x00,
    0x00, 0x0f, 0x00, 0x00, 0x00, 0x0f, 0x00, 0x00, 0x00, 0x0f, 0x00, 0x00, 0x00, 0x0f, 0x00, 0x00,
    0x00, 0x0f, 0x00, 0x00, 0x00, 0x0f, 0x00, 0x00, 0x00, 0x0f, 0x00, 0x00, 0x00, 0x0f, 0x00, 0x00,
    0x00, 0x0f, 0x00, 0x00, 0x00, 0x1f, 0x00, 0x00, 0x00, 0x3f, 0x00, 0x00, 0x00, 0x7e, 0x00, 0x00,
    0x0f, 0xfc, 0x00, 0x00, 0x0f, 0xf8, 0x00, 0x00, 0x0f, 0xf0, 0x00, 0x00, 0x0f, 0xf0, 0x00, 0x00,
    0x0f, 0xf0, 0x00, 0x00, 0x0f, 0xf0, 0x00, 0x00, 0x0f, 0xf8, 0x00, 0x00, 0x0f, 0xfc, 0x00, 0x00,
    0x00, 0x7e, 0x00, 0x00, 0x00, 0x3f, 0x00, 0x00, 0x00, 0x1f, 0x00, 0x00, 0x00, 0x0f, 0x00, 0x00,
    0x00, 0x0f, 0x00, 0x00, 0x00, 0x0f, 0x00, 0x00, 0x00, 0x0f, 0x00, 0x00, 0x00, 0x0f, 0x00, 0x00,
    0x00, 0x0f, 0x00, 0x00, 0x00, 0x0f, 0x00, 0x00, 0x00, 0x0f, 0x00, 0x00, 0x00, 0x0f, 0x00, 0x00,
    0x00, 0x0f, 0x00, 0x00, 0x00, 0x0f, 0x00, 0x00, 0x00, 0x0f, 0x00, 0x00, 0x00, 0x0f, 0x00, 0x00,
    0x00, 0x0f, 0x00, 0x00, 0x00, 0x0f, 0x00, 0x00, 0x00, 0x0f, 0x80, 0x00, 0x00, 0x07, 0xc0, 0x00,
    0x00, 0x07, 0xff, 0xf0, 0x00, 0x03, 0xff, 0xf0, 0x00, 0x01, 0xff, 0xf0, 0x00, 0x00, 0x7f, 0xf0,
    0x00, 0x00, 0x00, 0x00, 0x00, 0x00, 0x00, 0x00, 0x00, 0x00, 0x00, 0x00, 0x00, 0x00, 0x00, 0x00,
    0x00, 0x00, 0x00, 0x00, 0x00, 0x00, 0x00, 0x00, 0x00, 0x00, 0x00, 0x00, 0x00, 0x00, 0x00, 0x00,
    0x00, 0x00, 0x00, 0x00, 0x00, 0x00, 0x00, 0x00, 0x00, 0x00, 0x00, 0x00, 0x00, 0x00, 0x00, 0x00,
    0x00, 0x03, 0xc0, 0x00, 0x00, 0x03, 0xc0, 0x00, 0x00, 0x03, 0xc0, 0x00, 0x00, 0x03, 0xc0, 0x00,
    0x00, 0x03, 0xc0, 0x00, 0x00, 0x03, 0xc0, 0x00, 0x00, 0x03, 0xc0, 0x00, 0x00, 0x03, 0xc0, 0x00,
    0x00, 0x03, 0xc0, 0x00, 0x00, 0x03, 0xc0, 0x00, 0x00, 0x03, 0xc0, 0x00, 0x00, 0x03, 0xc0, 0x00,
    0x00, 0x03, 0xc0, 0x00, 0x00, 0x03, 0xc0, 0x00, 0x00, 0x03, 0xc0, 0x00, 0x00, 0x03, 0xc0, 0x00,
    0x00, 0x03, 0xc0, 0x00, 0x00, 0x03, 0xc0, 0x00, 0x00, 0x03, 0xc0, 0x00, 0x00, 0x03, 0xc0, 0x00,
    0x00, 0x03, 0xc0, 0x00, 0x00, 0x03, 0xc0, 0x00, 0x00, 0x03, 0xc0, 0x00, 0x00, 0x03, 0xc0, 0x00,
    0x00, 0x03, 0xc0, 0x00, 0x00, 0x03, 0xc0, 0x00, 0x00, 0x03, 0xc0, 0x00, 0x00, 0x03, 0xc0, 0x00,
    0x00, 0x03, 0xc0, 0x00, 0x00, 0x03, 0xc0, 0x00, 0x00, 0x03, 0xc0, 0x00, 0x00, 0x03, 0xc0, 0x00,
    0x00, 0x03, 0xc0, 0x00, 0x00, 0x03, 0xc0, 0x00, 0x00, 0x03, 0xc0, 0x00, 0x00, 0x03, 0xc0, 0x00,
    0x00, 0x03, 0xc0, 0x00, 0x00, 0x03, 0xc0, 0x00, 0x00, 0x03, 0xc0, 0x00, 0x00, 0x03, 0xc0, 0x00,
    0x00, 0x03, 0xc0, 0x00, 0x00, 0x03, 0xc0, 0x00, 0x00, 0x03, 0xc0, 0x00, 0x00, 0x03, 0xc0, 0x00,
    0x00, 0x03, 0xc0, 0x00, 0x00, 0x03, 0xc0, 0x00, 0x00, 0x03, 0xc0, 0x00, 0x00, 0x03, 0xc0, 0x00,
    0x00, 0x00, 0x00, 0x00, 0x00, 0x00, 0x00, 0x00, 0x00, 0x00, 0x00, 0x00, 0x00, 0x00, 0x00, 0x00,
    0x00, 0x00, 0x00, 0x00, 0x00, 0x00, 0x00, 0x00, 0x00, 0x00, 0x00, 0x00, 0x00, 0x00, 0x00, 0x00,
    0x00, 0x00, 0x00, 0x00, 0x00, 0x00, 0x00, 0x00, 0x00, 0x00, 0x00, 0x00, 0x00, 0x00, 0x00, 0x00,
    0x0f, 0xfe, 0x00, 0x00, 0x0f, 0xff, 0x80, 0x00, 0x0f, 0xff, 0xc0, 0x00, 0x0f, 0xff, 0xe0, 0x00,
    0x00, 0x03, 0xe0, 0x00, 0x00, 0x01, 0xf0, 0x00, 0x00, 0x00, 0xf0, 0x00, 0x00, 0x00, 0xf0, 0x00,
    0x00, 0x00, 0xf0, 0x00, 0x00, 0x00, 0xf0, 0x00, 0x00, 0x00, 0xf0, 0x00, 0x00, 0x00, 0xf0, 0x00,
    0x00, 0x00, 0xf0, 0x00, 0x00, 0x00, 0xf0, 0x00, 0x00, 0x00, 0xf0, 0x00, 0x00, 0x00, 0xf0, 0x00,
    0x00, 0x00, 0xf0, 0x00, 0x00, 0x00, 0xf0, 0x00, 0x00, 0x00, 0xf0, 0x00, 0x00, 0x00, 0xf0, 0x00,
    0x00, 0x00, 0xf0, 0x00, 0x00, 0x00, 0xf8, 0x00, 0x00, 0x00, 0xfc, 0x00, 0x00, 0x00, 0x7e, 0x00,
    0x00, 0x00, 0x3f, 0xf0, 0x00, 0x00, 0x1f, 0xf0, 0x00, 0x00, 0x0f, 0xf0, 0x00, 0x00, 0x0f, 0xf0,
    0x00, 0x00, 0x0f, 0xf0, 0x00, 0x00, 0x0f, 0xf0, 0x00, 0x00, 0x1f, 0xf0, 0x00, 0x00, 0x3f, 0xf0,
    0x00, 0x00, 0x7e, 0x00, 0x00, 0x00, 0xfc, 0x00, 0x00, 0x00, 0xf8, 0x00, 0x00, 0x00, 0xf0, 0x00,
    0x00, 0x00, 0xf0, 0x00, 0x00, 0x00, 0xf0, 0x00, 0x00, 0x00, 0xf0, 0x00, 0x00, 0x00, 0xf0, 0x00,
    0x00, 0x00, 0xf0, 0x00, 0x00, 0x00, 0xf0, 0x00, 0x00, 0x00, 0xf0, 0x00, 0x00, 0x00, 0xf0, 0x00,
    0x00, 0x00, 0xf0, 0x00, 0x00, 0x00, 0xf0, 0x00, 0x00, 0x00, 0xf0, 0x00, 0x00, 0x00, 0xf0, 0x00,
    0x00, 0x00, 0xf0, 0x00, 0x00, 0x00, 0xf0, 0x00, 0x00, 0x01, 0xf0, 0x00, 0x00, 0x03, 0xe0, 0x00,
    0x0f, 0xff, 0xe0, 0x00, 0x0f, 0xff, 0xc0, 0x00, 0x0f, 0xff, 0x80, 0x00, 0x0f, 0xfe, 0x00, 0x00,
    0x00, 0x00, 0x00, 0x00, 0x00, 0x00, 0x00, 0x00, 0x00, 0x00, 0x00, 0x00, 0x00, 0x00, 0x00, 0x00,
    0x00, 0x00, 0x00, 0x00, 0x00, 0x00, 0x00, 0x00, 0x00, 0x00, 0x00, 0x00, 0x00, 0x00, 0x00, 0x00,
    0x00, 0x00, 0x00, 0x00, 0x00, 0x00, 0x00, 0x00, 0x00, 0x00, 0x00, 0x00, 0x00, 0x00, 0x00, 0x00,
    0x00, 0x00, 0x00, 0x00, 0x00, 0x00, 0x00, 0x00, 0x00, 0x00, 0x00, 0x00, 0x00, 0x00, 0x00, 0x00,
    0x00, 0x00, 0x00, 0x00, 0x00, 0x00, 0x00, 0x00, 0x00, 0x00, 0x00, 0x00, 0x00, 0x00, 0x00, 0x00,
    0x00, 0x00, 0x00, 0x00, 0x00, 0x00, 0x00, 0x00, 0x00, 0x00, 0x00, 0x00, 0x00, 0x00, 0x00, 0x00,
    0x00, 0x00, 0x00, 0x00, 0x00, 0x00, 0x00, 0x00, 0x00, 0x00, 0x00, 0x00, 0x00, 0x00, 0x00, 0x00,
    0x00, 0x00, 0x00, 0x00, 0x00, 0x00, 0x00, 0x00, 0x00, 0x00, 0x00, 0x00, 0x00, 0x00, 0x00, 0x00,
    0x00, 0x78, 0x00, 0xf0, 0x01, 0xfe, 0x00, 0xf0, 0x03, 0xff, 0x00, 0xf0, 0x07, 0xff, 0x80, 0xf0,
    0x0f, 0xcf, 0xc1, 0xf0, 0x0f, 0x87, 0xe3, 0xf0, 0x0f, 0x03, 0xff, 0xe0, 0x0f, 0x01, 0xff, 0xc0,
    0x0f, 0x00, 0xff, 0x80, 0x0f, 0x00, 0x3e, 0x00, 0x00, 0x00, 0x00, 0x00, 0x00, 0x00, 0x00, 0x00,
    0x00, 0x00, 0x00, 0x00, 0x00, 0x00, 0x00, 0x00, 0x00, 0x00, 0x00, 0x00, 0x00, 0x00, 0x00, 0x00,
    0x00, 0x00, 0x00, 0x00, 0x00, 0x00, 0x00, 0x00, 0x00, 0x00, 0x00, 0x00, 0x00, 0x00, 0x00, 0x00,
    0x00, 0x00, 0x00, 0x00, 0x00, 0x00, 0x00, 0x00, 0x00, 0x00, 0x00, 0x00, 0x00, 0x00, 0x00, 0x00,
    0x00, 0x00, 0x00, 0x00, 0x00, 0x00, 0x00, 0x00, 0x00, 0x00, 0x00, 0x00, 0x00, 0x00, 0x00, 0x00,
    0x00, 0x00, 0x00, 0x00, 0x00, 0x00, 0x00, 0x00, 0x00, 0x00, 0x00, 0x00, 0x00, 0x00, 0x00, 0x00,
    0x00, 0x00, 0x00, 0x00, 0x00, 0x00, 0x00, 0x00, 0x00, 0x00, 0x00, 0x00, 0x00, 0x00, 0x00, 0x00,
};

const font_info_t FONTS[FONT_COUNT] = {
    [FONT_6X12] = { 6, 12, 1, font_6x12_data },
    [FONT_8X16] = { 8, 16, 1, font_8x16_data },
    [FONT_12X24] = { 12, 24, 2, font_12x24_data },
    [FONT_16X32] = { 16, 32, 2, font_16x32_data },
    [FONT_32X64] = { 32, 64, 4, font_32x64_data },
};
